pl_name,pl_orbper,pl_rade,pl_radeerr1,tran_flag,discoverymethod,disc_facility,st_teff,sy_vmag,sy_dist
HD 2039 b,1120.0,12.7,,0,Radial Velocity,Anglo-Australian Telescope,5945.0,9.0,85.6922
HAT-P-8 b,3.07634,15.6926,1.45717,1,Transit,HATNet,6200.0,10.358,211.553
K2-43 b,3.471149,4.51,0.44,1,Transit,K2,3840.6,15.748,182.536
Kepler-1753 b,16.00460052,2.22678077,,1,Transit,Kepler,5180.0,15.59,707.688
Kepler-1176 b,24.1738579,2.45,0.63,1,Transit,Kepler,5844.0,15.27,864.699
K2-126 b,7.385655,1.97,0.12,1,Transit,K2,4339.0,12.759,102.953
Kepler-1263 b,4.55139967,1.14,0.28,1,Transit,Kepler,5213.0,15.173,664.83
Kepler-1416 b,1.49514952,0.88,0.33,1,Transit,Kepler,6019.0,14.369,949.59
Kepler-1542 c,2.89223021,0.65,0.09,1,Transit,Kepler,5564.0,12.734,399.114
K2-85 b,0.68453862616,1.4,0.2,1,Transit,K2,4232.0,12.416,97.2179
Kepler-368 c,72.379334,3.88,1.08,1,Transit,Kepler,5502.0,12.946,770.978
K2-123 b,30.951524,2.76,0.16,1,Transit,K2,4035.0,14.781,161.555
Kepler-770 b,18.92540274,2.3,0.32,1,Transit,Kepler,5598.0,14.852,930.457
Kepler-1399 b,1.638653058,1.25,0.22,1,Transit,Kepler,5735.0,15.572,1385.7
Kepler-723 b,4.082275068,12.19,1.58,1,Transit,Kepler,5539.0,15.452,1071.8
K2-107 b,3.313959,15.98,0.55,1,Transit,K2,6061.0,13.012,685.2
K2-45 b,1.7292684,6.71,0.0,1,Transit,K2,4103.0,15.746,495.317
K2-365 b,23.448172,2.906,0.195,1,Transit,K2,5561.0,11.372,187.222
K2-127 b,3.588163,8.37,0.33,1,Transit,K2,4575.0,15.041,709.999
K2-195 b,15.852975,3.13,0.12,1,Transit,K2,5713.0,12.524,315.014
K2-80 c,5.605,1.47,0.23,1,Transit,K2,5441.0,12.694,200.802
K2-229 c,8.32727,2.03,0.12,1,Transit,K2,5315.0,10.985,102.564
HAT-P-3 b,2.8997,10.53646,0.78463,1,Transit,HATNet,5185.0,11.856,134.554
WASP-32 b,2.71866,10.76064,1.68135,1,Transit,SuperWASP,6140.0,11.257,275.994
WASP-24 b,2.34121,15.46842,1.79344,1,Transit,SuperWASP,6075.0,11.219,322.114
Kepler-65 c,5.859944,2.58,0.06,1,Transit,Kepler,6211.0,10.922,303.728
TrES-2 b,2.47063,15.24424,0.89672,1,Transit,TrES,5850.0,11.254,215.32
Kepler-939 b,14.878296,1.75,0.31,1,Transit,Kepler,5471.0,15.653,2093.62
Kepler-1028 b,2.51462432,1.33,0.15,1,Transit,Kepler,5522.0,14.611,607.916
HAT-P-67 b,4.8101069,23.9872187,0.28022452,1,Transit,HATNet,6640.0,10.106,371.686
Kepler-1101 b,81.3151059,2.47,0.37,1,Transit,Kepler,5614.0,15.156,742.473
Kepler-1388 b,12.2854603,2.59,0.13,1,Transit,Kepler,4098.0,16.43,453.795
Kepler-768 b,11.3910025,1.79,0.2,1,Transit,Kepler,5108.0,15.969,784.56
Kepler-796 b,6.40087618,1.3,0.36,1,Transit,Kepler,5475.0,13.175,817.584
Kepler-110 b,12.691112,1.83,0.36,1,Transit,Kepler,5960.0,13.003,586.531
Kepler-1042 b,10.13202575,2.19,0.11,1,Transit,Kepler,4815.0,16.004,659.0
Kepler-334 c,12.758005,1.43,0.26,1,Transit,Kepler,5828.0,12.834,426.59
Kepler-937 b,67.668827,3.72,1.29,1,Transit,Kepler,6095.0,15.405,1571.46
Kepler-1117 b,4.79028459,1.11,0.17,1,Transit,Kepler,5612.0,14.15,568.487
Kepler-1789 b,80.23190308,2.83137505,,1,Transit,Kepler,5436.0,14.449,611.461
Kepler-1831 b,5.78387022,1.97019818,,1,Transit,Kepler,6063.0,15.158,1053.49
Kepler-1245 b,4.35409304,1.44,0.12,1,Transit,Kepler,5306.0,15.582,805.936
Kepler-114 b,5.188549,1.26,0.13,1,Transit,Kepler,4605.0,13.961,259.533
Kepler-1105 b,4.421572182,2.01,0.06,1,Transit,Kepler,4299.0,15.315,318.004
Kepler-187 b,4.938864,1.41,0.28,1,Transit,Kepler,6105.0,14.297,1143.0
Kepler-1379 b,0.881841146,1.3,0.12,1,Transit,Kepler,5188.0,16.107,971.325
Kepler-304 c,5.315946,2.17,0.15,1,Transit,Kepler,4731.0,15.065,434.684
Kepler-1291 b,8.63043276,1.66,0.1,1,Transit,Kepler,5216.0,16.261,897.352
Kepler-304 e,1.499146953,1.2,0.06,1,Transit,Kepler,4817.0,15.065,434.684
Kepler-461 b,8.313783059,2.58,0.07,1,Transit,Kepler,5634.0,13.457,692.158
Kepler-1894 b,2.762660027,1.20117759,,1,Transit,Kepler,5772.0,15.452,935.191
Kepler-576 b,29.91136794,3.27,0.84,1,Transit,Kepler,5672.0,14.627,617.55
Kepler-1893 b,4.179369926,1.70557445,,1,Transit,Kepler,5633.0,15.152,1050.72
Kepler-1601 b,2.20921951,0.82,0.24,1,Transit,Kepler,5869.0,13.842,644.456
Kepler-1922 b,13.22259998,2.29064904,,1,Transit,Kepler,5931.0,15.388,1344.29
HD 80653 b,0.71957926,1.621,0.054,1,Transit,K2,5959.0,9.452,109.86
Kepler-1542 d,5.99273738,0.87,0.12,1,Transit,Kepler,5564.0,12.734,399.114
Kepler-666 b,4.49876092,2.4,0.58,1,Transit,Kepler,5887.0,15.422,1508.71
Kepler-211 c,6.04045,1.29,0.09,1,Transit,Kepler,5123.0,13.448,309.353
Kepler-203 c,5.370647,2.47,0.47,1,Transit,Kepler,5821.0,14.14,703.302
GJ 674 b,4.6938,3.33,,0,Radial Velocity,La Silla Observatory,3600.0,9.38,4.54896
OGLE-TR-182 b,3.9791,12.666,2.69,1,Transit,OGLE,5924.0,16.9195,2501.75
HD 69830 c,31.56,3.46,,0,Radial Velocity,La Silla Observatory,5385.0,5.96004,12.5591
GJ 3021 b,133.71,13.1,,0,Radial Velocity,La Silla Observatory,5540.0,6.59,17.5559
HD 221287 b,456.1,13.1,,0,Radial Velocity,La Silla Observatory,6304.0,7.82,55.9231
HD 47536 b,712.13,12.6,,0,Radial Velocity,La Silla Observatory,4380.0,5.25,122.536
HD 107148 b,48.056,9.6,,0,Radial Velocity,W. M. Keck Observatory,5797.0,8.01,49.4156
HD 179949 b,3.092514,13.9,,0,Radial Velocity,Anglo-Australian Telescope,6168.0,6.25,27.4573
HD 188015 b,461.2,13.6,,0,Radial Velocity,W. M. Keck Observatory,5746.0,8.24,50.6706
HD 27442 b,428.1,13.5,,0,Radial Velocity,Anglo-Australian Telescope,4846.0,4.44,18.2704
HD 46375 b,3.023573,10.0,,0,Radial Velocity,W. M. Keck Observatory,5285.0,7.91,29.5529
HAT-P-2 b,5.6335158,10.659759,0.437151,1,Transit,HATNet,6380.0,8.72,127.774
HD 109749 b,5.239891,11.1,,0,Radial Velocity,W. M. Keck Observatory,5824.0,8.08,63.0821
HD 149143 b,4.07182,13.6,,0,Radial Velocity,Haute-Provence Observatory,5856.0,7.89,73.2801
HD 224693 b,26.6904,14.0,,0,Radial Velocity,W. M. Keck Observatory,5894.0,8.23,93.5015
HD 231701 b,141.63,13.7,,0,Radial Velocity,W. M. Keck Observatory,6101.0,8.97,108.877
HIP 14810 b,6.673892,13.0,,0,Radial Velocity,W. M. Keck Observatory,5544.0,8.520001,50.48
HIP 14810 d,981.8,14.1,,0,Radial Velocity,W. M. Keck Observatory,5544.0,8.520001,50.48
HD 207832 b,160.07,14.2,,0,Radial Velocity,W. M. Keck Observatory,5726.0,8.78,58.9291
HD 37605 c,2720.0,13.1,,0,Radial Velocity,Multiple Observatories,5329.0,8.67,46.7864
HD 1605 c,2149.0,13.0,,0,Radial Velocity,Multiple Observatories,4915.0,7.52,88.8047
HD 55696 b,1827.0,12.9,,0,Radial Velocity,W. M. Keck Observatory,6012.0,7.95,77.9693
HD 148164 c,5062.0,12.8,,0,Radial Velocity,W. M. Keck Observatory,6032.0,8.23,77.1971
HD 211810 b,1558.0,14.0,,0,Radial Velocity,W. M. Keck Observatory,5652.0,8.59,64.6353
HD 221416 b,14.2767,9.17,0.34,1,Transit,Transiting Exoplanet Survey Satellite (TESS),5080.0,8.15,95.5483
Kepler-595 c,12.38602,1.009,0.024,1,Transit,Kepler,5138.5,15.067,643.009
Kepler-595 b,25.3029092,3.708,0.01,1,Transit,Kepler,5138.5,15.067,643.009
PSR B1257+12 b,25.262,0.338,,0,Pulsar Timing,Arecibo Observatory,,,600.0
PSR B1257+12 c,66.5419,1.91,,0,Pulsar Timing,Arecibo Observatory,,,600.0
OGLE-TR-211 b,3.67724,15.244,2.018,1,Transit,OGLE,6325.0,15.364,1515.26
Lupus-TR-3 b,3.91405,9.976,0.785,1,Transit,Multiple Observatories,5000.0,19.6202,773.409
WASP-21 b,4.322482,11.99,0.56,1,Transit,SuperWASP,5800.0,11.59,258.426
CoRoT-10 b,13.2406,10.87,0.78,1,Transit,CoRoT,5075.0,15.293,338.386
CoRoT-12 b,2.828042,16.14,1.46,1,Transit,CoRoT,5675.0,15.588,1126.37
CoRoT-13 b,4.03519,9.92,0.157,1,Transit,CoRoT,5945.0,15.005,1148.93
HD 285968 b,8.7836,2.83,,0,Radial Velocity,La Silla Observatory,3703.49,9.95,9.47045
HD 205739 b,279.8,13.6,,0,Radial Velocity,Las Campanas Observatory,6176.0,8.56,92.5087
CoRoT-3 b,4.2568,11.32,0.78,1,Transit,CoRoT,6740.0,13.448,768.771
HD 16417 b,17.24,5.0,,0,Radial Velocity,Anglo-Australian Telescope,5841.0,5.78,25.3936
HD 9446 b,30.052,14.0,,0,Radial Velocity,Haute-Provence Observatory,5793.0,8.35,50.3503
Kepler-4 b,3.21346,4.002,0.213,1,Transit,Kepler,5857.0,12.285,487.916
GJ 876 c,30.0881,14.0,,0,Radial Velocity,Multiple Observatories,3293.74,10.16,4.67517
HIP 79431 b,111.7,13.4,,0,Radial Velocity,W. M. Keck Observatory,3191.0,11.394,14.5324
TOI-907.01,4.5849129,9.6158851,0.6116279,1,Transit,Transiting Exoplanet Survey Satellite (TESS),6272.0,10.394,312.529
WASP-31 b,3.4059096,17.363,0.56,1,Transit,SuperWASP,6302.0,11.658,383.829
24 Sex b,452.8,13.4,,0,Radial Velocity,Lick Observatory,5098.0,6.4535,72.0691
WASP-37 b,3.577469,13.002,0.785,1,Transit,SuperWASP,5800.0,12.815,392.791
Kepler-9 d,1.592851,1.64,0.19,1,Transit,Kepler,5777.0,13.922,628.257
KOI-217 b,3.90512,12.442,0.224,1,Transit,Kepler,5545.0,15.257,914.699
HD 90156 b,49.77,4.43,,0,Radial Velocity,La Silla Observatory,5599.0,6.92,21.9496
HD 177830 c,110.9,7.87,,0,Radial Velocity,W. M. Keck Observatory,4949.0,7.18,62.7674
ups And b,4.617033,14.0,,0,Radial Velocity,Lick Observatory,6156.77,4.09565,13.4054
ups And d,1276.46,12.5,,0,Radial Velocity,Multiple Observatories,6156.77,4.09565,13.4054
Kepler-1737 b,64.61750031,5.395,,1,Transit,Kepler,5043.0,15.498,
K2-269 b,4.144965,1.57,0.12,1,Transit,K2,6209.0,11.784,360.76
TOI-1249 b,13.079151,3.2710301,0.30687428,1,Transit,Transiting Exoplanet Survey Satellite (TESS),5497.0,11.089,139.49
Kepler-106 d,23.9802,0.95,0.13,1,Transit,Kepler,5858.0,12.923,444.322
Kepler-1031 b,1.22621732,0.87,0.21,1,Transit,Kepler,6011.0,13.877,682.882
CD-35 2722 B b,171.11,13.9,,0,Radial Velocity,Paranal Observatory,1800.0,,
Kepler-948 b,7.76846622,1.85,0.32,1,Transit,Kepler,5679.0,14.811,868.017
WASP-61 b,3.8559,15.80469,2.46598,1,Transit,SuperWASP,6250.0,12.489,488.66
WASP-123 b,2.97764359,15.13212395,0.56044903,1,Transit,SuperWASP,5740.0,11.03,197.996
Kepler-1882 b,13.78730011,1.48674404,,1,Transit,Kepler,5691.0,12.516,443.371
KOI-984 b,4.2881785,4.3,0.05,1,Transit,Kepler,5295.0,12.795,252.667
Kepler-1573 b,2.6157554,1.2,0.23,1,Transit,Kepler,5808.0,15.304,1455.36
Kepler-802 b,40.0587473,3.54,0.47,1,Transit,Kepler,5507.0,15.01,780.585
Kepler-1440 b,39.859484,1.26,0.23,1,Transit,Kepler,5698.0,14.24,1115.35
WASP-130 b,11.55098,9.97601,0.33627,1,Transit,SuperWASP-South,5625.0,11.104,172.256
Kepler-949 b,8.689307296,2.91,0.36,1,Transit,Kepler,5403.0,14.718,486.105
Kepler-1964 b,2.440829992,1.7810587,,1,Transit,Kepler,4803.0,16.363,
Wolf 327 b,0.5734745,1.24,0.06,1,Transit,Transiting Exoplanet Survey Satellite (TESS),3542.0,13.018,28.5321
Kepler-62 f,267.291,1.41,0.07,1,Transit,Kepler,4925.0,13.965,300.874
TOI-5789 c,12.927748,2.86,0.18,1,Transit,Transiting Exoplanet Survey Satellite (TESS),5185.0,7.35063,20.4581
HATS-44 b,2.7439004,11.960003,1.401125,1,Transit,HATSouth,5080.0,14.397,446.035
Kepler-132 b,6.178196,1.21,0.24,1,Transit,Kepler,6003.0,11.922,349.549
Kepler-49 b,7.2,2.579,0.087,1,Transit,Kepler,4095.6,15.655,311.222
Kepler-218 c,44.699576,3.14,0.26,1,Transit,Kepler,5502.0,14.035,656.38
GJ 328 c,241.8,4.91,,0,Radial Velocity,Roque de los Muchachos Observatory,3897.0,9.99,20.5266
K2-212 b,9.795647,2.65,0.2,1,Transit,K2,4349.0,12.977,109.218
Qatar-8 b,3.71495,14.403565,0.246598,1,Transit,Qatar,5738.0,11.71,281.498
Kepler-74 b,7.340711,10.76,0.22,1,Transit,Kepler,6000.0,14.487,1177.55
PSR B0329+54 b,10140.0,1.22,,0,Pulsar Timing,Multiple Facilities,,20.8671,504.93312058
K2-140 b,6.569188,13.56286665,1.00880826,1,Transit,K2,5585.0,12.727,347.917
HD 184010 c,484.3,11.8,,0,Radial Velocity,Okayama Astrophysical Observatory,4971.0,5.88639,60.7993
EPIC 201595106 b,0.87724,1.565,0.079,1,Transit,K2,5679.0,11.746,232.1
TOI-1203 e,204.59,7.31,,0,Radial Velocity,La Silla Observatory,5737.0,8.59,64.9943
Kepler-1503 b,96.16987,2.27,0.19,1,Transit,Kepler,5069.0,15.892,1225.57
Kepler-1781 b,4.88752985,2.38091029,,1,Transit,Kepler,5568.0,15.713,962.63
Kepler-57 c,11.6,2.196,0.067,1,Transit,Kepler,5187.9,15.017,644.14
Kepler-1124 b,2.852348975,1.28,0.12,1,Transit,Kepler,3658.0,16.745,289.899
Kepler-1581 b,6.28385491,0.8,0.14,1,Transit,Kepler,6022.0,12.442,493.175
K2-136 c,17.30723,3.0,0.13,1,Transit,K2,4500.0,11.101,59.2474
HD 39091 b,2088.8,12.3,,0,Radial Velocity,Anglo-Australian Telescope,5998.0,5.65,18.2702
LHS 1815 b,3.814334,1.088,0.064,1,Transit,Transiting Exoplanet Survey Satellite (TESS),3643.0,12.167,29.8424
Kepler-464 b,7.256965224,3.3,0.16,1,Transit,Kepler,5933.0,12.75,667.604
Kepler-1580 b,56.6449279,2.11,0.3,1,Transit,Kepler,6228.0,12.635,1002.02
Kepler-198 d,1.31184443,1.53,0.09,1,Transit,Kepler,5636.0,13.684,495.358
HD 50554 b,1240.0,12.8,,0,Radial Velocity,Lick Observatory,6050.0,6.8561,31.1664
HD 73267 c,17071.78045,12.8,,0,Radial Velocity,Multiple Observatories,5387.0,8.9,50.4093
Kepler-580 b,8.222419656,2.57,0.29,1,Transit,Kepler,4298.0,15.308,323.899
KOI-12 b,17.855182,13.78707,0.67254,1,Transit,Kepler,6635.0,11.51,399.398
Kepler-637 b,23.20584623,4.75,0.51,1,Transit,Kepler,6096.0,13.5,786.091
HD 29985 b,20608.14049,12.8,,0,Radial Velocity,Multiple Observatories,4678.0,9.98,31.2707
HD 165155 b,434.5,13.2,,0,Radial Velocity,Multiple Observatories,5426.0,9.36,63.3574
HD 22946 d,47.42489,2.607,0.06,1,Transit,Transiting Exoplanet Survey Satellite (TESS),6169.0,8.270001,62.7792
Kepler-1697 b,33.4969,1.25954761,,1,Transit,Kepler,4681.53,13.556,247.771
Kepler-674 b,2.243381847,1.69,0.1,1,Transit,Kepler,4192.0,15.569,342.254
Kepler-873 b,20.5533844,3.75,1.64,1,Transit,Kepler,6163.0,15.052,1182.22
Kepler-783 b,4.29264638,0.78,0.04,1,Transit,Kepler,5521.0,14.153,516.09
HD 31527 c,51.2053,3.85,,0,Radial Velocity,La Silla Observatory,5898.0,7.49,38.4473
Kepler-1955 b,14.26519966,1.16654878,,1,Transit,Kepler,5825.0,12.609,449.351
Kepler-1684 b,47.7055,2.87084792,,1,Transit,Kepler,4706.54,15.951,621.996
Kepler-322 c,4.337234,1.67,0.18,1,Transit,Kepler,5388.0,13.687,400.48
Qatar-5 b,2.8792319,12.408363,0.717376,1,Transit,Qatar,5747.0,12.614,367.658
Kepler-399 c,26.67569,1.43,0.77,1,Transit,Kepler,5502.0,14.686,740.537
DMPP-2 c,3.168,8.26,,0,Radial Velocity,Multiple Observatories,6500.0,8.57,137.94
TOI-1062 b,4.11296,2.265,0.096,1,Transit,Transiting Exoplanet Survey Satellite (TESS),5328.0,10.249,82.1733
TOI-1759 b,18.85019,3.14,0.1,1,Transit,Transiting Exoplanet Survey Satellite (TESS),4065.0,11.93,40.0654
TOI-2285 b,13.635109,1.77,0.12,1,Transit,Transiting Exoplanet Survey Satellite (TESS),3491.0,13.403,42.409
Kepler-546 b,4.147020258,7.0,1.93,1,Transit,Kepler,5967.0,14.325,1019.65
Kepler-682 b,12.611906672,7.37,0.77,1,Transit,Kepler,5559.0,15.556,1979.25
TOI-220 b,10.695264,3.03,0.15,1,Transit,Transiting Exoplanet Survey Satellite (TESS),5298.0,10.466,90.7402
TOI-5624 f,45.37,3.66,,0,Transit Timing Variations,Multiple Observatories,5327.0,10.81,101.913
Kepler-242 b,8.20395,2.61,1.6,1,Transit,Kepler,5020.0,15.489,600.241
Kepler-258 b,13.19722,4.06,2.71,1,Transit,Kepler,4942.0,15.49,575.988
TOI-4898 b,2.76520470167,3.7197954,0.31107066,1,Transit,Transiting Exoplanet Survey Satellite (TESS),4201.57,13.62,98.5958
Kepler-1292 b,3.27646405,1.82,0.29,1,Transit,Kepler,5556.0,16.337,1493.43
HD 128717 b,3420.0,12.1,,0,Astrometry,European Space Agency (ESA) Gaia Satellite,6210.0,8.32,73.636
TOI-3278 b,3.246456,13.89913607,0.44835923,1,Transit,Transiting Exoplanet Survey Satellite (TESS),5720.0,14.161,904.752
Kepler-103 b,15.9653287,3.4857,0.0567,1,Transit,Kepler,6047.0,11.883,494.832
TOI-4492 b,4.4331824,11.78063872,0.61649394,1,Transit,Transiting Exoplanet Survey Satellite (TESS),5711.0,10.324,143.184
pi Men d,124.64,3.72,,0,Radial Velocity,La Silla Observatory,5998.0,5.65,18.2702
Kepler-1058 b,110.96546,2.72,0.11,1,Transit,Kepler,4644.0,15.869,491.997
Kepler-160 b,4.309397,1.715,0.061,1,Transit,Kepler,5471.0,14.816,937.013
Kepler-1365 b,7.69993485,0.92,0.14,1,Transit,Kepler,5770.0,13.417,840.128
Kepler-346 c,23.851549,3.07,1.46,1,Transit,Kepler,6033.0,15.261,984.105
Kepler-1489 b,82.294751,1.77,0.23,1,Transit,Kepler,5655.0,14.983,1283.05
Kepler-1126 b,108.593329,1.73,0.21,1,Transit,Kepler,5798.0,14.221,635.736
Kepler-1914 b,30.82789993,2.9429803,,1,Transit,Kepler,5982.0,15.911,1621.56
HATS-43 b,4.3888497,13.22662,0.56045,1,Transit,HATSouth,5099.0,13.562,362.273
Kepler-685 b,1.6255222,10.58,3.06,1,Transit,Kepler,5963.0,15.186,938.715
Kepler-1303 b,7.56127224,1.42,0.35,1,Transit,Kepler,5771.0,14.854,897.783
Kepler-1016 b,1.954524342,2.18,0.37,1,Transit,Kepler,5821.0,15.531,1402.82
HIP 54373 c,15.144,3.57,,0,Radial Velocity,Las Campanas Observatory,4021.0,10.38,18.7168
L 363-38 b,8.781,2.0,,0,Radial Velocity,Paranal Observatory,3129.0,13.027,10.2295
HAT-P-46 b,4.463129,14.392,3.038,1,Transit,HATNet,6120.0,11.997,290.736
K2-396 c,25.76051,3.124,0.178,1,Transit,K2,5236.0,13.32,274.864
TOI-1107 b,4.0782387,14.57167491,0.56044903,1,Transit,Transiting Exoplanet Survey Satellite (TESS),6311.0,10.553,281.314
KOI-319 c,80.099,11.9,,0,Transit Timing Variations,Kepler,5880.0,12.675,660.138
Kepler-1992 b,15.6112238,0.91,0.09,1,Transit,Kepler,5383.0,13.79,532.955
Kepler-134 b,5.317429,2.0,0.39,1,Transit,Kepler,5983.0,12.318,334.797
TOI-912 b,4.6780691,1.93,0.13,1,Transit,Transiting Exoplanet Survey Satellite (TESS),3572.0,12.67,26.1072
TOI-913 b,11.098644,2.4528,0.1269,1,Transit,Transiting Exoplanet Survey Satellite (TESS),4969.0,10.452,65.1769
TOI-1105 b,10.86818410933,3.05823658,0.96295513,1,Transit,Transiting Exoplanet Survey Satellite (TESS),4678.46,11.329,79.5225
Kepler-559 b,17.58752333,3.61,0.64,1,Transit,Kepler,5630.0,14.863,776.708
WASP-34 b,4.31768,11.209,0.89672,1,Transit,SuperWASP,5700.0,10.285,132.096
Kepler-1426 b,14.2563227,1.56,0.33,1,Transit,Kepler,5831.0,15.464,1697.81
Kepler-156 b,4.973456,2.3,0.17,1,Transit,Kepler,5094.0,14.339,443.483
HATS-64 b,4.908897,18.819911,0.907929,1,Transit,HATSouth,6554.0,13.045,1080.15
Kepler-610 b,6.996926554,4.19,1.16,1,Transit,Kepler,5943.0,14.816,845.824
TOI-2322 c,20.225528,1.874,0.066,1,Transit,Transiting Exoplanet Survey Satellite (TESS),4664.0,10.912,59.861
TOI-2322 b,11.30717,0.994,0.057,1,Transit,Transiting Exoplanet Survey Satellite (TESS),4664.0,10.912,59.861
Kepler-524 c,1.88897906,0.96,0.08,1,Transit,Kepler,6014.0,14.082,1058.24
Kepler-398 c,11.419412,1.01,0.11,1,Transit,Kepler,4493.0,13.499,177.355
Kepler-1916 b,31.25429916,2.61757235,,1,Transit,Kepler,6246.0,15.779,2055.82
TIC 320419023 b,5.26375651589,2.77280763,0.32201188,1,Transit,Transiting Exoplanet Survey Satellite (TESS),5703.36,12.157,288.893
HD 108236 f,29.54115,2.017,0.052,1,Transit,CHaracterising ExOPlanets Satellite (CHEOPS),5660.0,9.25,64.5978
Kepler-1617 b,27.4785572,1.2,0.37,1,Transit,Kepler,6167.0,13.811,898.31
HD 206893 c,2290.0,16.36511182,2.01761653,0,Imaging,European Southern Observatory,6500.0,6.68804,40.7583
TOI-4527.01,0.3994445,0.9086617,0.953413,1,Transit,Transiting Exoplanet Survey Satellite (TESS),3702.0,10.917,18.1037
K2-255 b,1.96417,2.9,0.28,1,Transit,K2,4676.0,13.662,191.608
Kepler-1678 b,147.974,3.30422249,,1,Transit,Kepler,5754.0,15.02,847.339
HD 224018 b,10.6413,0.91,0.64,1,Radial Velocity,Roque de los Muchachos Observatory,5784.0,9.715,105.48
Kepler-1334 b,15.64591713,2.29,0.31,1,Transit,Kepler,5614.0,15.461,1223.04
Kepler-480 b,4.919583795,2.78,0.29,1,Transit,Kepler,6322.0,13.23,847.508
Kepler-1382 b,16.3583055,1.88,0.39,1,Transit,Kepler,6161.0,12.857,738.261
TOI-2068 b,7.768915,1.821,0.162,1,Transit,Transiting Exoplanet Survey Satellite (TESS),3710.0,13.007,52.9328
Kepler-1030 b,19.32952416,2.48,0.12,1,Transit,Kepler,4983.0,16.003,758.702
HD 153950 b,499.39999,13.2,,0,Radial Velocity,La Silla Observatory,6124.0,7.39,48.4549
CoRoT-11 b,2.99433,16.03,0.34,1,Transit,CoRoT,6440.0,12.897,655.037
WASP-74 b,2.13775,15.24424,1.1209,1,Transit,SuperWASP,5990.0,9.75,149.216
55 Cnc b,14.651552,13.9,,0,Radial Velocity,Lick Observatory,5198.0,5.95084,12.5855
K2-18 b,32.939623,2.37,0.22,1,Transit,K2,3457.0,13.477,38.0266
KELT-8 b,3.24406,18.15858,1.1209,1,Transit,KELT,5754.0,10.845,197.572
55 Cnc c,44.3936,8.51,,0,Radial Velocity,McDonald Observatory,5198.0,5.95084,12.5855
55 Cnc d,4799.0,13.0,,0,Radial Velocity,Lick Observatory,5198.0,5.95084,12.5855
55 Cnc e,0.7365474,1.875,0.029,1,Radial Velocity,McDonald Observatory,5172.0,5.95084,12.5855
55 Cnc f,260.58,7.59,,0,Radial Velocity,Multiple Observatories,5198.0,5.95084,12.5855
bet Pic b,8682.0,18.49485,0.67254,0,Imaging,Paranal Observatory,8038.68,3.85,19.7442
GJ 1214 b,1.580404531,2.733,0.033,1,Transit,MEarth Project,3101.0,15.1,14.6427
GJ 436 b,2.64388312,4.17,0.168,1,Radial Velocity,W. M. Keck Observatory,3586.11,10.67,9.75321
HAT-P-12 b,3.2130598,10.749,0.325,1,Transit,HATNet,4650.0,12.665,142.751
HAT-P-13 b,2.91625,14.258,0.729,1,Transit,HATNet,5653.0,10.421,246.81
HAT-P-13 c,446.27,12.3,,0,Radial Velocity,W. M. Keck Observatory,5653.0,10.421,246.81
HAT-P-14 b,4.62767,15.91678,1.34508,1,Transit,HATNet,6600.0,9.988,222.663
HAT-P-17 b,10.33852,11.76945,0.44836,1,Transit,HATNet,5246.0,10.375,92.3831
HAT-P-17 c,5584.0,13.1,,0,Radial Velocity,W. M. Keck Observatory,5336.96,10.375,92.3831
HAT-P-18 b,5.5080291,10.70457657,0.35868738,1,Transit,HATNet,4870.0,12.597,161.4
HAT-P-1 b,4.46529976,14.784671,0.212971,1,Transit,HATNet,5980.0,9.827,158.979
HAT-P-26 b,4.23452,7.06167,0.44836,1,Transit,HATNet,5079.0,11.757,141.837
HAT-P-30 b,2.8106,16.14096,1.68135,1,Transit,HATNet,6304.0,10.352,213.985
HAT-P-32 b,2.1500082,22.19382,0.504405,1,Transit,HATNet,6001.0,11.439,289.205
HD 149026 b,2.87589,8.29466,0.22418,1,Radial Velocity,Subaru Telescope,6179.0,8.15,75.8643
HD 189733 b,2.21857567,12.66617,0.11209,1,Radial Velocity,Haute-Provence Observatory,5052.0,7.67,19.7638
HD 209458 b,3.52474859,15.58051,0.22418,1,Radial Velocity,W. M. Keck Observatory,6091.0,7.65,48.3016
HD 80606 b,111.436765,11.56766808,0.16813471,1,Radial Velocity,Multiple Observatories,5565.0,9.06,66.4711
HD 86226 b,1628.0,14.3,,0,Radial Velocity,Las Campanas Observatory,5863.0,7.93,45.683
TrES-4 b,3.55395,18.04649,2.01762,1,Transit,TrES,6200.0,11.932,515.98
WASP-12 b,1.091418901,22.02564708,0.9863903,1,Transit,SuperWASP,6265.0,11.569,427.246
WASP-15 b,3.7521,15.80469,4.03524,1,Transit,SuperWASP,6300.0,10.972,282.091
WASP-17 b,3.73543,20.96083,2.69016,1,Transit,SuperWASP,6550.0,11.588,405.908
WASP-18 b,0.94145223,13.89913607,0.88550948,1,Transit,SuperWASP,6432.0,9.28,123.483
WASP-19 b,0.78883852,15.86070769,0.49319515,1,Transit,SuperWASP,5616.0,12.248,268.325
WASP-25 b,3.7648337,13.80946422,0.15692573,1,Transit,SuperWASP,5697.0,11.875,211.416
WASP-39 b,4.0552941,14.336311,0.44836,1,Transit,SuperWASP,5485.0,12.095,213.982
WASP-43 b,0.813475,10.424,0.785,1,Transit,SuperWASP,4400.0,12.305,86.7467
WASP-6 b,3.3610026,12.5428494,0.19055267,1,Transit,SuperWASP,5438.0,11.907,197.119
GJ 3470 b,3.3366496,4.57,0.18,1,Radial Velocity,La Silla Observatory,3600.0,12.332,29.4214
WASP-47 b,4.159151,12.86,0.1,1,Transit,SuperWASP,5565.0,11.936,264.78
WASP-63 b,4.37808,15.80469,1.56926,1,Transit,SuperWASP,5550.0,11.155,290.684
WASP-52 b,1.7497798,14.24,0.34,1,Transit,SuperWASP,5000.0,12.192,174.818
WASP-77 A b,1.360029395,13.56,0.22,1,Transit,SuperWASP,5617.0,10.294,105.166
WASP-80 b,3.06785234,11.197791,0.33627,1,Transit,SuperWASP,4143.0,11.841,49.7876
WASP-103 b,0.925542,17.127,0.818,1,Transit,SuperWASP,6110.0,12.402,375.647
WASP-96 b,3.4252602,13.45,0.67,1,Transit,SuperWASP,5540.0,12.569,352.464
WASP-94 A b,3.95019,17.71022,1.45717,1,Transit,SuperWASP,6170.0,10.051,211.211
WASP-94 B b,2.00839,14.1,,0,Radial Velocity,SuperWASP,6040.0,10.589,208.696
WASP-84 b,8.52349648,10.72,0.27,1,Transit,SuperWASP,5280.0,10.825,100.588
WASP-20 b,4.89964477,15.46839337,0.44835923,1,Transit,SuperWASP,5940.0,10.675,211.877
HATS-6 b,3.3252725,11.186582,0.212971,1,Transit,HATSouth,3724.0,15.044,169.318
KELT-7 b,2.73477,17.9344,0.67254,1,Transit,KELT,6768.0,8.56,136.681
K2-22 b,0.381073,2.3,0.1,1,Transit,K2,3879.0,15.565,243.836
WASP-47 d,9.030501,3.65,0.03,1,Transit,K2,5565.0,11.936,264.78
WASP-47 e,0.78961,1.83,0.02,1,Transit,K2,5565.0,11.936,264.78
GJ 1132 b,1.62892911,1.19151465,0.03811053,1,Transit,Cerro Tololo Inter-American Observatory,3229.0,13.68,12.613
WASP-76 b,1.80988198,20.78145022,0.86309151,1,Transit,SuperWASP,6329.0,9.518,194.459
KELT-4 A b,2.9895932,19.044091,0.515614,1,Transit,KELT,6206.0,9.98,218.05
TRAPPIST-1 b,1.510826,1.116,0.014,1,Transit,La Silla Observatory,2566.0,17.02,12.42988881
TRAPPIST-1 c,2.421937,1.097,0.014,1,Transit,La Silla Observatory,2566.0,17.02,12.42988881
TRAPPIST-1 d,4.049219,0.788,0.011,1,Transit,La Silla Observatory,2566.0,17.02,12.42988881
K2-34 b,2.9956348,13.75,0.58,1,Transit,K2,6168.0,11.447,348.646
WASP-121 b,1.27492504,19.52604438,0.06725388,1,Transit,SuperWASP,6628.0,10.514,269.898
HIP 41378 b,15.57209,2.64,0.022,1,Transit,K2,6290.0,8.93,106.289
HIP 41378 c,31.70591,2.74,0.043,1,Transit,K2,6290.0,8.93,106.289
HIP 41378 d,278.3618,3.65,0.029,1,Transit,K2,6290.0,8.93,106.289
HIP 41378 e,393.0,5.19,0.04,1,Transit,K2,6290.0,8.93,106.289
HIP 41378 f,542.0797,9.47,0.07,1,Transit,K2,6290.0,8.93,106.289
HD 3167 b,0.95965451,1.601,0.048,1,Transit,K2,5338.0,8.97,47.2899
HD 3167 c,29.846511,2.983,0.083,1,Transit,K2,5338.0,8.97,47.2899
HAT-P-65 b,2.60544751,18.05766791,0.26901554,1,Transit,HATNet,5872.0,13.121,738.519
WASP-131 b,5.3220125,13.74221034,0.41473229,1,Transit,SuperWASP-South,5990.0,10.068,200.075
WASP-139 b,5.924262,8.9672,0.56045,1,Transit,SuperWASP-South,5310.0,12.456,212.472
WASP-127 b,4.17806203,14.694999,0.280225,1,Transit,SuperWASP,5620.0,10.148,159.507
TRAPPIST-1 e,6.101013,0.92,0.013,1,Transit,Multiple Observatories,2566.0,17.02,12.42988881
TRAPPIST-1 f,9.20754,1.045,0.013,1,Transit,Multiple Observatories,2566.0,17.02,12.42988881
TRAPPIST-1 g,12.352446,1.129,0.015,1,Transit,Multiple Observatories,2566.0,17.02,12.42988881
TRAPPIST-1 h,18.772866,0.755,0.014,1,Transit,Multiple Observatories,2566.0,17.02,12.42988881
HD 106315 b,9.55237,2.44,0.17,1,Transit,K2,6327.0,8.951,109.353
HD 106315 c,21.05704,4.35,0.23,1,Transit,K2,6327.0,8.951,109.353
LHS 1140 b,24.73723,1.73,0.025,1,Transit,MEarth Project,3096.0,14.15,14.9861
KELT-11 b,4.73620865,15.13212395,1.12089807,1,Transit,KELT-South,5375.0,8.04,99.1596
KELT-9 b,1.4811235,21.70058664,0.52682209,1,Transit,KELT-North,9270.0,7.55,204.455
HD 3167 d,8.3967,2.61,,0,Radial Velocity,Multiple Observatories,5338.0,8.97,47.2899
WASP-107 b,5.7214875,10.48039695,0.25780656,1,Transit,SuperWASP-South,4425.0,11.592,64.7414
GJ 9827 b,1.208974,1.44,0.09,1,Transit,K2,4236.0,10.37,29.661
GJ 9827 c,3.648103,1.13,0.07,1,Transit,K2,4236.0,10.37,29.661
GJ 9827 d,6.20183,1.98,0.11,1,Transit,K2,4236.0,10.37,29.661
KELT-20 b,3.4741085,19.514869,0.773421,1,Transit,KELT-North,8720.0,7.59,136.426
K2-18 c,8.962,2.65,,0,Radial Velocity,La Silla Observatory,3457.0,13.477,38.0266
K2-141 b,0.2803244,1.51,0.05,1,Transit,K2,4570.0,11.454,61.8736
K2-141 c,7.7485,7.0,4.6,1,Transit,K2,4570.0,11.454,61.8736
K2-232 b,11.1684377,11.62371299,0.3474784,1,Transit,K2,6100.0,9.822,130.72
GJ 1132 c,8.929,1.52,,0,Radial Velocity,La Silla Observatory,3090.0,13.68,12.613
HAT-P-11 c,3361.0,13.2,,0,Radial Velocity,W. M. Keck Observatory,4653.0,9.46,37.7647
NGTS-2 b,4.511164,17.878355,0.526823,1,Transit,Next-Generation Transit Survey (NGTS),6478.0,10.789,356.391
WASP-164 b,1.7771255,12.643752,0.459569,1,Transit,SuperWASP-South,5806.0,12.603,327.506
LHS 1140 c,3.77794,1.272,0.026,1,Transit,Multiple Observatories,3096.0,14.15,14.9861
K2-287 b,14.893291,9.494023,0.145717,1,Transit,K2,5695.0,11.41,158.335
LHS 3844 b,0.462929709,1.286,0.043,1,Transit,Transiting Exoplanet Survey Satellite (TESS),3080.0,15.24,14.8846
HD 15337 b,4.7559804,1.77,0.032,1,Transit,Transiting Exoplanet Survey Satellite (TESS),5131.0,9.1,44.8155
HD 15337 c,17.180546,2.526,0.086,1,Transit,Transiting Exoplanet Survey Satellite (TESS),5131.0,9.1,44.8155
L 98-59 b,2.253114,0.837,0.019,1,Transit,Transiting Exoplanet Survey Satellite (TESS),3415.0,11.685,10.6194
L 98-59 c,3.6906764,1.329,0.029,1,Transit,Transiting Exoplanet Survey Satellite (TESS),3415.0,11.685,10.6194
L 98-59 d,7.450729,1.627,0.041,1,Transit,Transiting Exoplanet Survey Satellite (TESS),3415.0,11.685,10.6194
V1298 Tau b,24.140006,9.41,0.57,1,Transit,K2,4970.0,10.115,108.199
WASP-166 b,5.44354,7.06167,0.33627,1,Transit,WASP-South,6050.0,9.351,114.173
TOI-270 b,3.35992,1.28,0.05,1,Transit,Transiting Exoplanet Survey Satellite (TESS),3506.0,12.603,22.4793
TOI-270 c,5.66051,2.33,0.01,1,Transit,Transiting Exoplanet Survey Satellite (TESS),3506.0,12.603,22.4793
TOI-270 d,11.38194,2.0,0.05,1,Transit,Transiting Exoplanet Survey Satellite (TESS),3506.0,12.603,22.4793
GJ 357 b,3.9306,1.2,0.06,1,Transit,Transiting Exoplanet Survey Satellite (TESS),3505.0,10.91,9.44181
GJ 357 c,9.1247,1.66,,0,Radial Velocity,Multiple Observatories,3505.0,10.91,9.44181
GJ 357 d,55.661,2.34,,0,Radial Velocity,Multiple Observatories,3505.0,10.91,9.44181
LTT 1445 A b,5.3587635,1.34,0.11,1,Transit,Transiting Exoplanet Survey Satellite (TESS),3562.0,10.59,6.86929
bet Pic c,1202.0,12.5,,0,Radial Velocity,La Silla Observatory,8038.68,3.85,19.7442
WASP-178 b,3.3448285,20.28829,1.00881,1,Transit,WASP-South,9360.0,9.946,427.678
V1298 Tau c,8.249164,5.08,0.37,1,Transit,K2,4970.0,10.115,108.199
V1298 Tau d,12.401394,6.53,0.42,1,Transit,K2,4970.0,10.115,108.199
V1298 Tau e,48.677714,10.17,0.75,1,Transit,K2,4970.0,10.115,108.199
LP 791-18 b,0.9479981,1.212,0.059,1,Transit,Transiting Exoplanet Survey Satellite (TESS),2960.0,16.91,26.4927
LP 791-18 c,4.98991,2.488,0.096,1,Transit,Transiting Exoplanet Survey Satellite (TESS),2960.0,16.91,26.4927
TOI-125 b,4.65382,2.726,0.075,1,Transit,Transiting Exoplanet Survey Satellite (TESS),5320.0,11.023,111.059
TOI-125 c,9.15059,2.759,0.1,1,Transit,Transiting Exoplanet Survey Satellite (TESS),5320.0,11.023,111.059
L 168-9 b,1.40152604,1.63,0.14,1,Transit,Transiting Exoplanet Survey Satellite (TESS),3842.0,11.005,25.1496
TOI-125 d,19.98,2.93,0.17,1,Transit,Transiting Exoplanet Survey Satellite (TESS),5320.0,11.023,111.059
HATS-48 A b,3.1316666,8.9672,0.168135,1,Transit,HATSouth,4546.0,14.226,263.609
HATS-72 b,7.3279474,8.0973816,0.0358688,1,Transit,HATSouth,4656.1,12.324,127.589
NGTS-10 b,0.7668944,13.89913607,0.56044903,1,Transit,Next-Generation Transit Survey (NGTS),4567.0,14.506,324.69865036
TOI-1130 b,4.074554,3.66,0.03,1,Transit,Transiting Exoplanet Survey Satellite (TESS),4360.0,11.595,58.2609
TOI-1130 c,8.3501898,13.0,0.4,1,Transit,Transiting Exoplanet Survey Satellite (TESS),4360.0,11.595,58.2609
TOI-677 b,11.2365985,13.11450742,0.32506044,1,Transit,Transiting Exoplanet Survey Satellite (TESS),6295.0,9.822,141.812
LTT 3780 b,0.76837931,1.325,0.057,1,Transit,Transiting Exoplanet Survey Satellite (TESS),3358.0,13.14,21.9814
LTT 3780 c,12.252284,2.39,0.1,1,Transit,Transiting Exoplanet Survey Satellite (TESS),3358.0,13.14,21.9814
TOI-1338 b,95.4001,7.661,0.053,1,Transit,Transiting Exoplanet Survey Satellite (TESS),5723.2,11.722,399.017
AU Mic b,8.463446,4.79,0.29,1,Transit,Transiting Exoplanet Survey Satellite (TESS),3540.0,8.81,9.7221
WASP-148 b,8.803809,8.47398941,0.14571675,1,Transit,SuperWASP-North,5555.0,12.036,246.353
WASP-148 c,34.524,13.9,,0,Radial Velocity,Haute-Provence Observatory,5555.0,12.036,246.353
NGTS-11 b,35.45533,9.157753,0.313852,1,Transit,Transiting Exoplanet Survey Satellite (TESS),5050.0,12.456,190.422
TOI-849 b,0.765548,3.64,0.38,1,Transit,Transiting Exoplanet Survey Satellite (TESS),5257.0,11.981,225.734
TOI-700 b,9.97722,0.963,0.037,1,Transit,Transiting Exoplanet Survey Satellite (TESS),3459.0,13.151,31.1265
TOI-700 c,16.0511039,2.535,0.084,1,Transit,Transiting Exoplanet Survey Satellite (TESS),3459.0,13.151,31.1265
TOI-700 d,37.423457,1.145,0.032,1,Transit,Transiting Exoplanet Survey Satellite (TESS),3459.0,13.151,31.1265
TOI-1899 b,29.090312,11.09689089,0.33626942,1,Transit,Transiting Exoplanet Survey Satellite (TESS),3926.0,14.88,128.438
HD 86226 c,3.98442,2.16,0.08,1,Transit,Transiting Exoplanet Survey Satellite (TESS),5863.0,7.93,45.683
WD 1856+534 b,1.4079405,10.4,1.0,1,Transit,Transiting Exoplanet Survey Satellite (TESS),4710.0,17.244,24.7359
LTT 9779 b,0.792052,4.72,0.23,1,Transit,Transiting Exoplanet Survey Satellite (TESS),5443.0,9.79,80.4373
TOI-824 b,1.392978,2.926,0.202,1,Transit,Transiting Exoplanet Survey Satellite (TESS),4600.0,11.314,63.9262
TOI-421 b,5.197576,2.64,0.08,1,Transit,Transiting Exoplanet Survey Satellite (TESS),5291.0,9.931,74.7969
TOI-421 c,16.067541,5.09,0.07,1,Transit,Transiting Exoplanet Survey Satellite (TESS),5291.0,9.931,74.7969
GJ 3473 b,1.1980035,1.264,0.05,1,Transit,Transiting Exoplanet Survey Satellite (TESS),3347.0,13.74,27.3644
GJ 3473 c,15.509,2.63,,0,Radial Velocity,Multiple Observatories,3347.0,13.74,27.3644
WASP-107 c,1091.0,13.0,,0,Radial Velocity,Multiple Observatories,4425.0,11.592,64.7414
TOI-776 b,8.24662,1.798,0.078,1,Transit,Transiting Exoplanet Survey Satellite (TESS),3725.0,11.536,27.1701
TOI-776 c,15.665323,2.047,0.081,1,Transit,Transiting Exoplanet Survey Satellite (TESS),3725.0,11.536,27.1701
TOI-561 b,0.4465697,1.397,0.027,1,Transit,Transiting Exoplanet Survey Satellite (TESS),5342.0,10.252,85.799
TOI-561 c,10.778838,2.865,0.041,1,Transit,Transiting Exoplanet Survey Satellite (TESS),5342.0,10.252,85.799
TOI-561 d,25.71268,2.615,0.059,1,Transit,Transiting Exoplanet Survey Satellite (TESS),5342.0,10.252,85.799
TOI-561 e,77.144,2.517,0.045,1,Transit,Transiting Exoplanet Survey Satellite (TESS),5342.0,10.252,85.799
TOI-451 b,1.8587033,1.84,0.11,1,Transit,Transiting Exoplanet Survey Satellite (TESS),5490.0,10.939,123.739
TOI-451 c,9.192463,2.93,0.16,1,Transit,Transiting Exoplanet Survey Satellite (TESS),5490.0,10.939,123.739
TOI-451 d,16.364962,3.93,0.2,1,Transit,Transiting Exoplanet Survey Satellite (TESS),5490.0,10.939,123.739
TOI-178 b,1.9145601,1.2,0.041,1,Transit,Transiting Exoplanet Survey Satellite (TESS),4316.0,11.955,62.699
TOI-178 c,3.238486,1.754,0.032,1,Transit,Transiting Exoplanet Survey Satellite (TESS),4316.0,11.955,62.699
TOI-178 d,6.557569,2.695,0.041,1,Transit,Transiting Exoplanet Survey Satellite (TESS),4316.0,11.955,62.699
TOI-178 e,9.96318,2.301,0.038,1,Transit,Transiting Exoplanet Survey Satellite (TESS),4316.0,11.955,62.699
TOI-178 f,15.23335,2.417,0.041,1,Transit,Multiple Observatories,4316.0,11.955,62.699
TOI-178 g,20.71663,2.939,0.057,1,Transit,Transiting Exoplanet Survey Satellite (TESS),4316.0,11.955,62.699
GJ 486 b,1.46712127,1.289,0.019,1,Radial Velocity,Calar Alto Observatory,3317.0,11.39,8.07426
TOI-1231 b,24.245586,3.65,0.16,1,Transit,Transiting Exoplanet Survey Satellite (TESS),3553.0,12.36,27.6227
TOI-674 b,1.977143,5.25,0.17,1,Transit,Transiting Exoplanet Survey Satellite (TESS),3514.0,14.203,46.0851
TOI-1807 b,0.54937097,1.49681583,0.08089145,1,Transit,Transiting Exoplanet Survey Satellite (TESS),4914.0,10.0,42.5775
TOI-2076 b,10.35504,2.59,0.1,1,Transit,Transiting Exoplanet Survey Satellite (TESS),5187.0,9.139,41.9091
TOI-2076 c,21.01447,3.54,0.14,1,Transit,Transiting Exoplanet Survey Satellite (TESS),5187.0,9.139,41.9091
TOI-2076 d,35.12803,3.27,0.13,1,Transit,Transiting Exoplanet Survey Satellite (TESS),5187.0,9.139,41.9091
AU Mic c,18.859023,2.79,0.18,1,Transit,Transiting Exoplanet Survey Satellite (TESS),3540.0,8.81,9.7221
TOI-431 b,0.490047,1.28,0.04,1,Transit,Transiting Exoplanet Survey Satellite (TESS),4850.0,9.12,32.5686
TOI-431 c,4.8494,1.49,,0,Radial Velocity,La Silla Observatory,4850.0,9.12,32.5686
TOI-431 d,12.46103,3.29,0.09,1,Transit,Transiting Exoplanet Survey Satellite (TESS),4850.0,9.12,32.5686
L 98-59 e,12.8278,1.49,,0,Radial Velocity,Multiple Observatories,3415.0,11.685,10.6194
HD 63935 b,9.058807,2.91575244,0.09298372,1,Transit,Transiting Exoplanet Survey Satellite (TESS),5513.0,8.58,48.9739
HD 63935 c,21.4027,3.06451296,0.0880571,1,Radial Velocity,Multiple Observatories,5513.0,8.58,48.9739
GJ 367 b,0.3219226,0.736,0.035,1,Transit,Transiting Exoplanet Survey Satellite (TESS),3535.0,10.153,9.41263
TOI-2109 b,0.67247414,15.098497,0.52682209,1,Transit,Transiting Exoplanet Survey Satellite (TESS),6540.0,10.217,262.041
HATS-75 b,2.7886556,9.90873894,0.14571675,1,Transit,HATSouth,3790.4,15.689,194.964
LTT 1445 A c,3.1239035,1.147,0.055,1,Transit,Transiting Exoplanet Survey Satellite (TESS),3340.0,10.59,6.86929
TOI-500 b,0.548177,1.166,0.061,1,Transit,Transiting Exoplanet Survey Satellite (TESS),4440.0,10.54,47.3924
TOI-1075 b,0.6047328,1.791,0.116,1,Transit,Transiting Exoplanet Survey Satellite (TESS),3875.0,12.615,61.4592
TOI-2260 b,0.3524728,1.62,0.13,1,Transit,Transiting Exoplanet Survey Satellite (TESS),5534.0,10.474,101.251
TOI-2445 b,0.3711281,1.25,0.08,1,Transit,Transiting Exoplanet Survey Satellite (TESS),3333.0,15.692,48.582
GJ 3929 b,2.616235,1.09,0.04,1,Transit,Transiting Exoplanet Survey Satellite (TESS),3384.0,12.675,15.8095
WASP-189 b,2.724033,18.14733975,0.23538859,1,Transit,CHaracterising ExOPlanets Satellite (CHEOPS),8000.0,6.59776,99.731
TOI-1670 b,10.98462,2.06,0.19,1,Transit,Transiting Exoplanet Survey Satellite (TESS),6170.0,9.889,168.067
TOI-1670 c,40.74976,11.06326395,0.28022452,1,Transit,Transiting Exoplanet Survey Satellite (TESS),6170.0,9.889,168.067
TOI-500 c,6.6356,2.09,,0,Radial Velocity,La Silla Observatory,4440.0,10.54,47.3924
TOI-500 d,26.233,6.35,,0,Radial Velocity,La Silla Observatory,4440.0,10.54,47.3924
TOI-500 e,61.3,3.99,,0,Radial Velocity,La Silla Observatory,4440.0,10.54,47.3924
HD 260655 b,2.76953,1.24,0.023,1,Transit,Transiting Exoplanet Survey Satellite (TESS),3803.0,9.63,10.0055
HD 260655 c,5.70588,1.533,0.051,1,Transit,Transiting Exoplanet Survey Satellite (TESS),3803.0,9.63,10.0055
TOI-3714 b,2.154849,11.32107051,0.33626942,1,Transit,Transiting Exoplanet Survey Satellite (TESS),3660.0,15.7,112.71
GJ 3929 c,15.04,2.26,,0,Radial Velocity,Multiple Observatories,3384.0,12.675,15.8095
GJ 3090 b,2.85310198,2.18,0.06,1,Transit,Transiting Exoplanet Survey Satellite (TESS),3707.0,11.403,22.4751
TOI-181 b,4.532,6.9559,0.087,1,Transit,Transiting Exoplanet Survey Satellite (TESS),4994.0,11.191,96.2338
TOI-199 b,104.854,9.07927437,0.0560449,1,Transit,Transiting Exoplanet Survey Satellite (TESS),5255.0,10.701,102.27
TOI-700 e,27.810124,0.919,0.028,1,Transit,Transiting Exoplanet Survey Satellite (TESS),3459.0,13.151,31.1265
TOI-771 b,2.3260155,1.36,0.1,1,Transit,Transiting Exoplanet Survey Satellite (TESS),3370.0,14.888,25.2788
TOI-836.01,8.59545,2.587,0.088,1,Transit,Transiting Exoplanet Survey Satellite (TESS),4552.0,9.92,27.5024
TOI-836 b,3.81673,1.704,0.067,1,Transit,Transiting Exoplanet Survey Satellite (TESS),4552.0,9.92,27.5024
LHS 475 b,2.029088,0.991,0.05,1,Transit,Transiting Exoplanet Survey Satellite (TESS),3300.0,13.0,12.4814
TOI-1136 d,12.5199,4.627,0.077,1,Transit,Transiting Exoplanet Survey Satellite (TESS),5770.0,9.534,84.5362
TOI-1136 c,6.2574,2.879,0.06,1,Transit,Transiting Exoplanet Survey Satellite (TESS),5770.0,9.534,84.5362
TOI-1136 f,26.321,3.73591482,0.08619766,1,Transit,Transiting Exoplanet Survey Satellite (TESS),5770.0,9.534,84.5362
TOI-1136 e,18.801,2.639,0.072,1,Transit,Transiting Exoplanet Survey Satellite (TESS),5770.0,9.534,84.5362
TOI-1173 b,7.0643971,8.77663189,0.28022452,1,Transit,Transiting Exoplanet Survey Satellite (TESS),5350.0,11.038,132.353
TOI-1416 b,1.0697568,1.62,0.08,1,Transit,Transiting Exoplanet Survey Satellite (TESS),4884.0,9.91,55.0135
TOI-1420 b,6.9561063,11.89,0.33,1,Transit,Transiting Exoplanet Survey Satellite (TESS),5510.0,11.655,201.918
TOI-1468 c,15.532477,2.126,0.092,1,Transit,Transiting Exoplanet Survey Satellite (TESS),3376.0,12.5,24.7399
TOI-1468 b,1.8805201,1.401,0.059,1,Transit,Transiting Exoplanet Survey Satellite (TESS),3376.0,12.5,24.7399
HIP 9618 b,20.772858,3.82838127,0.10440228,1,Transit,Transiting Exoplanet Survey Satellite (TESS),5649.0,9.2,67.5478
HIP 9618 c,52.56363,3.42855926,0.0971864,1,Transit,Transiting Exoplanet Survey Satellite (TESS),5649.0,9.2,67.5478
TOI-1801 b,10.64387,2.079,0.124,1,Transit,Transiting Exoplanet Survey Satellite (TESS),3863.0,11.58,30.6796
TOI-1823 b,38.8,7.5406241,0.33185186,1,Transit,Transiting Exoplanet Survey Satellite (TESS),4927.0,10.728,71.6456
TOI-2031 A b,5.71548654,14.20177855,0.26901554,1,Transit,Transiting Exoplanet Survey Satellite (TESS),6490.0,11.254,276.105
TOI-2134 b,9.229198,2.735,0.068,1,Transit,Transiting Exoplanet Survey Satellite (TESS),4580.0,8.933,22.6202
TOI-2134 c,95.85284,7.35,0.18,1,Transit,Transiting Exoplanet Survey Satellite (TESS),4580.0,8.933,22.6202
TOI-2374 b,4.3136193,7.48759911,0.20176165,1,Transit,Transiting Exoplanet Survey Satellite (TESS),5002.0,12.095,134.655
TOI-2431 b,0.22419578,1.534,0.034,1,Transit,Transiting Exoplanet Survey Satellite (TESS),4109.0,10.9,36.0559
TOI-2525 b,23.2856,8.67575106,0.11208981,1,Transit,Transiting Exoplanet Survey Satellite (TESS),5096.0,14.216,395.398
TOI-2525 c,49.2519,10.13291855,0.11208981,1,Transit,Transiting Exoplanet Survey Satellite (TESS),5096.0,14.216,395.398
TOI-3235 b,2.59261842,11.39953337,0.49319515,1,Transit,Transiting Exoplanet Survey Satellite (TESS),3388.8,15.16,72.811
TOI-3757 b,3.438753,12.0,0.4,1,Transit,Transiting Exoplanet Survey Satellite (TESS),3913.0,14.812,181.139
TOI-3884 b,4.5445828,6.43,0.2,1,Transit,Transiting Exoplanet Survey Satellite (TESS),3180.0,15.744,43.1448
TOI-3984 A b,4.353326,7.9,0.24,1,Transit,Transiting Exoplanet Survey Satellite (TESS),3476.0,15.694,108.883
TOI-4010 c,5.414654,5.93,0.11,1,Transit,Transiting Exoplanet Survey Satellite (TESS),4960.0,12.291,177.504
TOI-4010 d,14.70886,6.18,0.14,1,Transit,Transiting Exoplanet Survey Satellite (TESS),4960.0,12.291,177.504
TOI-4010 b,1.348335,3.02,0.08,1,Transit,Transiting Exoplanet Survey Satellite (TESS),4960.0,12.291,177.504
LP 890-9 b,2.7299025,1.32,0.053,1,Transit,Transiting Exoplanet Survey Satellite (TESS),2850.0,18.0,32.4298
TOI-4336 A b,16.336351,2.137,0.08,1,Transit,Transiting Exoplanet Survey Satellite (TESS),3307.0,13.6,22.5455
HD 20329 b,0.926118,1.72,0.07,1,Transit,Transiting Exoplanet Survey Satellite (TESS),5596.0,8.76,63.6796
Kepler-167 e,1071.23205,10.16,0.42,1,Transit,Kepler,4884.0,14.284,341.908
TOI-5205 b,1.630757,11.6,0.3,1,Transit,Transiting Exoplanet Survey Satellite (TESS),3430.0,15.899,86.4493
Kepler-167 c,7.406106,1.674,0.069,1,Transit,Kepler,4884.0,14.284,341.908
TOI-5293 A b,2.930289,11.9,0.4,1,Transit,Transiting Exoplanet Survey Satellite (TESS),3586.0,16.19,162.229
KOI-94 d,22.342989,11.27,1.06,1,Transit,Kepler,6182.0,12.314,477.052
LP 890-9 c,8.457463,1.367,0.055,1,Transit,SPECULOOS Southern Observatory,2850.0,18.0,32.4298
HD 3167 e,91.9,3.97,,0,Radial Velocity,CHaracterising ExOPlanets Satellite (CHEOPS),5338.0,8.97,47.2899
TOI-1136 b,4.1727,1.9,0.21,1,Transit,Transiting Exoplanet Survey Satellite (TESS),5770.0,9.534,84.5362
TOI-1136 g,39.545,2.53,0.11,1,Transit,Transiting Exoplanet Survey Satellite (TESS),5770.0,9.534,84.5362
TOI-1338 c,215.79,10.3,,0,Radial Velocity,Multiple Observatories,5723.2,11.722,399.017
WASP-84 c,1.4468849,1.95,0.12,1,Transit,Transiting Exoplanet Survey Satellite (TESS),5280.0,10.825,100.588
TOI-6109 c,8.538878,4.8326,0.0736,1,Transit,Transiting Exoplanet Survey Satellite (TESS),5660.0,11.05,151.738
TOI-6255 b,0.23818244,1.079,0.065,1,Transit,Transiting Exoplanet Survey Satellite (TESS),3421.0,12.747,20.3167
WASP-193 b,6.2463475,14.78464554,0.62770292,1,Transit,WASP-South,6080.0,11.972,362.087
LP 791-18 d,2.75485,1.032,0.044,1,Transit,Spitzer Space Telescope,2960.0,16.91,26.4927
TOI-6324 b,0.279221,1.059,0.041,1,Transit,Transiting Exoplanet Survey Satellite (TESS),3247.0,13.386,20.5488
HD 207496 b,6.441008,2.25,0.12,1,Transit,Transiting Exoplanet Survey Satellite (TESS),4819.0,8.23,23.606
TOI-4010 e,762.0,13.3,,0,Radial Velocity,Roque de los Muchachos Observatory,4960.0,12.291,177.504
GJ 367 c,11.5301,1.86,,0,Radial Velocity,La Silla Observatory,3522.0,10.153,9.41263
GJ 367 d,34.369,2.33,,0,Radial Velocity,La Silla Observatory,3522.0,10.153,9.41263
TOI-6109 b,5.690476,4.8704,0.1622,1,Transit,Transiting Exoplanet Survey Satellite (TESS),5660.0,11.05,151.738
TOI-199 c,273.69,11.4,,0,Transit Timing Variations,Multiple Observatories,5255.0,10.701,102.27
AU Mic e,33.11,4.87,,0,Radial Velocity,Mauna Kea Observatory,3665.0,8.81,9.7221
AU Mic d,12.73596,1.02,,0,Transit Timing Variations,Multiple Observatories,3678.0,8.81,9.7221
GJ 806 b,0.9263237,1.331,0.023,1,Transit,Transiting Exoplanet Survey Satellite (TESS),3600.0,10.79,12.0445
GJ 806 c,6.64064,2.28,,0,Radial Velocity,Multiple Observatories,3600.0,10.79,12.0445
HD 110067 b,9.113678,2.2,0.03,1,Transit,Multiple Observatories,5266.0,8.419,32.1585
HD 110067 c,13.673694,2.388,0.036,1,Transit,Multiple Observatories,5266.0,8.419,32.1585
HD 110067 d,20.519617,2.852,0.039,1,Transit,Multiple Observatories,5266.0,8.419,32.1585
HD 110067 e,30.793091,1.94,0.04,1,Transit,Multiple Observatories,5266.0,8.419,32.1585
HD 110067 f,41.05854,2.601,0.042,1,Transit,Multiple Observatories,5266.0,8.419,32.1585
HD 110067 g,54.76992,2.607,0.052,1,Transit,Multiple Observatories,5266.0,8.419,32.1585
GJ 341 b,7.57686,0.88,0.05,1,Transit,Transiting Exoplanet Survey Satellite (TESS),3770.0,9.49,10.454
TOI-6894 b,3.37077196,9.5836785,0.24659758,1,Transit,Transiting Exoplanet Survey Satellite (TESS),3007.0,,73.8131
IRAS 04125+2902 b,8.834978,10.73820351,0.86309151,1,Transit,Transiting Exoplanet Survey Satellite (TESS),4080.0,15.642,159.244
Kepler-51 e,264.284,2.18,,0,Transit Timing Variations,Multiple Observatories,5674.0,14.885,783.831
TOI-771 c,7.61,1.5,,0,Radial Velocity,Paranal Observatory,3370.0,14.888,25.2788
TOI-2076 e,3.0223753,1.301,0.059,1,Transit,Transiting Exoplanet Survey Satellite (TESS),5187.0,9.139,41.9091
L 98-59 f,23.064,1.48,,0,Radial Velocity,Multiple Facilities,3415.0,11.685,10.6194
HIP 41378 g,63.19,2.5,,0,Radial Velocity,W. M. Keck Observatory,6290.0,8.93,106.289
55 Cnc B b,6.7994,1.69,,0,Radial Velocity,Mauna Kea Observatory,3286.0,13.152,12.4773
55 Cnc B c,33.747,2.16,,0,Radial Velocity,Mauna Kea Observatory,3286.0,13.152,12.4773
GJ 3090 c,15.9407,3.14,,0,Radial Velocity,Multiple Facilities,3707.0,11.403,22.4751
TOI-4336 A c,7.587266,1.251,0.066,1,Transit,Multiple Observatories,3307.0,13.6,22.5455
bet Pic d,33200.0,14.12331568,0.33626942,0,Imaging,Paranal Observatory,8038.68,3.85,19.7442
TOI-260 b,13.475853,1.71,0.08,1,Transit,Transiting Exoplanet Survey Satellite (TESS),4026.0,9.9,20.1852
K2-232 c,1950.0,12.8,,0,Radial Velocity,Multiple Facilities,6100.0,9.822,130.72
Kepler-12 b,4.4379629,19.660586,0.347479,1,Transit,Kepler,5947.0,13.468,881.386
KOI-94 b,3.743208,1.71,0.16,1,Transit,Kepler,6182.0,12.314,477.052
Kepler-167 d,21.80379,1.238,0.064,1,Transit,Kepler,4884.0,14.284,341.908
Kepler-51 d,130.194,9.7,0.5,1,Transit,Kepler,6018.0,14.885,783.831
Kepler-51 c,85.312,9.0,2.8,1,Transit,Kepler,6018.0,14.885,783.831
Kepler-51 b,45.154,7.1,0.3,1,Transit,Kepler,6018.0,14.885,783.831
Kepler-167 b,4.3931539,1.718,0.07,1,Transit,Kepler,4884.0,14.284,341.908
KOI-94 c,10.423648,4.32,0.41,1,Transit,Kepler,6182.0,12.314,477.052
KOI-94 e,54.32031,6.56,0.62,1,Transit,Kepler,6182.0,12.314,477.052
PH2 b,282.52542,9.33708092,0.2914335,1,Transit,Kepler,5734.0,12.645,343.863
K2-33 b,5.424865,5.04,0.34,1,Transit,K2,3540.0,15.838,139.268
HAT-P-11 b,4.888,4.36,0.06,1,Transit,HATNet,4653.0,9.46,37.7647
TOI-286 c,39.361826,1.88,0.12,1,Transit,Transiting Exoplanet Survey Satellite (TESS),5152.0,9.866,59.2293
TOI-1806.01,15.1454693,3.4095367,0.3512672,1,Transit,Transiting Exoplanet Survey Satellite (TESS),3272.0,15.193,55.5211
TOI-4443.01,1.8498567,1.7193265,0.1346603,1,Transit,Transiting Exoplanet Survey Satellite (TESS),5834.0,8.493,56.0739
K2-136 b,7.97525,1.014,0.05,1,Transit,K2,4500.0,11.101,59.2474
HAT-P-52 b,2.7535953,11.309881,0.807048,1,Transit,HATNet,5131.0,14.107,361.155
TOI-4747 b,5.21924158592,3.95803201,0.35272904,1,Transit,Transiting Exoplanet Survey Satellite (TESS),5595.08,12.442,304.615
Kepler-891 b,53.44945593,6.41,1.46,1,Transit,Kepler,5887.0,15.386,2340.58
Kepler-1159 b,22.70816791,2.37,1.03,1,Transit,Kepler,6217.0,14.678,1213.71
HATS-18 b,0.83784,14.896761,0.840675,1,Transit,Multiple Observatories,5600.0,14.188,624.368
GJ 676 A e,35.47358,2.47,,0,Radial Velocity,La Silla Observatory,3734.0,9.58,16.0272
Kepler-48 c,9.67395,2.71,0.14,1,Transit,Kepler,5194.0,13.174,306.738
Kepler-889 b,3.744439,1.09,0.19,1,Transit,Kepler,5961.0,12.998,598.313
Kepler-1804 b,12.28849983,1.59615726,,1,Transit,Kepler,5109.0,14.679,434.456
Kepler-1188 b,17.1369543,2.08,0.49,1,Transit,Kepler,5913.0,14.941,1717.48
HD 21411 b,84.288,9.52,,0,Radial Velocity,Las Campanas Observatory,5605.0,7.88,29.1328
Kepler-1281 b,3.11602791,1.64,0.13,1,Transit,Kepler,5353.0,15.961,1090.0
Kepler-128 b,15.0,1.421,0.04,1,Transit,Kepler,6072.0,11.693,396.379
Kepler-1693 b,12.0999,1.28938413,,1,Transit,Kepler,5432.34,14.857,760.065
Kepler-104 b,11.427548,3.1,0.53,1,Transit,Kepler,5711.0,12.697,400.785
Kepler-1849 b,57.29290009,2.38685349,,1,Transit,Kepler,4806.0,15.997,631.884
Kepler-1036 b,122.8808058,3.01,0.14,1,Transit,Kepler,5533.0,13.87,489.435
Kepler-419 c,675.47,12.6,,0,Transit Timing Variations,Kepler,6430.0,13.089,1011.36
Kepler-1191 b,5.60014851,1.51,0.13,1,Transit,Kepler,5308.0,15.319,955.536
Kepler-511 c,26.62949944,4.20964327,,1,Transit,Kepler,5866.0,12.711,651.999
XO-5 b,4.1877558,12.78,0.34,1,Transit,XO,5430.0,12.198,276.211
Kepler-1825 b,1.025869966,1.42200732,,1,Transit,Kepler,5123.0,14.605,430.254
Kepler-1074 b,5.94566534,1.25,0.24,1,Transit,Kepler,4002.0,15.599,250.817
pi Men c,6.2678399,2.0189,0.0465,1,Transit,Transiting Exoplanet Survey Satellite (TESS),5998.0,5.65,18.2702
TIC 183374187 b,5.05907,14.03364384,0.78462865,1,Transit,Transiting Exoplanet Survey Satellite (TESS),5768.0,14.639,1208.75
GJ 1061 d,13.066,1.16,,0,Radial Velocity,La Silla Observatory,2953.0,12.7,3.67278
Kepler-1987 d,5.644914154,2.66,0.25,1,Transit,Kepler,4769.0,15.477,595.683
Kepler-245 b,7.49019,2.57,0.18,1,Transit,Kepler,5100.0,15.546,861.527
Kepler-131 c,25.5169,0.84,0.07,1,Transit,Kepler,5685.0,11.493,228.678
Kepler-144 c,10.104665,1.35,0.26,1,Transit,Kepler,6075.0,12.195,384.917
HD 93385 c,13.18,2.56,,0,Radial Velocity,La Silla Observatory,5977.0,7.49,43.3475
Kepler-431 c,8.703,0.668,,1,Transit,Kepler,6004.0,12.139,486.546
HD 106270 b,1888.0,12.4,,0,Radial Velocity,W. M. Keck Observatory,5509.0,7.58,93.808
TOI-5720 b,1.4344555,1.09,0.07,1,Transit,Transiting Exoplanet Survey Satellite (TESS),3325.0,13.847,35.8256
Kepler-203 d,11.32972,1.44,0.28,1,Transit,Kepler,5821.0,14.14,703.302
Kepler-230 c,91.773242,2.04,1.04,1,Transit,Kepler,5588.0,15.264,740.754
Kepler-1091 b,1.434741564,1.46,0.36,1,Transit,Kepler,5851.0,14.874,914.299
Kepler-1129 b,24.3397804,2.96,0.51,1,Transit,Kepler,5831.0,15.661,1183.88
Kepler-472 b,4.176255514,3.22,0.13,1,Transit,Kepler,4996.0,13.898,306.602
Kepler-1275 b,3.65691115,1.48,0.65,1,Transit,Kepler,6296.0,14.595,1153.98
Kepler-1690 b,234.636,2.81109223,,1,Transit,Kepler,5404.0,14.882,703.789
HD 75898 c,6717.0,12.6,,0,Radial Velocity,Multiple Observatories,6122.0,8.03,78.0505
K2-386 b,7.473223,2.32,0.071,1,Transit,K2,5749.0,13.241,428.785
TOI-7510 c,22.5687423,10.81,0.32,1,Transit,Transiting Exoplanet Survey Satellite (TESS),5720.0,11.989,249.006
Kepler-718 b,2.052349905,16.56,6.97,1,Transit,Kepler,6191.0,15.399,1302.33
Kepler-1342 b,2.215710358,1.66,0.22,1,Transit,Kepler,5527.0,15.726,890.724
WASP-174 b,4.2337005,16.10730527,0.56044903,1,Transit,SuperWASP-South,6399.0,11.803,410.149
Kepler-1713 b,18.01160049,1.71673535,,1,Transit,Kepler,6477.0,11.065,295.293
Kepler-1121 b,13.15141081,1.91,0.48,1,Transit,Kepler,6231.0,12.144,482.047
Kepler-197 c,10.349695,1.23,0.04,1,Transit,Kepler,6004.0,11.775,330.575
TOI-1294 b,3.915292,10.12369881,0.23643767,1,Transit,Transiting Exoplanet Survey Satellite (TESS),5718.0,11.314,332.648
Kepler-1195 b,8.49642241,2.08,0.19,1,Transit,Kepler,4965.0,16.003,918.566
GJ 328 b,3771.0,13.3,,0,Radial Velocity,McDonald Observatory,3897.0,9.99,20.5266
EPIC 212737443 c,65.55,2.69,0.146,1,Transit,K2,4684.0,14.81,336.25
Kepler-1783 b,8.277440071,1.31946731,,1,Transit,Kepler,5129.0,13.309,264.078
HD 50499 c,8619.9,13.2,,0,Radial Velocity,La Silla Observatory,6099.0,7.21,46.2845
Kepler-874 b,40.0686727,3.94,1.07,1,Transit,Kepler,6020.0,14.822,1082.16
Kepler-235 b,3.340222,2.23,0.1,1,Transit,Kepler,4255.0,16.567,428.018
HD 98219 b,433.8,13.4,,0,Radial Velocity,W. M. Keck Observatory,4925.0,8.05,113.704
Kepler-625 b,7.75192492,1.99,0.06,1,Transit,Kepler,5789.0,13.395,760.708
Kepler-1178 b,31.80634,1.07,0.06,1,Transit,Kepler,4990.0,14.212,482.287
K2-407 b,4.941907,1.283,0.097,1,Transit,K2,5563.0,11.969,218.376
KOI-351 b,7.008151,1.31,0.17,1,Transit,Kepler,6080.0,13.883,848.254
WASP-151 b,4.5334775,13.30506009,0.23538859,1,Transit,SuperWASP-South,5871.0,12.821,453.099
K2-289 b,13.156969,9.1,0.3,1,Transit,K2,5529.0,14.81,274.3
GJ 1002 b,10.3465,1.03,,0,Radial Velocity,Multiple Observatories,3024.0,13.76,4.84867
Kepler-1143 c,210.630591,3.6,0.51,1,Transit,Kepler,5053.0,15.493,555.189
TOI-2587 A b,5.45664,12.07207221,0.47077719,1,Transit,Transiting Exoplanet Survey Satellite (TESS),5760.0,11.544,373.675
Kepler-1154 b,5.1856142,2.34,1.06,1,Transit,Kepler,6327.0,14.953,1460.1
Kepler-60 b,7.1334,1.71,0.13,1,Transit,Kepler,5905.0,13.95,1025.1
Kepler-85 c,12.51,1.978,0.056,1,Transit,Kepler,5505.2,14.89,765.025
TOI-2081 b,10.50534,2.04,0.5,1,Transit,Transiting Exoplanet Survey Satellite (TESS),3800.0,13.369,62.3446
Kepler-1780 b,109.4449997,3.60600667,,1,Transit,Kepler,5403.0,14.907,790.516
Kepler-1818 b,4.644909859,1.71360684,,1,Transit,Kepler,6047.0,14.514,1034.59
TOI-871 b,14.362565,1.664,0.114,1,Transit,Transiting Exoplanet Survey Satellite (TESS),4929.0,10.569,68.0473
GJ 251 c,53.647,1.8,,0,Radial Velocity,Multiple Observatories,3342.0,9.89,5.58057
Kepler-1518 c,9.6310258,2.9,0.82,1,Transit,Kepler,6432.0,13.374,903.51
Kepler-1718 b,135.1880035,2.5685207,,1,Transit,Kepler,5731.0,12.821,375.522
TOI-4914 b,10.60057,12.87,0.36,1,Transit,Transiting Exoplanet Survey Satellite (TESS),5805.0,12.235,299.89
Kepler-109 c,21.22265,2.65,0.12,1,Transit,Kepler,5950.0,12.398,474.861
Kepler-101 c,6.02976,1.25,0.19,1,Transit,Kepler,5667.0,13.7,927.981
Kepler-1200 b,1.118549717,1.06,0.06,1,Transit,Kepler,4612.0,16.06,588.715
NY Vir b,3160.0,13.3,,0,Eclipse Timing Variations,Multiple Observatories,32780.0,13.496,544.024
TOI-4137 b,3.8016122,13.57407563,0.44835923,1,Transit,Transiting Exoplanet Survey Satellite (TESS),6202.0,11.31,334.993
Kepler-1630 b,509.997402,2.19,0.2,1,Transit,Kepler,4736.0,14.278,331.213
Kepler-475 b,3.105508189,2.49,0.05,1,Transit,Kepler,5009.0,13.512,280.069
Kepler-1978 b,10.84969477,2.67,0.38,1,Transit,Kepler,5251.0,15.49,865.512
Kepler-1836 b,5.254169941,2.55303229,,1,Transit,Kepler,6123.0,15.558,1472.62
Kepler-887 c,7.63846023,1.13,0.17,1,Transit,Kepler,6194.0,13.52,886.588
Kepler-350 c,17.849,3.1,1.42,1,Transit,Kepler,6492.3,13.965,956.859
Kepler-816 b,10.506825646,10.24,0.68,1,Transit,Kepler,5286.0,16.365,983.697
HD 51608 b,14.0726,3.62,,0,Radial Velocity,La Silla Observatory,5358.0,8.17,35.0553
HD 125390 b,1757.39151,11.9,,0,Radial Velocity,W. M. Keck Observatory,4882.0,8.21,153.647
Kepler-1947 b,6.963630199,1.0101666,,1,Transit,Kepler,6040.0,12.973,468.771
Kepler-81 d,20.837846,1.21,0.27,1,Transit,Kepler,4500.0,15.258,348.291
Kepler-1827 b,3.700619936,1.85644292,,1,Transit,Kepler,5423.0,13.228,686.461
TOI-1768.01,7.337703649,3.453,0.423,1,Transit,Transiting Exoplanet Survey Satellite (TESS),5994.0,10.419,157.597
HIP 10090 c,321.82,13.9,,0,Radial Velocity,Multiple Facilities,5661.0,8.94,82.3937
Kepler-855 b,7.886631104,8.35,1.7,1,Transit,Kepler,5835.0,15.157,1506.58
TOI-205 b,4.25300773815,2.50121142,0.23968778,1,Transit,Transiting Exoplanet Survey Satellite (TESS),6302.74,9.921,177.759
Kepler-1886 b,24.2758007,2.58158428,,1,Transit,Kepler,5745.0,15.627,1059.51
Kepler-279 c,35.736,4.3,1.72,1,Transit,Kepler,6689.45,13.647,1037.4
TOI-1839 b,1.4237828,2.27,0.1,1,Transit,Transiting Exoplanet Survey Satellite (TESS),5347.0,10.9,116.086
TOI-1839 c,4.0239478,2.5,0.13,1,Transit,Transiting Exoplanet Survey Satellite (TESS),5347.0,10.9,116.086
K2-401 b,6.293099,2.262,0.209,1,Transit,K2,4213.0,14.014,200.727
TOI-3807 b,2.8989727,18.49481816,,1,Transit,Transiting Exoplanet Survey Satellite (TESS),5772.0,11.856,421.745
Kepler-931 b,8.03755877,1.33,0.14,1,Transit,Kepler,5241.0,14.643,490.0
TOI-286 b,4.5117244,1.42,0.1,1,Transit,Transiting Exoplanet Survey Satellite (TESS),5152.0,9.866,59.2293
Kepler-106 e,43.8445,2.56,0.33,1,Transit,Kepler,5858.0,12.923,444.322
HD 89839 b,3391.2,12.8,,0,Radial Velocity,Multiple Facilities,6314.0,7.64,57.3063
Kepler-520 b,19.67416124,1.66,0.28,1,Transit,Kepler,6112.0,12.798,623.901
Kepler-19 b,9.28699,2.209,0.048,1,Transit,Kepler,5541.0,12.035,218.562
Kepler-1102 b,51.3285623,2.66,0.53,1,Transit,Kepler,5724.0,14.928,1246.05
Kepler-371 c,67.968015,1.78,0.45,1,Transit,Kepler,5666.0,13.997,813.192
K2-338 b,3.850614,1.03,0.11,1,Transit,K2,4558.0,13.322,156.951
KELT-16 b,0.9689951,15.860735,0.941556,1,Transit,KELT,6236.0,11.717,444.586
Kepler-1681 b,69.8956,2.55321772,,1,Transit,Kepler,5756.4,14.646,758.3
TOI-544 c,50.089,4.92,,0,Radial Velocity,La Silla Observatory,4169.0,10.777,41.1166
Kepler-251 d,30.133001,2.77,0.49,1,Transit,Kepler,5526.0,15.541,924.625
HD 180902 b,510.9,13.5,,0,Radial Velocity,W. M. Keck Observatory,4961.0,7.78,104.577
TOI-5624 e,21.489936,3.247,0.042,1,Transit,Transiting Exoplanet Survey Satellite (TESS),5327.0,10.81,101.913
K2-414 c,6.669,1.9287,0.063,1,Transit,K2,4343.0,14.289,260.036
Kepler-1154 c,8.45808312,2.36,0.95,1,Transit,Kepler,6327.0,14.953,1460.1
Kepler-863 b,15.59461874,2.9,0.68,1,Transit,Kepler,5678.0,15.567,1499.66
Kepler-278 c,51.111,3.268,0.067,1,Transit,Kepler,4965.0,11.811,443.03
GJ 180 d,106.3,2.66,,0,Radial Velocity,Multiple Facilities,3371.0,10.914,11.9407
K2-86 b,8.77683,1.96,0.27,1,Transit,K2,5482.0,13.041,258.699
HD 196050 b,1392.0,12.9,,0,Radial Velocity,Anglo-Australian Telescope,5879.0,7.5,50.6742
Kepler-564 b,3.750832285,4.63,0.66,1,Transit,Kepler,5626.0,14.883,863.037
Kepler-878 b,25.9422033,1.93,0.12,1,Transit,Kepler,5044.0,14.967,791.625
HD 120084 b,2142.0,12.7,,0,Radial Velocity,Okayama Astrophysical Observatory,4879.0,5.90686,103.044
TOI-2384 b,2.13570304,11.48920522,0.23538859,1,Transit,Transiting Exoplanet Survey Satellite (TESS),3943.0,15.103,191.51
Kepler-82 d,2.382961,1.77,0.27,1,Transit,Kepler,5428.0,15.131,904.326
Kepler-338 b,13.726976,2.44,0.13,1,Transit,Kepler,5923.0,12.19,552.798
KOI-884 e,31.101659,9.54,,0,Transit Timing Variations,Kepler,5060.0,15.199,663.711
K2-87 b,9.726618,7.6,0.4,1,Transit,K2,5747.0,14.136,491.242
Kepler-983 b,60.0855082,2.36,0.07,1,Transit,Kepler,6052.0,14.1125,714.437
Kepler-1948 b,15.57129955,1.03283226,,1,Transit,Kepler,3872.0,14.569,193.903
Kepler-444 c,4.5458841,0.497,0.021,1,Transit,Kepler,5046.0,8.87,36.4396
Kepler-1173 b,0.7698536,0.89,0.23,1,Transit,Kepler,5252.0,13.896,377.06
HD 219077 b,5478.68861,12.5,,0,Radial Velocity,La Silla Observatory,5362.0,6.12,29.1864
Kepler-458 c,20.74028413,4.2,0.63,1,Transit,Kepler,6117.21,14.027,1594.74
Kepler-1608 b,16.4735686,1.73,0.16,1,Transit,Kepler,4992.0,16.265,832.0
TOI-2093 b,12.836,3.25,,0,Radial Velocity,Calar Alto Observatory,4426.0,11.925,82.7982
EPIC 212499991 b,34.885,1.6,0.13,1,Transit,K2,4982.79,13.672,283.29
Kepler-759 b,41.805985,2.27,0.49,1,Transit,Kepler,5860.0,14.579,1073.48
Kepler-563 b,22.18432708,3.09,0.17,1,Transit,Kepler,5066.0,14.901,565.207
Kepler-296 f,63.33627,1.8,0.31,1,Transit,Kepler,3740.0,16.363,167.0
Kepler-534 b,15.95994513,2.24,0.08,1,Transit,Kepler,5884.0,13.387,570.659
TOI-512 b,7.18886,1.54,0.1,1,Transit,Transiting Exoplanet Survey Satellite (TESS),5277.0,9.735,67.3975
HD 75784 b,341.2,13.8,,0,Radial Velocity,W. M. Keck Observatory,4867.0,7.84,85.4321
Kepler-172 c,6.388996,2.86,0.53,1,Transit,Kepler,5526.0,14.703,828.592
Kepler-1340 b,0.665026916,1.55,0.7,1,Transit,Kepler,6331.0,15.003,981.779
Kepler-1115 b,23.5540725,1.7,0.29,1,Transit,Kepler,8480.0,11.983,983.245
KIC 5437945 b,440.7813,6.4,1.6,1,Transit,Kepler,6340.0,13.834,1274.01
Kepler-1859 c,3.59645081,1.66,0.29,1,Transit,Kepler,5887.0,15.178,1331.25
Kepler-1201 b,15.18725932,2.29,0.91,1,Transit,Kepler,6177.0,14.765,944.241
Kepler-232 c,11.379349,3.83,1.86,1,Transit,Kepler,5847.0,15.565,1349.13
tau Cet g,20.0,1.18,,0,Radial Velocity,Multiple Observatories,5310.0,3.49607,3.60304
Kepler-151 b,15.228958,3.06,1.53,1,Transit,Kepler,5460.0,14.957,649.919
TOI-201 b,52.9786,11.4,0.1,1,Transit,Transiting Exoplanet Survey Satellite (TESS),6423.0,9.07,113.825
Kepler-207 d,5.868075,3.31,0.63,1,Transit,Kepler,5920.0,13.164,875.519
GJ 887 e,4.4249,1.12,,0,Radial Velocity,Multiple Observatories,3688.0,7.56,3.28679
WASP-108 b,2.67555212374,15.13212395,0.44835923,1,Transit,Transiting Exoplanet Survey Satellite (TESS),6783.0,11.211,258.777
Kepler-1521 b,47.14840805,2.5,0.09,1,Transit,Kepler,5042.0,13.049,206.983
Kepler-238 c,6.155557,2.39,0.45,1,Transit,Kepler,5751.0,15.297,1798.75
GJ 676 A d,3.60076,1.78,,0,Radial Velocity,La Silla Observatory,3734.0,9.58,16.0272
Kepler-620 b,12.91375431,3.32,1.22,1,Transit,Kepler,6155.0,14.844,1355.28
TOI-2989 b,3.122832,12.55405838,0.56044903,1,Transit,Transiting Exoplanet Survey Satellite (TESS),4672.0,13.859,195.795
Kepler-349 c,12.247629,1.96,0.74,1,Transit,Kepler,5956.0,14.915,940.724
Kepler-1231 b,10.41725184,1.42,0.3,1,Transit,Kepler,5778.0,14.808,987.237
Kepler-274 b,11.634788,1.54,0.84,1,Transit,Kepler,6023.0,15.238,1333.62
Kepler-832 b,7.1396941,2.06,0.32,1,Transit,Kepler,5596.0,16.001,1688.12
Kepler-1889 b,37.30369949,2.94360686,,1,Transit,Kepler,5646.0,15.715,1395.13
Kepler-988 b,17.76080053,2.07,0.47,1,Transit,Kepler,4005.0,15.578,304.889
TOI-880 c,6.3872703,4.95,0.2,1,Transit,Transiting Exoplanet Survey Satellite (TESS),5050.0,10.104,60.6679
HD 12235 b,4.36305,3.23,,0,Radial Velocity,Multiple Observatories,5986.0,5.88051,31.7627
Kepler-444 f,9.740486,0.741,0.041,1,Transit,Kepler,5046.0,8.87,36.4396
GJ 887 c,21.784,2.43,,0,Radial Velocity,La Silla Observatory,3688.0,7.56,3.28679
Kepler-524 b,7.97419807,1.91,0.14,1,Transit,Kepler,6014.0,14.082,1058.24
Kepler-1075 b,1.52372816,1.42,0.16,1,Transit,Kepler,3959.0,15.909,291.275
Kepler-368 b,26.84768,3.26,0.91,1,Transit,Kepler,5502.0,12.946,770.978
Kepler-115 b,2.403679,1.09,0.21,1,Transit,Kepler,5979.0,13.545,623.609
Kepler-1735 b,7.71792984,1.19429134,,1,Transit,Kepler,3975.0,15.896,245.303
TOI-1898 b,45.52234,9.39553231,0.2342915,1,Transit,Transiting Exoplanet Survey Satellite (TESS),6241.0,7.87,79.6682
Kepler-1130 c,3.266639948,0.79239584,,1,Transit,Kepler,5450.0,12.509,249.343
HD 20782 b,597.0643,13.6,,0,Radial Velocity,Anglo-Australian Telescope,5782.13,7.36,35.9864
Kepler-1376 b,5.30880656,1.05,0.21,1,Transit,Kepler,5659.0,14.792,868.056
Kepler-1190 b,10.45843441,1.33,0.05,1,Transit,Kepler,4730.0,14.665,342.509
Kepler-450 b,28.454851,6.14,0.33,1,Transit,Kepler,6197.21,11.991,455.982
Kepler-758 d,20.4966197,2.12,0.47,1,Transit,Kepler,6228.0,14.379,1502.32
HAT-P-47 b,4.73217441,14.71739166,0.50440413,1,Transit,Transiting Exoplanet Survey Satellite (TESS),6703.0,10.609,282.096
HD 135625 b,4055.0,13.3,,0,Radial Velocity,La Silla Observatory,6040.64,7.72,56.518
TOI-2211.01,3.092686757,1.561,0.198,1,Transit,Transiting Exoplanet Survey Satellite (TESS),5253.0,10.0,70.2932
Kepler-124 b,3.410493,0.73,0.05,1,Transit,Kepler,4984.0,14.4,420.046
Kepler-1259 b,0.663085258,1.43,0.07,1,Transit,Kepler,5053.0,15.556,805.562
TOI-1859 b,63.48347,9.75181321,0.78462865,1,Transit,Transiting Exoplanet Survey Satellite (TESS),6341.0,10.33,224.385
TOI-1836 b,20.380799,8.00321222,0.3474784,1,Transit,Transiting Exoplanet Survey Satellite (TESS),6380.0,9.765,191.649
Kepler-616 b,9.99761851,2.43,0.33,1,Transit,Kepler,5753.0,15.021,945.775
HD 141399 e,5000.0,14.1,,0,Radial Velocity,Multiple Observatories,5600.0,7.20856,37.0169
Kepler-1008 b,12.43931193,1.28,0.07,1,Transit,Kepler,5066.0,13.59,282.565
TOI-2133 b,3.8266472,2.37,0.09,1,Transit,Transiting Exoplanet Survey Satellite (TESS),4250.0,12.008,75.1973
Kepler-1979 b,18.5084526,29.33,8.82,1,Transit,Kepler,5942.0,15.484,1076.27
TOI-2406 b,3.0766891,2.86,0.063,1,Transit,Transiting Exoplanet Survey Satellite (TESS),3100.0,,55.419
WASP-157 b,3.951623,11.19,0.28,1,Transit,SuperWASP,5772.0,12.397,334.037
Kepler-1183 b,28.5057189,2.82,0.52,1,Transit,Kepler,5765.0,15.968,1919.19
LHS 1478 b,1.94953941,1.174,0.055,1,Transit,Transiting Exoplanet Survey Satellite (TESS),3415.0,13.304,18.2276
TOI-1685 b,0.66913923,1.421,0.06,1,Transit,Transiting Exoplanet Survey Satellite (TESS),3470.0,13.378,37.6153
TOI-1749 b,2.38839,1.39,0.21,1,Transit,Transiting Exoplanet Survey Satellite (TESS),3985.0,13.86,99.5561
TOI-1749 c,4.4929,2.12,0.12,1,Transit,Transiting Exoplanet Survey Satellite (TESS),3985.0,13.86,99.5561
TOI-1749 d,9.0497,2.52,0.15,1,Transit,Transiting Exoplanet Survey Satellite (TESS),3985.0,13.86,99.5561
TOI-1296 b,3.9443736,14.11645916,0.28454324,1,Transit,Transiting Exoplanet Survey Satellite (TESS),5567.0,11.37,323.265
TOI-1442 b,0.4090677,1.17,0.06,1,Transit,Transiting Exoplanet Survey Satellite (TESS),3330.0,15.39,41.1659
TOI-1246 b,4.30744,3.01,0.06,1,Transit,Transiting Exoplanet Survey Satellite (TESS),5151.0,11.632,169.422
TOI-1246 c,5.904137,2.45109846,0.13824169,1,Transit,Transiting Exoplanet Survey Satellite (TESS),5213.0,11.632,169.422
TOI-1246 d,18.654874,3.43139739,0.14960553,1,Transit,Transiting Exoplanet Survey Satellite (TESS),5213.0,11.632,169.422
TOI-1246 e,37.92548,3.5141875,0.26911442,1,Transit,Transiting Exoplanet Survey Satellite (TESS),5213.0,11.632,169.422
TOI-4479 b,1.1589,2.82,0.65,1,Transit,Transiting Exoplanet Survey Satellite (TESS),3400.0,15.18,80.6532
TOI-1135 b,8.0277327,9.91994792,0.31385146,1,Transit,Transiting Exoplanet Survey Satellite (TESS),6320.0,9.54,114.048
TOI-1452 b,11.06201,1.672,0.071,1,Transit,Transiting Exoplanet Survey Satellite (TESS),3185.0,14.354,30.5212
TOI-1695 b,3.1342791,1.9,0.16,1,Transit,Transiting Exoplanet Survey Satellite (TESS),3690.0,12.989,45.1309
TOI-2025 b,8.8720982,11.89272852,0.36989636,1,Transit,Transiting Exoplanet Survey Satellite (TESS),5977.0,11.599,335.985
TOI-2449 b,106.14468,11.24,0.1,1,Transit,Transiting Exoplanet Survey Satellite (TESS),6021.0,10.416,156.786
TOI-3688 A b,3.246075,13.08088048,0.53803107,1,Transit,Transiting Exoplanet Survey Satellite (TESS),5950.0,12.241,396.378
TOI-4600 b,82.6869,6.8,0.31,1,Transit,Transiting Exoplanet Survey Satellite (TESS),5170.0,12.577,216.056
TOI-4600 c,482.8191,9.42,0.42,1,Transit,Transiting Exoplanet Survey Satellite (TESS),5170.0,12.577,216.056
WASP-104 b,1.7554137,12.745,0.415,1,Transit,SuperWASP,5475.0,11.779,185.932
WASP-69 b,3.86813881,11.21,0.22,1,Transit,SuperWASP,4792.0,9.873,49.9605
NGTS-5 b,3.3569866,12.733424,0.257807,1,Transit,Next-Generation Transit Survey (NGTS),4987.0,13.789,306.779
Kepler-331 d,32.134328,1.64,0.17,1,Transit,Kepler,4347.0,16.199,580.119
TOI-5322 b,5.4233207,16.6117094,0.3474784,1,Transit,Transiting Exoplanet Survey Satellite (TESS),5692.0,12.733,476.899
HD 457 b,20324.58153,11.9,,0,Radial Velocity,Multiple Observatories,6114.04,7.72,55.0375
HD 112640 b,613.2,12.9,,0,Radial Velocity,Bohyunsan Optical Astronomical Observatory,4155.0,6.53649,323.335
Kepler-1647 b,1107.5923,11.8739,0.1377,1,Transit,Kepler,6210.0,13.668,1212.45
Kepler-1197 b,2.03231845,1.25,0.03,1,Transit,Kepler,4708.0,15.346,486.94
HD 153557 b,7.29903,4.77,,0,Radial Velocity,Multiple Observatories,4837.0,7.83,17.9412
Kepler-1939 b,2.790659904,1.16480773,,1,Transit,Kepler,4353.0,13.622,189.833
TIC 117642575 b,4.94459060181,2.82716337,0.28514319,1,Transit,Transiting Exoplanet Survey Satellite (TESS),5719.98,11.029,188.758
Kepler-621 b,2.628113746,2.3,0.07,1,Transit,Kepler,4521.0,15.22,389.0
Kepler-1113 b,42.3004954,2.81,1.13,1,Transit,Kepler,5931.0,14.943,1073.88
Kepler-142 b,2.024152,1.99,0.39,1,Transit,Kepler,5790.0,13.277,548.686
Kepler-662 b,21.67697486,2.18,0.11,1,Transit,Kepler,4897.0,15.598,815.637
Kepler-1336 c,5.77721211,1.71,0.27,1,Transit,Kepler,5512.0,14.264,1126.64
TOI-216.02,17.16073,8.0,3.0,1,Transit,Transiting Exoplanet Survey Satellite (TESS),5026.0,12.324,177.945
Kepler-236 c,23.968127,2.0,0.17,1,Transit,Kepler,3750.0,16.014,288.763
HD 196067 b,3413.7,12.4,,0,Radial Velocity,La Silla Observatory,6072.0,6.51,39.9346
Kepler-1210 b,8.07124073,1.7,0.3,1,Transit,Kepler,5568.0,15.649,1176.53
Kepler-91 b,6.24658,15.322703,0.773421,1,Transit,Kepler,4550.0,12.712,1294.69
K2-290 b,9.21165,3.06,0.16,1,Transit,K2,6302.0,11.114,272.909
Kepler-1766 b,105.0149994,2.27904508,,1,Transit,Kepler,5868.0,12.96,501.229
K2-170 c,12.400047,1.8017647,0.24523316,1,Transit,K2,5748.0,12.668,392.872
HD 72490 b,858.0,13.5,,0,Radial Velocity,W. M. Keck Observatory,4934.0,7.82,126.339
HD 12661 c,1708.0,13.2,,0,Radial Velocity,Multiple Observatories,5748.0,7.43,37.8478
Kepler-1061 b,2.757982666,1.98,0.11,1,Transit,Kepler,6067.0,13.319,543.375
Kepler-1904 b,4.577020168,1.3904994,,1,Transit,Kepler,3805.0,16.367,270.854
Kepler-473 b,14.55731705,4.08,0.79,1,Transit,Kepler,5816.0,13.548,905.937
HD 14787 b,676.6,13.7,,0,Radial Velocity,W. M. Keck Observatory,4946.0,7.63,119.137
WASP-106 b,9.28969,12.10569916,0.17934369,1,Transit,SuperWASP,6002.0,11.21,352.181
TOI-6158 b,3.0446899,10.4,2.7,1,Transit,Transiting Exoplanet Survey Satellite (TESS),3467.0,16.29,180.96
Kepler-1840 b,131.1900024,2.77771129,,1,Transit,Kepler,4898.0,15.192,513.107
Kepler-1751 b,7.017310143,1.82417378,,1,Transit,Kepler,6052.0,15.455,1291.47
Kepler-1067 b,0.762129261,0.8,0.12,1,Transit,Kepler,5592.0,14.395,667.693
TOI-2578 b,3.4579667,19.66055215,0.65012088,1,Transit,Transiting Exoplanet Survey Satellite (TESS),6333.0,11.353,285.53
Kepler-624 b,14.58649607,2.31,0.33,1,Transit,Kepler,6117.0,13.637,748.188
TOI-5349 b,3.317921,10.2,0.3,1,Transit,Transiting Exoplanet Survey Satellite (TESS),3751.0,15.685,188.336
TOI-1294 c,159.9,14.3,,0,Radial Velocity,W. M. Keck Observatory,5718.0,11.314,332.648
Kepler-1039 b,0.934884242,1.46,0.09,1,Transit,Kepler,4870.0,14.438,306.91
HAT-P-60 b,4.7947813,18.28184752,0.26901554,1,Transit,HATNet,6212.0,9.727,233.22
HD 88986 b,146.05,2.49,0.18,1,Radial Velocity,Haute-Provence Observatory,5861.0,6.46974,33.2673
Kepler-704 b,3.76182115,2.61,0.6,1,Transit,Kepler,5616.0,15.454,1228.83
K2-385 b,2.380867,1.539,0.145,1,Transit,K2,4844.0,14.645,420.819
Kepler-1432 b,23.9109011,2.22,0.69,1,Transit,Kepler,6031.0,15.594,2171.87
Kepler-135 c,11.448708,1.16,0.23,1,Transit,Kepler,6090.0,12.794,621.855
Kepler-950 b,98.7180406,8.98,1.56,1,Transit,Kepler,5857.0,16.0,2161.6
HD 73526 b,188.3,13.1,,0,Radial Velocity,Anglo-Australian Telescope,5601.0,8.99,97.2396
HD 207897 b,16.20166,2.34302132,0.123646,1,Transit,Transiting Exoplanet Survey Satellite (TESS),5106.0,8.37,28.2938
Kepler-1459 b,62.8691611,1.36,0.1,1,Transit,Kepler,4828.0,14.893,455.479
Kepler-1358 b,7.06317341,1.12,0.07,1,Transit,Kepler,5181.0,14.693,546.998
HD 360 b,273.1,14.0,,0,Radial Velocity,Okayama Astrophysical Observatory,4770.0,5.986,111.542
TOI-4030 b,2.50900199461,5.8462559,0.41681993,1,Transit,Transiting Exoplanet Survey Satellite (TESS),5640.37,13.862,571.615
Kepler-741 b,7.03902374,2.97,1.01,1,Transit,Kepler,6129.0,15.186,1661.87
Kepler-1299 b,19.9400874,2.98,0.66,1,Transit,Kepler,5609.0,15.962,1404.94
Kepler-1806 b,9.033320427,2.35560189,,1,Transit,Kepler,5311.0,16.173,978.066
TOI-375 c,115.5,13.4,,0,Radial Velocity,Multiple Observatories,5259.9,11.516,396.213
Kepler-1048 b,6.92101021,1.61,0.09,1,Transit,Kepler,4651.0,15.138,556.006
Kepler-749 b,17.31716585,3.1,0.23,1,Transit,Kepler,5009.0,16.153,721.027
HD 102329 b,778.09998,12.6,,0,Radial Velocity,W. M. Keck Observatory,4745.0,7.88,217.107
TOI-1194 b,2.3106446,8.71664516,0.15541841,1,Transit,Transiting Exoplanet Survey Satellite (TESS),5394.0,11.302,149.667
Barnard d,2.3402,0.694,,0,Radial Velocity,Gemini Observatory,3195.0,9.54,1.82655
Kepler-1951 b,20.65780067,2.32107188,,1,Transit,Kepler,5468.0,14.367,1277.32
HIP 114933 b,1481.6,13.4,,0,Radial Velocity,Multiple Observatories,4823.0,7.25,101.766
Kepler-1305 b,13.5630972,1.88,0.35,1,Transit,Kepler,5701.0,15.834,1575.23
Kepler-598 b,3.70175428,1.5,0.12,1,Transit,Kepler,5307.0,14.829,681.086
HD 185283 b,4060.0,13.6,,0,Radial Velocity,La Silla Observatory,4848.0,9.03,31.395
Kepler-1920 b,30.2541008,2.95415848,,1,Transit,Kepler,6277.0,14.392,885.913
HD 65216 b,577.6,13.6,,0,Radial Velocity,La Silla Observatory,5612.0,7.97,35.1205
Kepler-954 b,16.78176602,2.32,0.05,1,Transit,Kepler,4990.0,13.095,215.814
EPIC 206042996 c,0.354884,1.2,0.2,1,Transit,K2,4114.0,16.59,451.769
HATS-38 b,4.375021,6.882326,0.190553,1,Transit,HATSouth,5732.0,11.967,343.525
Kepler-1388 c,5.53608151,2.26,0.14,1,Transit,Kepler,4098.0,16.43,453.795
TIC 178172313 b,4.3731816136,2.80405322,0.87657907,1,Transit,Transiting Exoplanet Survey Satellite (TESS),5405.59,11.924,178.137
Gliese 12 b,12.761418,0.93,0.06,1,Transit,Transiting Exoplanet Survey Satellite (TESS),3328.0,12.6,12.21
Kepler-266 c,107.723601,3.89,1.89,1,Transit,Kepler,5885.0,15.787,1370.79
NGTS-30 b,98.29838,10.40193409,0.35868738,1,Transit,Transiting Exoplanet Survey Satellite (TESS),5455.0,12.537,238.377
Kepler-1388 e,37.6327084,2.46,0.14,1,Transit,Kepler,4098.0,16.43,453.795
Kepler-1311 b,11.1726994,1.24,0.25,1,Transit,Kepler,5748.0,13.528,866.331
Kepler-1991 c,22.79020351,2.57,0.36,1,Transit,Kepler,5478.0,15.048,855.82
Kepler-126 d,100.283134,2.5,0.05,1,Transit,Kepler,6239.0,10.505,237.401
TOI-4029 b,5.88498234631,6.73756618,0.48174093,1,Transit,Transiting Exoplanet Survey Satellite (TESS),5662.53,11.554,274.436
Kepler-2001 b,1.090011003,1.04,0.13,1,Transit,Kepler,5081.0,15.981,776.55
Kepler-1247 b,13.71220213,2.33,0.21,1,Transit,Kepler,5303.0,15.925,1045.92
Kepler-68 e,3455.0,11.2,,0,Radial Velocity,Roque de los Muchachos Observatory,5847.0,10.077,144.166
Kepler-1406 b,11.62905828,1.1,0.18,1,Transit,Kepler,5892.0,13.39,572.403
Kepler-1682 b,14.8334,2.88940836,,1,Transit,Kepler,5619.12,15.907,1159.85
Kepler-174 d,247.35373,2.19,0.13,1,Transit,Kepler,4880.0,14.53,384.757
Kepler-326 b,2.248329,1.52,0.16,1,Transit,Kepler,5105.0,13.734,487.675
GJ 3998 d,41.78,2.34,,0,Radial Velocity,Multiple Observatories,3726.0,10.844,18.1459
HD 205158 b,25.33798,13.9,,0,Radial Velocity,Multiple Observatories,6133.55,7.84,86.6159
HD 219134 h,2247.0,12.7,,0,Radial Velocity,Roque de los Muchachos Observatory,4913.0,5.56911,6.53127
K2-183 c,10.787992,2.3,0.2,1,Transit,K2,5482.0,12.867,329.041
NGTS-21 b,1.5433897,14.90794433,0.33626942,1,Transit,Next-Generation Transit Survey (NGTS),4660.0,15.506,592.891
Kepler-1519 b,240.7989397,7.06,0.81,1,Transit,Kepler,5644.0,15.124,1441.63
TOI-2459 b,19.104718,2.9531,0.0916,1,Transit,Transiting Exoplanet Survey Satellite (TESS),4195.0,10.772,36.6113
Kepler-784 b,31.5922646,1.58,0.34,1,Transit,Kepler,5674.0,13.392,1303.72
TOI-2641 b,4.880974,18.10250383,5.17854908,1,Transit,Transiting Exoplanet Survey Satellite (TESS),6100.0,11.693,344.045
Kepler-255 c,9.946047,2.99,1.18,1,Transit,Kepler,5573.0,15.699,1052.53
HD 51608 c,95.9446,3.87,,0,Radial Velocity,La Silla Observatory,5358.0,8.17,35.0553
TIC 434398831 c,6.210291,5.63,0.29,1,Transit,Transiting Exoplanet Survey Satellite (TESS),5638.0,11.682,217.011
TOI-3082 b,1.926907,3.6621,0.1464,1,Transit,Transiting Exoplanet Survey Satellite (TESS),4263.0,12.934,113.048
Kepler-1037 b,1.063788673,1.28,0.09,1,Transit,Kepler,5105.0,14.475,446.914
TOI-2141 d,60.45,3.97,,0,Radial Velocity,Roque de los Muchachos Observatory,5635.0,9.46,77.682
HD 88133 b,3.414884,13.8,,0,Radial Velocity,W. M. Keck Observatory,5392.0,8.01852,73.6123
TOI-1448 b,8.112245,2.749,0.067,1,Transit,Transiting Exoplanet Survey Satellite (TESS),3412.0,15.678,73.3345
TIC 294329732 b,9.7565876181,2.07692266,0.22293792,1,Transit,Transiting Exoplanet Survey Satellite (TESS),5201.93,12.23,189.333
K2-272 b,14.4536756,3.13,0.38,1,Transit,K2,5397.0,13.872,423.065
TOI-3474 b,3.8795105,14.67255574,0.36989636,1,Transit,Transiting Exoplanet Survey Satellite (TESS),6020.0,12.531,420.123
Kepler-825 c,8.1818246,1.84,0.4,1,Transit,Kepler,5976.0,14.296,807.85
Kepler-382 b,5.262155,1.32,0.63,1,Transit,Kepler,5600.0,14.907,935.446
Kepler-266 b,6.61833,2.48,1.2,1,Transit,Kepler,5885.0,15.787,1370.79
Kepler-1962 b,7.991459846,1.21463929,,1,Transit,Kepler,5700.0,15.146,866.826
TOI-1266 d,32.509,1.74,,0,Transit Timing Variations,Transiting Exoplanet Survey Satellite (TESS),3563.0,12.941,36.0118
Kepler-691 b,8.114379,2.09,0.09,1,Transit,Kepler,3715.0,16.6,279.115
HD 142415 b,386.29999,13.5,,0,Radial Velocity,La Silla Observatory,5940.0,7.33,35.5318
WASP-167 b,2.0219596,17.71022,0.56045,1,Transit,Multiple Observatories,7000.0,10.517,423.552
K2-412 b,5.9382,2.116,0.105,1,Transit,K2,5590.0,15.746,654.085
Kepler-1441 b,39.4419839,1.31,0.22,1,Transit,Kepler,5802.0,14.29,1110.48
CoRoT-28 b,5.20851,10.704595,0.739794,1,Transit,CoRoT,5150.0,13.783,766.183
Kepler-37 c,21.301848,0.755,0.033,1,Transit,Kepler,5357.0,9.770001,63.9207
Kepler-138 c,13.7815,1.51,0.04,1,Transit,Kepler,3841.0,13.04,66.8624
Kepler-46 d,6.766589,1.64,0.92,1,Transit,Kepler,5309.0,15.312,777.06
Kepler-1755 b,24.81209946,5.91688317,,1,Transit,Kepler,6086.0,14.544,982.383
Teegarden's Star c,11.416,1.02,,0,Radial Velocity,Calar Alto Observatory,3034.0,15.13,3.83078
HD 219828 b,3.83483,4.59,,0,Radial Velocity,La Silla Observatory,5891.0,8.04,73.114
Kepler-835 b,11.41909375,2.79,0.54,1,Transit,Kepler,5954.0,16.062,2406.33
Kepler-1666 c,40.7157,3.23564749,,1,Transit,Kepler,6293.0,15.104,1379.37
Kepler-1143 b,2.888904849,1.67,0.13,1,Transit,Kepler,5053.0,15.493,555.189
KOI-4777.01,0.412,0.51,0.03,1,Transit,Kepler,3515.0,16.413,172.245
Kepler-79 d,52.0897,7.15,0.2,1,Transit,Kepler,6389.0,14.036,1020.72
Kepler-190 b,2.019999,1.56,0.11,1,Transit,Kepler,5106.0,14.336,433.387
NGTS-17 b,3.24253,13.89913607,1.23298788,1,Transit,Next-Generation Transit Survey (NGTS),5650.0,14.412,1040.28
Kepler-354 c,16.934402,1.31,0.42,1,Transit,Kepler,4648.0,15.771,554.064
TIC 198190129 b,7.94804910667,2.92284949,0.21251203,1,Transit,Transiting Exoplanet Survey Satellite (TESS),4377.53,13.704,130.035
Kepler-1933 b,4.943290234,1.17984089,,1,Transit,Kepler,5661.0,12.81,328.007
TOI-5811 B b,6.25663,21.96960217,2.01761653,1,Transit,Multiple Observatories,4840.0,8.85,170.135
Kepler-1041 b,24.7576421,2.94,0.62,1,Transit,Kepler,5957.0,14.576,1485.82
KIC 10525077 b,854.083,5.5,0.9,1,Transit,Kepler,6091.0,15.592,1461.15
K2-70 b,13.97896,2.89,0.47,1,Transit,K2,5622.0,13.074,232.964
TOI-5704 b,3.771116,3.2274,0.1873,1,Transit,Transiting Exoplanet Survey Satellite (TESS),4590.0,11.529,89.637
HATS-4 b,2.516729,11.433,0.415,1,Transit,HATSouth,5403.0,13.516,416.459
Kepler-121 b,3.177422,2.34,1.27,1,Transit,Kepler,5311.0,14.904,510.523
HD 163607 b,75.2203,13.9,,0,Radial Velocity,W. M. Keck Observatory,5522.0,8.0,67.7855
TOI-1453 b,4.3135225,1.173,0.059,1,Transit,Transiting Exoplanet Survey Satellite (TESS),4975.0,11.113,78.7415
Kepler-395 c,34.989262,1.32,0.09,1,Transit,Kepler,4262.0,16.5919,421.382
TOI-7393 b,3.33708,11.3,0.69,1,Transit,Transiting Exoplanet Survey Satellite (TESS),3927.0,14.834,189.038
HIP 81991 b,5860.0,12.5,,0,Radial Velocity,Multiple Facilities,5100.0,6.56168,43.9016
Kepler-1965 b,41.86869812,1.35415138,,1,Transit,Kepler,5852.0,13.839,521.791
DMPP-8 b,62.915,10.8,,0,Radial Velocity,Multiple Observatories,6009.0,8.65,76.1335
Kepler-501 b,5.640677572,4.3,0.69,1,Transit,Kepler,5904.0,14.886,1125.24
TOI-892 b,10.62656,11.99363,0.22418,1,Transit,Transiting Exoplanet Survey Satellite (TESS),6261.0,11.43,340.543
Kepler-1898 b,4.765620232,0.93353523,,1,Transit,Kepler,5702.0,13.387,360.921
Kepler-1274 b,6.98152703,1.42,0.1,1,Transit,Kepler,6179.0,11.717,614.648
G 9-40 b,5.7459982,1.9,0.065,1,Transit,K2,3395.0,13.821,27.9276
K2-46 b,19.1541,2.05,0.24,1,Transit,K2,6256.0,12.144,449.237
K2-199 c,7.3744897,2.85,0.1,1,Transit,K2,4491.0,12.358,107.518
TOI-2005 b,17.305904,11.99360935,0.67253884,1,Transit,Transiting Exoplanet Survey Satellite (TESS),7130.0,9.867,328.475
Kepler-1065 b,3.609308907,3.73,0.64,1,Transit,Kepler,5635.0,15.744,1122.48
TOI-7394 B b,1.252995,11.5,0.69,1,Transit,Transiting Exoplanet Survey Satellite (TESS),3717.0,15.5219,189.986
HD 112300 b,466.63,12.2,,0,Radial Velocity,Bohyunsan Optical Astronomical Observatory,3657.0,3.39515,62.07324
TOI-5614 b,4.17221328949,3.21759316,0.36584065,1,Transit,Transiting Exoplanet Survey Satellite (TESS),4553.0,14.093,223.016
Kepler-793 b,4.24153639,1.37,0.28,1,Transit,Kepler,5745.0,14.742,985.699
Kepler-307 c,13.0729,2.2,0.07,1,Transit,Kepler,5367.0,14.149,575.581
Kepler-613 b,15.77979614,2.29,0.4,1,Transit,Kepler,5723.0,14.795,861.494
K2-138 g,41.96797,3.013,0.303,1,Transit,K2,5356.3,12.246,202.585
HD 128311 b,453.019,13.5,,0,Radial Velocity,W. M. Keck Observatory,4965.0,7.48,16.3292
Kepler-20 b,3.6961049,1.773,0.053,1,Transit,Kepler,5495.0,12.61,282.563
Kepler-1634 b,374.876239,3.19,0.52,1,Transit,Kepler,5474.0,14.636,617.339
HD 715 b,56.4,11.99360935,0.44835923,1,Transit,Transiting Exoplanet Survey Satellite (TESS),6070.0,8.703,167.253
Kepler-445 d,8.15275,1.25,0.19,1,Transit,Kepler,3157.0,18.19,127.201
Kepler-1701 b,169.134,2.22186207,,1,Transit,Kepler,5146.0,14.722,584.142
Kepler-1835 b,11.96409988,3.53387773,,1,Transit,Kepler,5903.0,15.615,1404.38
Kepler-1024 b,66.4162133,3.91,0.27,1,Transit,Kepler,5143.0,16.272,1087.4
Kepler-1545 b,163.692349,2.7,0.22,1,Transit,Kepler,5201.0,15.256,729.964
Kepler-1774 b,59.77080154,3.18179549,,1,Transit,Kepler,6214.0,14.02,816.592
KOBE-1 b,8.5399,2.91,,0,Radial Velocity,Calar Alto Observatory,4135.0,10.1,23.9718
Kepler-1852 b,7.970940113,1.88610592,,1,Transit,Kepler,5237.0,15.726,772.481
Kepler-1196 b,66.1849031,2.23,0.37,1,Transit,Kepler,5756.0,15.009,922.333
TOI-1221 b,91.68278,2.91,0.13,1,Transit,Transiting Exoplanet Survey Satellite (TESS),5592.0,10.494,138.411
Kepler-324 c,51.805612,3.15,0.33,1,Transit,Kepler,5194.0,14.222,501.574
Kepler-1122 b,42.1917357,2.04,0.27,1,Transit,Kepler,5544.0,15.405,1230.42
Kepler-1826 b,1.615360022,1.47519116,,1,Transit,Kepler,3821.0,16.83,336.952
HD 134606 c,58.883,3.37,,0,Radial Velocity,Multiple Observatories,5576.0,6.86,26.7909
TIC 150070085 b,10.47423,3.62,0.21,1,Transit,Transiting Exoplanet Survey Satellite (TESS),5999.0,11.165,204.368
HIP 75092 b,926.4,13.5,,0,Radial Velocity,Multiple Observatories,4891.0,7.11,81.6696
Kepler-828 b,0.567857136,1.51,0.08,1,Transit,Kepler,5039.0,15.374,575.322
HD 5278 b,14.339156,2.45,0.05,1,Transit,Transiting Exoplanet Survey Satellite (TESS),6203.0,7.94,57.5846
Kepler-1157 b,4.45743164,1.09,0.04,1,Transit,Kepler,4679.0,14.603,342.144
Kepler-1610 b,8.70181574,1.61,0.19,1,Transit,Kepler,5383.0,16.077,864.331
Kepler-1245 c,2.936584681,1.44,0.13,1,Transit,Kepler,5306.0,15.582,805.936
Kepler-297 d,150.0189511,32.6,3.6,1,Transit,Kepler,5618.0,14.326,692.14
Kepler-431 b,6.803,0.764,,1,Transit,Kepler,6004.0,12.139,486.546
DMPP-4 b,3.4982,3.53,,0,Radial Velocity,Multiple Observatories,6400.0,5.72936,25.3284
Kepler-184 d,29.022358,2.49,1.41,1,Transit,Kepler,5788.0,14.42,610.326
Kepler-1140 b,24.0862707,2.77,0.45,1,Transit,Kepler,4850.0,15.751,656.48
TOI-1799 b,7.094570865,1.642,0.227,1,Transit,Transiting Exoplanet Survey Satellite (TESS),5690.0,8.98,62.1274
Kepler-1696 b,65.9409,2.80982017,,1,Transit,Kepler,5712.0,15.505,1506.36
Kepler-928 b,3.932461302,1.59,0.31,1,Transit,Kepler,4700.0,15.586,508.809
Kepler-153 c,46.90232,2.53,1.52,1,Transit,Kepler,5404.0,14.388,459.368
HD 73256 c,2690.0,12.2,,0,Radial Velocity,La Silla Observatory,5570.0,8.08,36.708
HD 175541 b,298.43,14.1,,0,Radial Velocity,W. M. Keck Observatory,5013.0,8.020001,129.603
HD 219134 g,94.2,3.28,,0,Radial Velocity,Multiple Observatories,4913.0,5.56911,6.53127
Kepler-708 b,3.167891938,2.93,0.64,1,Transit,Kepler,5692.0,15.61,1394.22
WASP-54 b,3.69364,17.71022,1.90553,1,Transit,SuperWASP,6100.0,10.413,251.303
K2-250 b,4.01392,2.71257333,0.17934369,1,Transit,K2,5003.0,14.314,414.708
K2-223 b,0.505608,0.79,0.1,1,Transit,K2,5858.0,11.443,198.604
K2-223 c,4.56395,1.41,0.15,1,Transit,K2,5858.0,11.443,198.604
Kepler-1325 b,33.8786838,2.86,0.4,1,Transit,Kepler,5550.0,15.311,973.368
Kepler-703 b,4.583521756,8.2,3.71,1,Transit,Kepler,6185.0,15.599,1156.83
TOI-1533 c,8.0637926,7.5,,1,Transit,Transiting Exoplanet Survey Satellite (TESS),5146.0,10.953,100.051
Kepler-957 b,5.907413537,5.5,0.29,1,Transit,Kepler,4963.0,15.833,824.688
TOI-3856 b,2.04360352,13.59649359,0.28022452,1,Transit,Transiting Exoplanet Survey Satellite (TESS),5622.0,12.292,314.443
Kepler-1740 b,8.172400475,3.32321414,,1,Transit,Kepler,5705.0,15.454,1061.77
Kepler-176 d,25.751974,2.51,1.32,1,Transit,Kepler,5232.0,14.767,527.321
K2-150 b,10.59357,2.0,0.27,1,Transit,K2,3499.0,15.784,102.483
Kepler-307 b,10.4208,2.43,0.09,1,Transit,Kepler,5367.0,14.149,575.581
Kepler-755 c,2.853133644,1.26,0.05,1,Transit,Kepler,5043.0,14.277,399.034
Kepler-607 c,39.67679977,2.76001201,,1,Transit,Kepler,5244.0,14.672,519.122
TOI-540 b,1.2391491,0.903,0.052,1,Transit,Transiting Exoplanet Survey Satellite (TESS),3216.0,14.823,14.0022
K2-320 b,1.995,2.62,0.23,1,Transit,K2,3157.0,17.81,108.74
Kepler-1523 b,0.93875077,1.58,0.27,1,Transit,Kepler,5708.0,14.993,865.596
GJ 463 b,3459.0,13.1,,0,Radial Velocity,Multiple Observatories,3563.0,11.595,18.3554
Kepler-62 c,12.4417,0.54,0.03,1,Transit,Kepler,4925.0,13.965,300.874
HD 222582 b,572.38,12.6,,0,Radial Velocity,W. M. Keck Observatory,5790.0,7.68,42.1586
Kepler-210 c,7.972513,3.62,0.19,1,Transit,Kepler,4559.0,14.126,232.75
Kepler-1551 b,24.4973698,2.66,0.91,1,Transit,Kepler,6136.0,15.371,1463.72
TIC 188624430 b,6.21860433132,3.64811843,0.288233,1,Transit,Transiting Exoplanet Survey Satellite (TESS),5369.46,13.195,300.743
Kepler-1174 b,6.89225223,1.59,0.31,1,Transit,Kepler,5936.0,14.271,1408.75
Kepler-269 c,8.127899,1.69,0.8,1,Transit,Kepler,5847.0,15.646,2257.32
Kepler-607 b,0.638163204,0.87,0.06,1,Transit,Kepler,5196.0,14.672,519.122
Kepler-1981 b,453.54212,9.23,1.76,1,Transit,Kepler,5874.0,13.563,659.395
TOI-6041 c,88.0,10.5,,0,Radial Velocity,Multiple Observatories,5445.0,9.838,72.4731
HD 109833 c,13.900148,2.59,0.196,1,Transit,Transiting Exoplanet Survey Satellite (TESS),5881.0,9.29,79.5561
Kepler-1082 b,1.543206604,1.12,0.18,1,Transit,Kepler,5923.0,13.444,739.557
Kepler-431 d,11.922,1.11,,1,Transit,Kepler,6004.0,12.139,486.546
WASP-170 b,2.34478022,12.285064,0.952765,1,Transit,SuperWASP-South,5600.0,12.613,305.603
K2-74 b,19.5666,2.31,0.19,1,Transit,K2,6060.0,12.715,377.822
Kepler-372 d,30.092568,1.69,0.73,1,Transit,Kepler,6509.0,14.928,1493.95
HD 25723 b,457.01,13.3,,0,Radial Velocity,Lick Observatory,4766.0,5.60075,114.816
TOI-7155 b,3.89489711981,2.40821473,0.34326283,1,Transit,Transiting Exoplanet Survey Satellite (TESS),4673.03,12.758,144.751
Kepler-84 b,8.726,2.23,0.1,1,Transit,Kepler,6039.0,14.92,1023.9
TOI-3353.01,4.6657965,2.6667555,0.230776,1,Transit,Transiting Exoplanet Survey Satellite (TESS),6365.0,9.327,78.7577
HD 278555 b,28.842438,11.02963701,0.40352331,1,Transit,Transiting Exoplanet Survey Satellite (TESS),6047.0,11.046,289.829
Kepler-1555 b,8.10501635,1.61,0.46,1,Transit,Kepler,5866.0,15.425,2013.27
Kepler-1725 b,16.71990013,2.8125177,,1,Transit,Kepler,6020.0,13.153,558.652
TOI-2104 b,5.904370457,1.52898127,0.13889258,1,Transit,Transiting Exoplanet Survey Satellite (TESS),4856.13,10.838,76.7418
Kepler-120 b,6.312501,2.15,0.17,1,Transit,Kepler,4096.0,14.995,388.63
Kepler-627 b,40.6994443,3.73,1.6,1,Transit,Kepler,6424.0,14.181,984.307
Kepler-1326 b,42.3514267,4.18,1.51,1,Transit,Kepler,6725.0,12.842,698.326
TOI-1184 b,5.748433803,2.39,0.25,1,Transit,Transiting Exoplanet Survey Satellite (TESS),4534.0,10.988,58.5946
G 192-15 b,2.27476,1.02,,0,Radial Velocity,Calar Alto Observatory,2999.0,14.64,9.53114
HATS-61 b,7.817953,13.394755,0.751003,1,Transit,HATSouth,5542.0,13.352,679.761
Kepler-684 b,6.770302008,3.36,0.3,1,Transit,Kepler,5493.0,15.695,1731.27
WASP-159 b,3.840401,15.46842,1.00881,1,Transit,SuperWASP-South,6120.0,12.836,715.383
K2-26 b,14.5665,2.67,0.46,1,Transit,K2,3785.0,14.528,99.0504
TIC 9344899 b,8.5821566,9.16,0.4,1,Transit,Transiting Exoplanet Survey Satellite (TESS),5800.0,13.291,532.228
WASP-194 b,3.183387,15.47960235,0.9863903,1,Transit,SuperWASP,6405.0,11.985,476.831
Kepler-1956 b,5.943719864,1.08940238,,1,Transit,Kepler,4391.0,15.989,360.468
K2-335 b,12.283211,2.21,0.18,1,Transit,K2,6222.0,12.556,557.993
Kepler-352 c,16.332995,1.24,0.1,1,Transit,Kepler,5212.0,13.142,252.733
Kepler-1175 b,37.94563,2.99,0.27,1,Transit,Kepler,5453.0,15.972,1121.89
HIP 67522 c,14.334892,7.93595834,0.3474784,1,Transit,Transiting Exoplanet Survey Satellite (TESS),5675.0,9.79,127.28
HD 148797 b,42.0988331,8.25,0.37,1,Transit,Transiting Exoplanet Survey Satellite (TESS),6441.0,9.569,172.374
HD 148797 c,68.1514539,8.3618996,0.38110534,1,Transit,Transiting Exoplanet Survey Satellite (TESS),6441.0,9.569,172.374
TOI-2427 c,5.15,2.43,,0,Radial Velocity,La Silla Observatory,4203.0,10.295,28.5147
TOI-2453 b,4.44143463188,3.24380341,0.29909721,1,Transit,Transiting Exoplanet Survey Satellite (TESS),3720.23,14.415,81.9043
TOI-3523 A b,2.30458952,15.9727975,0.41473229,1,Transit,Transiting Exoplanet Survey Satellite (TESS),6450.0,12.56,645.294
Kepler-1586 b,15.6049212,1.52,0.65,1,Transit,Kepler,6681.0,13.278,552.55
TOI-1062 c,7.972,3.1,,0,Radial Velocity,La Silla Observatory,5328.0,10.249,82.1733
Kepler-30 b,29.33434,3.9,0.2,1,Transit,Kepler,5498.0,15.726,914.221
Kepler-1285 b,14.7967458,0.97,0.1,1,Transit,Kepler,6170.0,11.717,422.269
TOI-1230.01,25.05734661842,2.38627705,0.25461704,1,Transit,Transiting Exoplanet Survey Satellite (TESS),5696.0,10.254,143.138
Kepler-416 b,6.319,2.48,0.99,1,Transit,Kepler,5718.0,14.166,690.819
Kepler-416 c,12.209,2.352,0.081,1,Transit,Kepler,5718.0,14.166,690.819
KOI-142 c,22.26492,14.0,,0,Transit Timing Variations,Kepler,5466.0,13.209,376.863
HD 114082 b,225.5504,11.72459381,0.15692573,1,Transit,Transiting Exoplanet Survey Satellite (TESS),6610.0,8.2,95.3906
Kepler-103 c,179.60978,5.4539,0.177,1,Transit,Kepler,6047.0,11.883,494.832
Kepler-433 b,5.33408384,16.25,1.79,1,Transit,Kepler,6360.0,14.717,1878.31
CoRoT-8 b,6.21229,6.39,0.22,1,Transit,CoRoT,5080.0,14.792,322.037
Kepler-361 c,55.188023,2.52,0.48,1,Transit,Kepler,6169.0,13.635,930.32
TOI-5728 b,11.49761,1.31,0.05,1,Transit,Transiting Exoplanet Survey Satellite (TESS),3419.0,15.02,54.7045
Kepler-568 b,11.02347475,2.26,0.08,1,Transit,Kepler,3768.0,15.216,130.645
Kepler-1923 b,52.60969925,1.95958179,,1,Transit,Kepler,5881.0,14.454,990.838
Kepler-1208 b,11.08507637,2.32,0.19,1,Transit,Kepler,5001.0,16.256,825.176
Kepler-406 c,4.62332,0.85,0.03,1,Transit,Kepler,5538.0,12.603,364.03
Kepler-1910 b,5.688769817,1.184,,1,Transit,Kepler,4234.0,16.092,
Kepler-1655 b,11.8728787,2.213,0.082,1,Transit,Kepler,6148.0,11.045,213.26
HD 191939 g,284.0,3.74,,0,Radial Velocity,Multiple Observatories,5348.0,8.97,53.6089
HD 87816 c,7596.0,12.4,,0,Radial Velocity,La Silla Observatory,4989.0,6.5,133.233
Kepler-185 c,20.729042,2.02,1.17,1,Transit,Kepler,5208.0,14.562,466.735
TOI-707 b,52.79918,2.416,0.098,1,Transit,Transiting Exoplanet Survey Satellite (TESS),5424.0,10.71,130.959
WASP-7 b,4.9546416,14.90797,1.042437,1,Transit,SuperWASP,6400.0,9.504,162.303
Kepler-738 b,24.58721573,2.5,0.2,1,Transit,Kepler,5327.0,15.793,1113.65
Kepler-725 c,207.541,3.08,,0,Transit Timing Variations,Kepler,5395.0,15.145,758.469
Kepler-658 b,1.287076762,1.63,0.06,1,Transit,Kepler,4103.0,16.44,388.384
HD 235088 b,7.4341325,1.982,0.072,1,Transit,Transiting Exoplanet Survey Satellite (TESS),5075.0,9.19,41.1706
Kepler-93 b,4.72673978,1.478,0.019,1,Transit,Kepler,5669.0,9.996,95.9115
Kepler-596 b,21.30022655,3.46,1.63,1,Transit,Kepler,6267.0,14.128,1023.85
K2-174 b,19.562307,2.6,0.1,1,Transit,K2,4455.0,12.456,99.9293
TOI-2154 b,3.8240801,16.28664896,0.59407598,1,Transit,Transiting Exoplanet Survey Satellite (TESS),6280.0,11.068,296.46
Kepler-1357 b,3.0091324,1.28,0.2,1,Transit,Kepler,5597.0,15.322,1015.69
Kepler-1807 b,10.86060047,2.70393215,,1,Transit,Kepler,6455.0,14.127,1299.32
GJ 3378 b,21.45,1.32,,0,Radial Velocity,Mauna Kea Observatory,3340.0,12.37,7.72274
Kepler-256 b,1.620493,1.59,0.39,1,Transit,Kepler,5551.0,15.178,1026.43
NGTS-31 b,4.162734,18.04645893,1.79343691,1,Transit,Transiting Exoplanet Survey Satellite (TESS),5710.0,13.519,497.376
HIP 67522 b,6.9594731,9.9872018,0.23538859,1,Transit,Transiting Exoplanet Survey Satellite (TESS),5675.0,9.79,127.28
TOI-2427 b,1.305962,1.64,0.12,1,Transit,Transiting Exoplanet Survey Satellite (TESS),4203.0,10.295,28.5147
Kepler-574 b,7.65880414,2.39,0.33,1,Transit,Kepler,5612.0,14.671,682.896
Kepler-1062 b,9.30412078,1.76,0.09,1,Transit,Kepler,4597.0,15.095,397.455
HD 28185 c,9090.0,12.8,,0,Radial Velocity,Multiple Observatories,5602.0,7.8,39.3809
TOI-1836 c,1.7727471,2.59987579,0.22132646,1,Transit,Transiting Exoplanet Survey Satellite (TESS),6237.0,9.765,191.649
Kepler-414 b,4.7,1.71,0.31,1,Transit,Kepler,5536.0,13.378,413.46
Kepler-411 d,58.02035,3.319,0.104,1,Transit,Kepler,4974.0,12.448,153.676
Kepler-247 c,9.439452,4.09,1.14,1,Transit,Kepler,5100.0,15.199,663.711
Kepler-725 b,39.64372,10.8,0.6,1,Transit,Kepler,5395.0,15.145,758.469
K2-317 b,6.22,2.93,0.19,1,Transit,K2,3387.0,17.74,176.291
Kepler-1375 b,3.3004192,1.74,0.68,1,Transit,Kepler,6704.0,13.864,1430.84
TOI-6478 b,34.005019,4.6,0.24,1,Transit,Transiting Exoplanet Survey Satellite (TESS),3230.0,15.99,38.6057
Kepler-1338 b,0.935118057,0.92,0.19,1,Transit,Kepler,5909.0,13.699,753.26
WASP-59 b,7.919585,8.687,0.762,1,Transit,SuperWASP,4650.0,12.659,115.936
K2-63 c,25.4556,3.9,1.2,1,Transit,K2,6771.0,12.98,517.534
KOI-4978 b,0.941967,0.7,0.1,1,Transit,Kepler,5050.28,15.633,936.341
Kepler-1539 b,133.3036741,2.7,0.19,1,Transit,Kepler,5176.0,15.487,748.326
Kepler-614 b,14.03491514,2.39,0.2,1,Transit,Kepler,5268.0,14.81,527.995
Kepler-257 c,6.581484,5.41,2.72,1,Transit,Kepler,5180.0,15.652,780.256
TOI-5398 b,10.590547,10.3,0.4,1,Transit,Transiting Exoplanet Survey Satellite (TESS),6000.0,10.059,130.855
TOI-1820 b,4.860674,12.778238,0.22417961,1,Transit,Transiting Exoplanet Survey Satellite (TESS),5734.0,10.899,248.504
Kepler-1220 b,7.42693741,1.52,0.33,1,Transit,Kepler,5842.0,15.194,961.907
TOI-938 b,8.80733882211,4.82401567,0.35034925,1,Transit,Transiting Exoplanet Survey Satellite (TESS),5829.42,11.389,215.034
Kepler-192 d,6.47027579,1.02,0.1,1,Transit,Kepler,5487.0,14.308,651.674
Kepler-825 b,3.77360059,1.53,0.39,1,Transit,Kepler,5976.0,14.296,807.85
Kepler-1414 b,3.51576315,1.23,0.09,1,Transit,Kepler,4951.0,14.989,570.835
HD 86950 b,1270.0,13.0,,0,Radial Velocity,Multiple Observatories,4805.0,7.47,209.839
Kepler-1150 b,2.787868386,1.02,0.06,1,Transit,Kepler,4754.0,14.748,358.518
Kepler-1765 b,10.41889954,2.49508857,,1,Transit,Kepler,5692.0,15.04,764.456
Kepler-831 b,5.62153941,1.27,0.1,1,Transit,Kepler,5732.0,13.751,593.54
K2-257 b,1.60588,0.83,0.06,1,Transit,K2,3725.0,13.716,64.0065
Kepler-27 d,6.546289921,2.7061946,,1,Transit,Kepler,5251.0,15.822,1044.36
HIP 29442 d,6.429575,1.538,0.049,1,Radial Velocity,Paranal Observatory,5289.0,9.49,68.192
Kepler-196 b,20.739886,1.9,0.15,1,Transit,Kepler,5128.0,14.239,451.312
Kepler-806 b,8.09219642,1.14,0.33,1,Transit,Kepler,5770.0,11.813,361.896
Kepler-1854 b,39.83110046,2.58746104,,1,Transit,Kepler,5026.0,14.381,423.348
TOI-5624 b,3.3903473,2.314,0.035,1,Transit,Transiting Exoplanet Survey Satellite (TESS),5327.0,10.81,101.913
Kepler-739 b,12.53248465,3.32,0.49,1,Transit,Kepler,5601.0,15.711,1370.65
HD 204313 b,2041.11539,12.9,,0,Radial Velocity,La Silla Observatory,5767.0,7.99,47.7945
Kepler-129 d,2646.0,12.6,,0,Radial Velocity,W. M. Keck Observatory,5770.0,11.809,408.845
Kepler-389 c,14.51143,1.46,0.75,1,Transit,Kepler,5376.0,15.769,816.559
K2-158 c,5.90279,1.28,0.13,1,Transit,K2,5503.0,11.774,197.299
Kepler-864 c,2.42150341,1.62,0.47,1,Transit,Kepler,6213.0,15.898,2022.9
TOI-5800 b,2.6278838,2.46,0.18,1,Transit,Transiting Exoplanet Survey Satellite (TESS),4850.0,9.553001,42.9052
TOI-2803 A b,1.96229325,18.11371281,0.38110534,1,Transit,Transiting Exoplanet Survey Satellite (TESS),6280.0,12.537,494.818
Kepler-1462 b,65.6488341,3.82,0.82,1,Transit,Kepler,5756.0,15.888,1017.82
HD 191939 b,8.8803256,3.41,0.075,1,Transit,Transiting Exoplanet Survey Satellite (TESS),5348.0,8.97,53.6089
HD 212771 b,380.7,13.3,,0,Radial Velocity,W. M. Keck Observatory,5003.0,7.6,111.155
Kepler-1695 b,4.7329,1.11948901,,1,Transit,Kepler,5473.19,14.762,791.175
TOI-1782.02,1.829024227,1.839,0.234,1,Transit,Transiting Exoplanet Survey Satellite (TESS),4336.0,12.329,95.2649
WASP-119 b,2.49979,15.6926,2.2418,1,Transit,SuperWASP-South,5650.0,12.314,302.448
Kepler-893 b,6.33855761,3.03,0.52,1,Transit,Kepler,5820.0,15.347,1285.59
Kepler-1487 c,35.8007112,7.97,1.39,1,Transit,Kepler,5745.0,13.6,1014.62
KOI-7913 b,24.278553,2.34,0.18,1,Transit,Kepler,4324.0,14.23,271.277
TOI-1472 c,15.5381747,3.334,0.08,1,Radial Velocity,Multiple Observatories,5100.0,11.302,121.84
Kepler-1239 b,5.19104016,2.9,0.37,1,Transit,Kepler,6564.0,15.391,2140.6
Kepler-1902 b,3.822220087,1.17563613,,1,Transit,Kepler,3729.0,16.113,344.337
Kepler-297 b,38.871826,2.87,0.52,1,Transit,Kepler,5619.0,14.326,692.14
Kepler-351 d,142.544247,2.72,0.19,1,Transit,Kepler,5225.0,16.229,1083.91
TOI-2227 b,4.22175815648,3.09885187,0.25572292,1,Transit,Transiting Exoplanet Survey Satellite (TESS),5889.54,10.515,165.441
K2-136 d,25.575,1.565,0.077,1,Transit,K2,4500.0,11.101,59.2474
Kepler-789 b,8.63847725,2.12,0.42,1,Transit,Kepler,5870.0,14.723,1480.16
K2-279 b,7.122605,1.21,0.14,1,Transit,K2,5558.0,11.491,182.983
nu Oph c,3180.6,12.0,,0,Radial Velocity,Okayama Astrophysical Observatory,4887.0,3.31216,46.2107
KOI-1599.02,13.6088,1.9,0.2,1,Transit,Kepler,5833.0,14.795,1131.64
TOI-261.02,13.03935862135,3.34822227,1.2696187,1,Transit,Transiting Exoplanet Survey Satellite (TESS),5890.3,9.56,114.495
HD 109833 b,9.188526,2.888,0.152,1,Transit,Transiting Exoplanet Survey Satellite (TESS),5881.0,9.29,79.5561
HIP 71135 b,87.19,4.55,,0,Radial Velocity,Las Campanas Observatory,4146.0,10.53,32.3311
TOI-262 b,11.14529,2.07,0.15,1,Transit,Transiting Exoplanet Survey Satellite (TESS),5310.0,8.91,43.932
K2-147 b,0.961939,1.47286006,0.11096891,1,Transit,K2,3690.0,14.044,90.5494
Kepler-11 d,22.6845,3.12,0.06,1,Transit,Kepler,5663.0,13.817,646.346
K2-131 b,0.3693038,1.69,0.085,1,Transit,K2,5120.0,12.129,152.509
Kepler-218 d,124.5244647,2.66,0.28,1,Transit,Kepler,5542.0,14.035,656.38
TOI-6054.01,7.501428,2.64,0.15,1,Transit,Transiting Exoplanet Survey Satellite (TESS),6047.0,8.020001,79.407
Kepler-1937 b,9.688599586,3.0229133,,1,Transit,Kepler,6457.0,14.163,905.069
TOI-2040 b,3.8608576,10.32347122,0.25780656,1,Transit,Transiting Exoplanet Survey Satellite (TESS),5132.0,11.489,144.717
HAT-P-56 b,2.79083,16.92559,1.23299,1,Transit,HATNet,6566.0,10.92,320.639
HD 8574 b,227.0,13.4,,0,Radial Velocity,Haute-Provence Observatory,6064.0,7.12,44.8264
HATS-71 b,3.7955202,11.478016,0.201762,1,Transit,HATSouth,3405.0,16.437,140.225
K2-341 b,36.552551,3.21,0.25,1,Transit,K2,5817.0,12.725,421.408
GJ 1061 b,3.2073,1.04,,0,Radial Velocity,La Silla Observatory,2953.0,12.7,3.67278
Kepler-102 b,5.286965,0.46,0.026,1,Transit,Kepler,4909.0,12.072,107.796
Kepler-731 b,3.855603551,13.88,3.18,1,Transit,Kepler,5849.0,15.386,1257.16
K2-194 b,39.721386,3.64229858,0.61766974,1,Transit,K2,5979.0,12.998,629.51
Kepler-915 b,4.59489604,1.5,0.33,1,Transit,Kepler,6173.0,13.314,849.036
TIC 241249530 b,165.7719,13.29385111,0.41473229,1,Transit,Transiting Exoplanet Survey Satellite (TESS),6166.0,11.908,324.448
TOI-5795 b,6.1406325,5.62,0.11,1,Transit,Transiting Exoplanet Survey Satellite (TESS),5715.0,10.708,156.53
K2-196 b,48.324222,3.59970536,0.60292183,1,Transit,K2,6045.0,12.241,584.877
Kepler-1315 b,0.84338011,1.38,0.08,1,Transit,Kepler,4861.0,15.133,480.869
TOI-5599 b,5.43691503941,7.1888212,0.57201675,1,Transit,Transiting Exoplanet Survey Satellite (TESS),6137.02,11.779,547.948
Kepler-1912 b,6.059219837,1.35670508,,1,Transit,Kepler,5734.0,12.36,297.017
TOI-1260 c,7.493134,2.76,0.07,1,Transit,Transiting Exoplanet Survey Satellite (TESS),4227.0,11.922,73.5977
Kepler-306 e,44.840975,2.27,0.15,1,Transit,Kepler,4954.0,15.575,775.679
K2-396 b,0.673862,1.579,0.114,1,Transit,K2,5236.0,13.32,274.864
HD 10442 b,1032.3,13.6,,0,Radial Velocity,W. M. Keck Observatory,4912.0,7.828,135.374
Kepler-198 c,49.567416,2.47,0.37,1,Transit,Kepler,5574.0,13.684,495.358
Kepler-129 b,15.79,2.4,0.04,1,Transit,Kepler,5770.0,11.809,408.845
Kepler-1549 b,214.886545,2.57,0.22,1,Transit,Kepler,5324.0,15.353,803.052
HD 8326 b,158.991,9.58,,0,Radial Velocity,Las Campanas Observatory,4914.0,8.76,30.6862
Kepler-1800 b,4.562029839,0.99679734,,1,Transit,Kepler,5343.0,13.194,350.455
TOI-1742 b,21.269084,2.36507598,0.05691119,1,Transit,Transiting Exoplanet Survey Satellite (TESS),5815.0,8.863,72.8871
BD+45 564 b,307.88,13.6,,0,Radial Velocity,Haute-Provence Observatory,5004.0,9.67,53.622
HD 11343 c,228.53731,13.9,,0,Radial Velocity,Multiple Observatories,4672.0,7.88,155.121
TOI-2295 b,30.033302,16.47720163,9.52763359,1,Transit,Transiting Exoplanet Survey Satellite (TESS),5730.0,9.595,126.279
Kepler-656 c,5.25449393,1.41,0.38,1,Transit,Kepler,5550.0,15.549,890.352
Kepler-1941 b,31.33510017,2.64976949,,1,Transit,Kepler,6404.0,14.943,1494.39
Kepler-1311 d,197.5110016,9.65837605,,1,Transit,Kepler,5616.0,13.528,866.331
Kepler-1316 b,87.9732136,3.54,0.55,1,Transit,Kepler,5884.0,14.119,800.871
TOI-6954 b,4.02074127419,3.63524486,0.31255602,1,Transit,Transiting Exoplanet Survey Satellite (TESS),5170.87,12.262,190.042
DS Tuc A b,8.138268,5.7,0.17,1,Transit,Transiting Exoplanet Survey Satellite (TESS),5428.0,8.17,44.0622
TOI-128.01,4.9404681,2.21898,0.10878,1,Transit,Transiting Exoplanet Survey Satellite (TESS),6086.0,8.44,68.4727
TOI-2977 b,2.3505614,13.15934334,0.3474784,1,Transit,Transiting Exoplanet Survey Satellite (TESS),5691.0,12.6334,
TOI-261.01,3.3639254,3.0449863,0.2114907,1,Transit,Transiting Exoplanet Survey Satellite (TESS),5890.3,9.56,114.495
TOI-209 b,4.37943587445,2.3947209,0.22229568,1,Transit,Transiting Exoplanet Survey Satellite (TESS),4806.66,11.671,113.387
Kepler-256 d,5.839172,2.48,0.63,1,Transit,Kepler,5551.0,15.178,1026.43
K2-90 c,2.900706,1.3,0.13,1,Transit,K2,4421.98,13.707,134.188
HD 11506 d,26500.0,12.3,,0,Radial Velocity,Multiple Observatories,6123.0,7.51,51.261
Kepler-1118 b,38.6715075,2.74,0.6,1,Transit,Kepler,5688.0,15.238,888.325
K2-247 c,6.49424,2.19,0.25,1,Transit,K2,4667.0,14.857,258.113
K2-322 b,8.205,1.92,0.29,1,Transit,K2,4141.0,13.963,123.415
HD 141004 b,15.5083,3.77,,0,Radial Velocity,Multiple Observatories,5885.38,4.4154,11.8148
Kepler-168 c,13.193242,2.69,1.21,1,Transit,Kepler,6282.0,14.842,1343.6
Kepler-419 b,69.7546,10.8,1.4,1,Transit,Kepler,6430.0,13.089,1011.36
TOI-4153 b,4.6174141,16.11851425,0.50440413,1,Transit,Transiting Exoplanet Survey Satellite (TESS),6860.0,11.601,423.84
TOI-1422 c,34.5633,2.61,0.14,1,Radial Velocity,Roque de los Muchachos Observatory,5840.0,10.622,155.141
TOI-4155 b,3.320729,3.21,0.17,1,Transit,Transiting Exoplanet Survey Satellite (TESS),5724.0,11.85,240.737
GJ 9689 b,18.27,3.07,,0,Radial Velocity,Roque de los Muchachos Observatory,3836.0,11.297,30.6203
Kepler-169 d,8.348125,1.25,0.09,1,Transit,Kepler,4997.0,14.424,406.529
Kepler-191 d,5.945041017,2.28,0.16,1,Transit,Kepler,5215.0,14.987,594.464
K2-8 b,10.35239,3.58,0.71,1,Transit,K2,4870.0,14.801,403.513
HATS-33 b,2.5495551,13.78707,1.255408,1,Transit,HATSouth,5659.0,11.91,248.46
Kepler-1464 b,31.7785901,1.66,0.29,1,Transit,Kepler,5828.0,14.358,1151.73
Kepler-805 b,30.8638931,2.89,0.13,1,Transit,Kepler,6112.0,12.586,638.49
17 Sco b,578.38,12.9,,0,Radial Velocity,Lick Observatory,4157.0,5.22606,124.953
Kepler-264 c,140.101261,2.83,0.58,1,Transit,Kepler,6158.0,13.15,942.173
HR 858 b,3.585287,2.004,0.045,1,Transit,Transiting Exoplanet Survey Satellite (TESS),6354.0,6.38,31.964
Kepler-941 b,17.42395198,3.08,0.35,1,Transit,Kepler,5539.0,15.803,1088.36
Kepler-1832 b,3.138789892,1.22719556,,1,Transit,Kepler,5242.0,14.577,486.174
TOI-833 b,1.0418777,1.27,0.07,1,Transit,Transiting Exoplanet Survey Satellite (TESS),3920.0,11.724,41.7148
HD 38283 b,363.20001,14.0,,0,Radial Velocity,Anglo-Australian Telescope,5981.0,6.69,38.0615
Kepler-341 b,5.195528,1.18,0.62,1,Transit,Kepler,6012.0,14.739,1047.03
TIC 153919886 b,2.10510492329,2.70601108,0.28201647,1,Transit,Transiting Exoplanet Survey Satellite (TESS),4137.16,14.406,132.33
Kepler-1669 b,9.51216,2.78043818,,1,Transit,Kepler,4303.0,16.473,543.444
Kepler-295 c,21.526258,1.17,0.62,1,Transit,Kepler,5603.0,14.631,1699.19
NN Ser c,6987.0,12.6,,0,Eclipse Timing Variations,Multiple Observatories,57000.0,16.943,515.818
Kepler-1802 b,15.45020008,1.671,,1,Transit,Kepler,4245.0,15.905,636.694
TOI-6008 b,0.8574347,1.03,0.05,1,Transit,Transiting Exoplanet Survey Satellite (TESS),3075.0,15.97,23.1008
Kepler-1437 b,10.9295461,1.37,0.17,1,Transit,Kepler,5557.0,15.701,2101.69
Kepler-330 b,8.25978,1.35,0.53,1,Transit,Kepler,5117.0,15.569,717.527
Kepler-100 c,12.8159,2.2,0.05,1,Transit,Kepler,5825.0,11.055,304.645
K2-377 b,12.832235,1.693,0.146,1,Transit,K2,4200.0,14.107,195.149
Kepler-554 b,1.902208556,4.29,0.27,1,Transit,Kepler,5447.0,14.49,690.525
Kepler-208 e,16.259458,1.48,0.28,1,Transit,Kepler,6092.0,13.561,775.328
Kepler-1287 b,11.47685909,1.54,0.22,1,Transit,Kepler,5715.0,15.216,1003.26
Kepler-646 b,15.87364565,1.99,0.37,1,Transit,Kepler,5634.0,14.026,451.794
Kepler-1880 b,6.309219837,2.11686218,,1,Transit,Kepler,4380.0,16.088,611.041
Kepler-587 b,10.94027841,2.23,0.64,1,Transit,Kepler,5549.0,15.011,787.894
EPIC 201238110 b,28.1656,1.87,0.2,1,Transit,K2,3587.0,16.014,159.259
K2-240 c,20.523,1.8,0.3,1,Transit,K2,3810.0,13.372,72.9105
Kepler-1495 b,85.273256,2.94,0.72,1,Transit,Kepler,5831.0,15.494,1355.54
Kepler-508 b,25.30889748,1.64,0.26,1,Transit,Kepler,6025.0,11.592,324.618
HD 191939 f,2898.0,13.2,,0,Radial Velocity,W. M. Keck Observatory,5348.0,8.97,53.6089
K2-413 b,0.8094,0.7599,0.0758,1,Transit,K2,4116.0,15.013,285.162
KOI-351 h,331.60296,11.252,0.306,1,Transit,Kepler,6031.13,13.883,848.254
HD 60779 c,104.79,5.79,,0,Radial Velocity,Roque de los Muchachos Observatory,6081.0,7.1634,35.4445
K2-19 c,11.906,4.1,0.2,1,Transit,K2,5322.0,13.024,289.827
TOI-3160 A b,3.971281,13.7646283,0.51561311,1,Transit,Transiting Exoplanet Survey Satellite (TESS),6190.0,12.649,567.678
Kepler-1333 b,109.6471842,2.81,0.4,1,Transit,Kepler,5628.0,15.421,932.446
Kepler-1715 b,35.59730148,4.14042267,,1,Transit,Kepler,6212.0,12.881,522.605
Kepler-1885 b,2.522559881,1.51110555,,1,Transit,Kepler,5591.0,14.851,818.482
TOI-1803 c,12.885779,4.29,0.08,1,Transit,Transiting Exoplanet Survey Satellite (TESS),4687.0,11.871,119.24
Kepler-1116 b,41.6977827,2.54,0.54,1,Transit,Kepler,5641.0,15.424,1008.57
Kepler-232 b,4.431222,3.08,1.47,1,Transit,Kepler,5847.0,15.565,1349.13
HD 141399 d,1069.8,13.7,,0,Radial Velocity,Multiple Observatories,5600.0,7.20856,37.0169
Kepler-398 d,6.83437001,0.88,0.03,1,Transit,Kepler,4557.0,13.499,177.355
HD 158259 b,2.178,1.28228,0.0665152,1,Radial Velocity,Haute-Provence Observatory,5801.89,6.47915,27.0498
Kepler-577 b,25.69578251,2.55,0.38,1,Transit,Kepler,4984.0,15.155,524.247
Kepler-953 b,88.40655258,4.21,0.37,1,Transit,Kepler,5416.0,11.871,258.893
HD 124330 b,270.66,14.0,,0,Radial Velocity,Haute-Provence Observatory,5873.0,7.88,60.1977
Kepler-1966 b,8.617429733,1.10479327,,1,Transit,Kepler,5009.0,15.222,484.601
Kepler-212 c,31.805174,2.74,0.51,1,Transit,Kepler,5852.0,13.129,687.194
HD 238914 b,4100.0,12.8,,0,Radial Velocity,Multiple Observatories,4769.0,8.770001,519.452
Kepler-44 b,3.2467293,12.22,0.78,1,Transit,Kepler,5800.0,14.803,1188.0
Kepler-158 b,16.709184,2.12,0.36,1,Transit,Kepler,4623.0,14.743,315.177
Kepler-1080 b,77.2548396,3.28,1.13,1,Transit,Kepler,5956.0,13.486,1382.82
Kepler-1228 b,0.577369579,1.54,0.11,1,Transit,Kepler,5063.0,15.061,515.453
TOI-5786 b,12.779107,8.54,0.13,1,Transit,Transiting Exoplanet Survey Satellite (TESS),6235.0,10.186,192.475
Kepler-1850 b,1.385800004,0.72909663,,1,Transit,Kepler,4239.0,14.44,250.199
75 Cet c,2051.62,13.9,,0,Radial Velocity,Okayama Astrophysical Observatory,4809.0,5.3532,82.9613
TOI-2345 b,1.0528573,1.504,0.047,1,Transit,Transiting Exoplanet Survey Satellite (TESS),4687.0,11.483,81.6541
DMPP-1 e,5.516,1.86,,0,Radial Velocity,La Silla Observatory,6196.0,7.98,62.5388
Kepler-548 b,4.454194338,11.99,2.19,1,Transit,Kepler,5535.0,15.266,751.776
Kepler-260 c,76.050178,1.74,0.54,1,Transit,Kepler,5250.0,14.253,627.365
Kepler-1460 b,29.9633247,1.96,0.14,1,Transit,Kepler,4422.0,16.166,553.218
HD 133131 B b,5769.0,13.3,,0,Radial Velocity,Las Campanas Observatory,5805.0,8.413,51.2993
HD 158259 d,5.1980814,2.18,,0,Radial Velocity,Haute-Provence Observatory,5801.89,6.47915,27.0498
WASP-138 b,3.634433,12.21781,0.56045,1,Transit,SuperWASP,6272.0,11.796,414.234
TOI-5181 A b,3.8922295,13.34989601,0.44835923,1,Transit,Transiting Exoplanet Survey Satellite (TESS),6060.0,12.301,480.155
Kepler-599 b,15.65562652,2.84,0.15,1,Transit,Kepler,5127.0,15.067,558.517
Kepler-158 d,0.645088,0.43,0.05,1,Transit,Kepler,4895.97,14.743,315.177
Kepler-575 b,9.37891944,2.39,0.52,1,Transit,Kepler,5710.0,14.864,853.977
EPIC 246851721 b,6.180235,11.780659,0.493196,1,Transit,K2,6202.0,11.237,372.632
HD 1461 b,5.77152,2.42,,0,Radial Velocity,W. M. Keck Observatory,5765.0,6.47933,23.4534
Gl 725 A b,11.2201,1.48,,0,Radial Velocity,Multiple Observatories,3433.0,8.94,3.5214
Kepler-1218 b,22.9221266,1.44,0.15,1,Transit,Kepler,5986.0,13.73,840.503
Kepler-1891 b,4.02229023,1.52139156,,1,Transit,Kepler,5516.0,14.412,596.24
Kepler-782 b,158.6853308,3.21,0.47,1,Transit,Kepler,5867.0,12.843,446.844
Kepler-330 c,15.955387,1.95,0.72,1,Transit,Kepler,5117.0,15.569,717.527
Kepler-987 b,105.3033148,3.26,0.16,1,Transit,Kepler,5637.0,15.171,914.126
Kepler-385 d,56.4159,2.6186448,,1,Transit,Kepler,5829.0,15.76,1432.61
Kepler-115 c,8.990889,2.6,0.5,1,Transit,Kepler,5979.0,13.545,623.609
TOI-2120 b,5.7998164,2.122,0.065,1,Transit,Transiting Exoplanet Survey Satellite (TESS),3131.0,15.648,32.1755
K2-395 b,4.803352,2.597,0.192,1,Transit,K2,5007.0,15.131,286.727
KOI-1833 d,7.685,2.58,0.23,1,Transit,Kepler,4413.0,14.626,290.324
Kepler-734 b,6.104852856,3.56,0.14,1,Transit,Kepler,5326.0,14.469,1157.21
HD 104067 c,13.8992,3.69,,0,Radial Velocity,Multiple Observatories,4952.0,7.92,20.3632
Kepler-514 b,5.65179605,1.72,0.28,1,Transit,Kepler,6106.0,12.273,455.336
Kepler-1456 b,18.1373829,1.14,0.09,1,Transit,Kepler,4231.0,15.777,370.312
TOI-1411 b,1.4520527,1.19880592,0.04935874,1,Transit,Transiting Exoplanet Survey Satellite (TESS),4115.0,10.51,32.4778
Kepler-1614 b,3.9466141,1.49,0.12,1,Transit,Kepler,5121.0,16.01,1191.19
CoRoT-20 b,9.24285,9.41556,0.44836,1,Transit,CoRoT,5880.0,14.63,844.061
K2-187 d,7.149584,2.4,0.3,1,Transit,K2,5438.0,13.102,330.916
HD 44219 b,472.0,14.1,,0,Radial Velocity,La Silla Observatory,5752.0,7.69,52.9051
Kepler-142 c,4.761702,2.86,0.55,1,Transit,Kepler,5790.0,13.277,548.686
HD 72659 b,3549.0,13.2,,0,Radial Velocity,W. M. Keck Observatory,5929.0,7.46,51.8949
Kepler-652 b,4.182002531,2.49,0.06,1,Transit,Kepler,5490.0,13.618,394.55
TOI-332 b,0.777038,3.2,0.16,1,Transit,Transiting Exoplanet Survey Satellite (TESS),5251.0,12.349,222.852
K2-62 b,6.67199,2.02,0.17,1,Transit,K2,4455.0,12.391,112.467
K2-380 b,9.401312,2.729,0.186,1,Transit,K2,5911.0,11.688,249.303
Kepler-785 b,1.973760926,13.02,0.44,1,Transit,Kepler,4739.0,16.315,642.051
K2-224 b,4.47904,1.56,0.16,1,Transit,K2,5620.0,12.7,275.255
Kepler-1066 b,1.931559839,2.36,0.5,1,Transit,Kepler,5762.0,13.115,344.251
Kepler-1315 c,6.566060066,1.84398883,,1,Transit,Kepler,4818.0,15.133,480.869
TOI-375 d,297.9,13.6,,0,Radial Velocity,Multiple Observatories,5259.9,11.516,396.213
KIC 9663113 b,572.3847,4.6,0.6,1,Transit,Kepler,6065.0,14.027,1594.74
NGTS-12 b,7.532806,11.747032,0.358688,1,Transit,Next-Generation Transit Survey (NGTS),5690.0,12.382,446.442
Kepler-1240 b,4.8663815,1.15,0.2,1,Transit,Kepler,5682.0,14.092,862.186
KIC 7917485 b,840.0,12.4,,0,Pulsation Timing Variations,Kepler,7067.0,13.166,1382.89
HD 26161 b,10942.29013,11.9,,0,Radial Velocity,Multiple Observatories,6057.62,6.89333,40.9128
Kepler-1323 b,0.929906678,1.52,0.33,1,Transit,Kepler,6169.0,12.444,465.417
TOI-2379 b,5.4693827,11.72459381,0.25780656,1,Transit,Transiting Exoplanet Survey Satellite (TESS),3707.0,15.548,211.247
Kepler-657 b,24.54350418,3.52,0.69,1,Transit,Kepler,5808.0,15.404,1691.88
K2-198 c,3.3596055,1.423,0.081,1,Transit,K2,5212.9,10.971,110.567
HD 170469 b,1145.0,14.1,,0,Radial Velocity,W. M. Keck Observatory,5842.0,8.21,60.178
Kepler-139 d,7.305699922,1.695,0.061,1,Transit,Kepler,5622.0,12.775,391.038
Kepler-1639 b,9.878482,2.58,0.79,1,Transit,Kepler,6150.0,14.593,1031.31
TOI-2580 b,3.39775,17.37392009,0.56044903,1,Transit,Transiting Exoplanet Survey Satellite (TESS),6120.0,11.419,379.253
Kepler-1000 b,120.0181272,4.76,0.34,1,Transit,Kepler,6453.0,13.23,1115.62
TOI-2088 b,124.72997,3.6831179,0.19277867,1,Transit,Transiting Exoplanet Survey Satellite (TESS),5081.0,11.638,126.46
HIP 98599 b,2656.0,12.7,,0,Radial Velocity,Multiple Facilities,5978.0,8.11,75.9428
K2-154 b,3.67626,1.99,0.21,1,Transit,K2,4097.0,13.861,129.356
Kepler-240 b,4.144495,1.37,0.56,1,Transit,Kepler,4985.0,15.953,746.927
HIP 38594 c,3477.768,7.94,,0,Radial Velocity,Multiple Observatories,4086.3,9.75,17.7886
Kepler-145 c,42.882,4.32,0.12,1,Transit,Kepler,6022.0,11.977,566.85
Kepler-144 b,5.885273,1.33,0.26,1,Transit,Kepler,6075.0,12.195,384.917
TOI-1846 b,3.9306737,1.792,0.065,1,Transit,Transiting Exoplanet Survey Satellite (TESS),3568.0,13.971,47.2496
Kepler-1957 b,2.186619997,0.94374867,,1,Transit,Kepler,4904.0,15.13,460.899
Kepler-219 b,4.585512,2.95,0.49,1,Transit,Kepler,5786.0,13.823,787.07
TIC 365102760 b,4.21285367,6.21,0.76,1,Transit,Transiting Exoplanet Survey Satellite (TESS),4900.0,12.154,555.546
Kepler-1153 b,1.755835327,1.73,0.21,1,Transit,Kepler,5470.0,15.767,1119.49
Kepler-327 b,2.549575,1.11,0.05,1,Transit,Kepler,3799.0,15.611,241.987
K2-72 b,5.577212,1.08,0.11,1,Transit,K2,3360.47,15.37,66.4321
TOI-5126 c,17.8999,3.86,0.17,1,Transit,Transiting Exoplanet Survey Satellite (TESS),6150.0,10.141,160.414
Kepler-405 b,10.613839,2.08,0.99,1,Transit,Kepler,5818.0,16.181,1065.08
Kepler-451 d,43.0,13.5,,0,Eclipse Timing Variations,Multiple Observatories,29564.0,12.651,396.332
Kepler-1421 b,6.9131112,0.93,0.2,1,Transit,Kepler,6335.0,12.868,783.401
K2-332 b,17.70632,2.2,0.19,1,Transit,K2,3315.0,,123.202
Kepler-1288 b,2.76122421,1.12,0.47,1,Transit,Kepler,6132.0,13.199,814.078
GJ 1151 c,389.7,3.25,,0,Radial Velocity,Multiple Facilities,3280.0,13.76,8.03625
Kepler-80 c,9.52355,2.74,0.12,1,Transit,Kepler,4540.0,15.23,369.451
Kepler-925 b,33.8678531,2.34,0.66,1,Transit,Kepler,4673.0,16.025,611.115
Kepler-194 d,52.814973,2.4,1.26,1,Transit,Kepler,6089.0,14.969,1097.97
Kepler-945 b,31.0033814,2.63,0.47,1,Transit,Kepler,5718.0,15.599,1651.25
HD 156846 b,359.51001,12.4,,0,Radial Velocity,La Silla Observatory,6090.0,6.5,47.7332
Kepler-1878 b,4.445879936,2.92019781,,1,Transit,Kepler,5918.0,15.587,1494.3
Kepler-1447 b,56.6747285,2.9,0.5,1,Transit,Kepler,5722.0,14.747,890.296
Kepler-1805 b,8.847940445,1.54502915,,1,Transit,Kepler,3867.0,15.536,221.639
HD 158259 f,12.028,2.35,,0,Radial Velocity,Haute-Provence Observatory,5801.89,6.47915,27.0498
Kepler-370 b,4.57953,1.59,0.78,1,Transit,Kepler,5852.0,15.467,1167.94
Kepler-956 b,5.248672631,3.0,0.78,1,Transit,Kepler,6040.0,13.387,544.939
HD 63433 b,7.1079475,2.14,0.087,1,Transit,Transiting Exoplanet Survey Satellite (TESS),5553.0,6.92035,22.4035
Kepler-1142 b,18.3027248,1.47,0.43,1,Transit,Kepler,5685.0,14.505,1273.51
Kepler-853 b,7.16892463,1.69,0.48,1,Transit,Kepler,6350.0,12.339,568.676
Kepler-451 c,1460.0,13.5,,0,Eclipse Timing Variations,Multiple Observatories,29564.0,12.651,396.332
TOI-2529 b,64.5949,11.54525012,0.56044903,1,Transit,Transiting Exoplanet Survey Satellite (TESS),5802.0,11.529,296.271
KOI-1599.01,20.4415,1.9,0.3,1,Transit,Kepler,5833.0,14.795,1131.64
Kepler-1759 b,3.720230103,0.9037791,,1,Transit,Kepler,5017.0,14.532,385.348
Kepler-1215 b,4.76703963,1.22,0.18,1,Transit,Kepler,5616.0,14.539,661.022
Kepler-1733 b,9.229579926,3.63582354,,1,Transit,Kepler,6320.0,15.612,2080.51
Kepler-357 c,16.85837,2.67,1.57,1,Transit,Kepler,5036.0,15.735,688.573
Kepler-194 c,17.308032,2.59,1.36,1,Transit,Kepler,6089.0,14.969,1097.97
Kepler-1056 b,27.495606,3.01,1.33,1,Transit,Kepler,6127.0,14.772,982.51
Kepler-1424 b,29.6091744,1.16,0.16,1,Transit,Kepler,5838.0,13.756,661.421
Kepler-1642 c,6.6513802,2.66,0.29,1,Transit,Kepler,5355.0,14.319,413.873
HD 164595 b,40.0,4.16,,0,Radial Velocity,Haute-Provence Observatory,5790.0,7.08597,28.254
K2-24 c,42.34732,7.93,0.12,1,Transit,K2,5726.0,11.275,170.562
Kepler-235 d,20.060548,2.05,0.1,1,Transit,Kepler,4255.0,16.567,428.018
HD 97037 b,6449.08337,12.1,,0,Radial Velocity,Multiple Observatories,5874.1,6.81828,32.413
Kepler-776 b,4.89718784,1.28,0.11,1,Transit,Kepler,5071.0,15.562,727.904
K2-352 b,3.665912,1.37,0.1,1,Transit,K2,5791.0,11.125,176.051
TOI-3288 b,1.4338647,12.24020692,0.36989636,1,Transit,Transiting Exoplanet Survey Satellite (TESS),4072.0,14.979,200.5
Kepler-1420 b,6.69960006,1.28,0.14,1,Transit,Kepler,5187.0,15.894,1054.37
K2-333 b,14.759287,6.18,0.28,1,Transit,K2,5880.0,12.073,343.99
Kepler-79 e,81.0665,3.53,0.16,1,Transit,Kepler,6389.0,14.036,1020.72
Kepler-20 d,77.611455,2.606,0.053,1,Transit,Kepler,5495.0,12.61,282.563
DMPP-1 c,10.03,3.31,,0,Radial Velocity,La Silla Observatory,6196.0,7.98,62.5388
Kepler-947 b,26.9644317,2.28,0.23,1,Transit,Kepler,5508.0,16.064,1730.78
Kepler-689 b,22.36656079,2.89,0.35,1,Transit,Kepler,5518.0,15.938,1131.73
NGC 2682 YBP 1194 b,6.959,12.3,,0,Radial Velocity,Multiple Observatories,5780.0,14.569,872.92
HD 211970 b,25.201,3.66,,0,Radial Velocity,Las Campanas Observatory,4127.0,10.24,13.1277
Kepler-336 c,9.600001,2.1,0.37,1,Transit,Kepler,5867.0,13.677,768.86
Kepler-423 b,2.6843285,13.361,0.583,1,Transit,Kepler,5560.0,14.462,758.753
Kepler-561 b,58.3620495,6.96,1.21,1,Transit,Kepler,5646.0,14.427,621.378
24 Boo b,30.33,13.9,,0,Radial Velocity,Okayama Astrophysical Observatory,4816.0,5.59,95.9863
HD 74156 c,2448.48726,12.5,,0,Radial Velocity,Haute-Provence Observatory,6068.0,7.61,57.603
Kepler-1365 c,4.77468005,0.8,0.12,1,Transit,Kepler,5770.0,13.417,840.128
HD 20003 c,33.9239,3.89,,0,Radial Velocity,La Silla Observatory,5494.0,8.39,41.8316
Kepler-716 b,10.37168453,2.9,0.35,1,Transit,Kepler,5099.0,15.314,635.009
TOI-4562 b,225.1064,12.53,0.15,1,Transit,Transiting Exoplanet Survey Satellite (TESS),6096.0,12.14,339.605
HD 134606 b,12.089,2.97,,0,Radial Velocity,Multiple Observatories,5576.0,6.86,26.7909
K2-66 b,5.06963,2.49,0.34,1,Transit,K2,5887.0,11.71,513.877
TIC 437041147 b,3.82301421497,2.21526814,0.32466894,1,Transit,Transiting Exoplanet Survey Satellite (TESS),5224.36,12.174,246.6
Kepler-583 b,6.5100253,2.28,0.29,1,Transit,Kepler,5523.0,14.883,867.271
Kepler-1649 c,19.53527,1.06,0.15,1,Transit,Kepler,3240.0,17.95,92.1913
WASP-57 b,2.83891856,11.76945,0.594077,1,Transit,SuperWASP,5600.0,12.913,398.276
Kepler-381 d,8.256299973,1.0667865,,1,Transit,Kepler,6197.0,10.47,267.323
TOI-1199 b,3.671463,10.5140239,0.28022452,1,Transit,Transiting Exoplanet Survey Satellite (TESS),5710.0,11.093,248.427
TOI-4961 b,7.479182,12.34108775,0.45956821,1,Transit,Transiting Exoplanet Survey Satellite (TESS),5380.0,12.486,213.073
Kepler-118 c,20.17202,7.68,3.43,1,Transit,Kepler,5274.0,14.867,574.228
Kepler-278 b,30.1556,3.955,0.08,1,Transit,Kepler,4965.0,11.811,443.03
K2-268 e,6.131243,1.33,0.11,1,Transit,K2,5106.0,13.848,327.783
Kepler-1254 d,5.72717226,1.31,0.09,1,Transit,Kepler,4985.0,15.541,622.818
HD 167768 b,20.6532,13.9,,0,Radial Velocity,Okayama Astrophysical Observatory,4851.0,5.98894,107.214
TOI-1036 b,3.77952125496,6.28499593,0.40458464,1,Transit,Transiting Exoplanet Survey Satellite (TESS),5664.68,10.973,184.015
EPIC 212424622 b,18.0983,2.17,0.67,1,Transit,K2,5782.33,13.441,611.804
Kepler-1915 b,13.83539963,3.21798413,,1,Transit,Kepler,6020.0,16.261,1514.66
Kepler-1734 b,6.796850204,3.08851092,,1,Transit,Kepler,6061.0,15.598,1482.83
Kepler-960 b,3.12686223,2.29,0.07,1,Transit,Kepler,4755.0,14.127,284.916
HD 208897 b,358.27,13.7,,0,Radial Velocity,Multiple Observatories,4860.0,6.50821,67.4872
Kepler-1386 b,6.73972381,1.24,0.38,1,Transit,Kepler,5733.0,14.597,835.882
Kepler-1921 c,3.15722086,1.41,0.33,1,Transit,Kepler,6120.0,13.103,928.989
Kepler-1225 b,7.01075434,1.82,0.61,1,Transit,Kepler,6140.0,14.819,1347.52
Kepler-1708 b,737.1131,9.96,0.6,1,Transit,Kepler,6157.0,15.823,1666.69
HD 96700 b,8.1245,2.93,,0,Radial Velocity,La Silla Observatory,5845.0,6.51,25.4111
Kepler-208 b,4.22864,1.63,0.3,1,Transit,Kepler,6092.0,13.561,775.328
Kepler-1146 b,2.352265797,1.23,0.1,1,Transit,Kepler,4692.0,15.953,703.038
WASP-100 b,2.84938,14.90797,1.56926,1,Transit,SuperWASP,6900.0,10.798,364.411
Kepler-1643 b,5.342657,2.32,0.13,1,Transit,Kepler,4916.0,14.072,341.774
Kepler-215 d,30.864423,2.39,0.55,1,Transit,Kepler,5739.0,13.678,485.997
EPIC 212737443 b,13.603,2.586,0.126,1,Transit,K2,4684.0,14.81,336.25
TOI-2169 A b,8.2148282,12.50922246,0.41473229,1,Transit,Transiting Exoplanet Survey Satellite (TESS),6270.0,11.16,351.487
K2-259 b,15.48043,2.32,0.2,1,Transit,K2,6059.0,12.511,416.457
TOI-5292 A b,2.02191,12.64373023,0.43715025,1,Transit,Transiting Exoplanet Survey Satellite (TESS),3919.0,16.416,337.095
Kepler-401 c,47.318218,2.15,0.4,1,Transit,Kepler,6117.0,13.366,965.56
Kepler-888 b,70.6979061,1.76,0.08,1,Transit,Kepler,5875.0,13.061,420.817
Kepler-740 b,3.584101216,4.57,0.53,1,Transit,Kepler,5438.0,16.022,1442.02
Kepler-1673 b,33.7888,2.9355194,,1,Transit,Kepler,6014.95,13.783,727.187
Kepler-1322 c,6.459980011,2.15492527,,1,Transit,Kepler,5704.0,15.876,1350.32
Kepler-1211 b,11.01816836,2.55,0.42,1,Transit,Kepler,5705.0,16.016,1826.53
Kepler-48 f,5219.681854,13.8,,0,Radial Velocity,W. M. Keck Observatory,5190.0,13.174,306.738
Kepler-1750 b,205.9120026,6.00434637,,1,Transit,Kepler,5644.0,15.702,1497.33
TOI-4308 b,9.151201,2.4189,0.1195,1,Transit,Transiting Exoplanet Survey Satellite (TESS),5243.0,11.251,108.932
HD 18015 b,2278.0,13.1,,0,Radial Velocity,W. M. Keck Observatory,5603.0,7.89,123.801
TOI-1798.02,0.437811822,1.464,0.185,1,Transit,Transiting Exoplanet Survey Satellite (TESS),5165.0,11.361,113.181
Kepler-24 b,8.14,2.348,0.092,1,Transit,Kepler,6028.0,15.04,1156.81
Kepler-1875 b,34.45859909,3.22686692,,1,Transit,Kepler,6161.0,15.201,1660.45
Kepler-1642 b,12.2057513,3.2,0.34,1,Transit,Kepler,5355.0,14.319,413.873
HD 33142 c,810.2,13.9,,0,Radial Velocity,W. M. Keck Observatory,5025.4,7.96,121.375
Kepler-864 b,5.83376092,2.4,0.63,1,Transit,Kepler,5754.0,15.898,2022.9
HD 181720 b,956.0,14.0,,0,Radial Velocity,La Silla Observatory,5736.0,7.84,60.2046
TOI-6677 b,5.45060661625,5.83507112,0.48105878,1,Transit,Transiting Exoplanet Survey Satellite (TESS),6572.28,10.765,340.52
Kepler-1394 b,3.93766373,1.39,0.2,1,Transit,Kepler,6481.0,11.714,640.409
Kepler-1672 b,150.878,2.97022762,,1,Transit,Kepler,6131.95,12.548,391.181
HD 331093 b,621.62,13.6,,0,Radial Velocity,Haute-Provence Observatory,5544.0,8.38,50.1928
Kepler-58 d,40.101371,2.94,1.4,1,Transit,Kepler,6099.0,15.086,969.252
Kepler-404 c,14.751166,1.72,0.85,1,Transit,Kepler,5654.0,15.479,812.524
Kepler-1254 b,9.99113313,1.55,0.09,1,Transit,Kepler,4985.0,15.541,622.818
HD 37124 d,1862.0,14.0,,0,Radial Velocity,W. M. Keck Observatory,5698.64,7.68,31.6634
WASP-3 b,1.84683,15.91678,1.90553,1,Transit,SuperWASP,6400.0,10.632,231.161
Kepler-1936 b,126.5569992,3.16615594,,1,Transit,Kepler,6501.0,13.393,871.096
Kepler-1615 b,47.3126192,2.06,0.48,1,Transit,Kepler,5865.0,14.603,1393.83
Kepler-327 d,13.969457,1.73,0.1,1,Transit,Kepler,3799.0,15.611,241.987
Kepler-1301 b,9.08237046,1.4,0.13,1,Transit,Kepler,5188.0,15.656,854.28
Kepler-784 c,17.157236,1.55,0.24,1,Transit,Kepler,5676.0,13.392,1303.72
Kepler-1553 b,4.24261881,1.15,0.1,1,Transit,Kepler,5288.0,15.251,692.594
Kepler-1862 b,16.05730057,2.203,,1,Transit,Kepler,5644.0,15.847,1232.19
Kepler-990 b,9.91723428,2.6,0.65,1,Transit,Kepler,5948.0,14.716,802.163
Kepler-1537 b,1.444453798,1.18,0.06,1,Transit,Kepler,5079.0,14.827,517.292
HATS-28 b,3.1810781,13.383546,0.78463,1,Transit,HATSouth,5498.0,13.981,535.383
HR 858 d,11.230511,2.001,0.063,1,Transit,Transiting Exoplanet Survey Satellite (TESS),6354.0,6.38,31.964
TOI-2193 A b,2.1225735,19.83989584,,1,Transit,Transiting Exoplanet Survey Satellite (TESS),5966.0,11.976,337.064
GJ 9773 b,2965.0,14.2,,0,Radial Velocity,Calar Alto Observatory,3528.0,12.033,15.9211
Kepler-1785 b,19.58550072,2.70422447,,1,Transit,Kepler,5618.0,14.245,745.74
Kepler-130 d,87.517905,1.64,0.16,1,Transit,Kepler,5884.0,11.572,316.663
HD 13808 c,53.753,3.13,,0,Radial Velocity,La Silla Observatory,5035.0,8.36,28.2305
Kepler-340 b,14.844387,2.53,0.6,1,Transit,Kepler,6620.0,12.329,808.762
HD 125271 b,14901.99295,12.4,,0,Radial Velocity,Multiple Observatories,4703.93,9.68,39.3466
Kepler-1085 b,219.3217528,7.22,1.77,1,Transit,Kepler,6000.0,15.273,1364.53
Kepler-1404 b,15.9314739,2.01,0.14,1,Transit,Kepler,5261.0,15.931,962.183
K2-99 c,522.2,12.6,,0,Radial Velocity,Multiple Observatories,6069.0,11.149,519.229
TOI-1728 b,3.49151,5.05,0.16,1,Transit,Transiting Exoplanet Survey Satellite (TESS),3980.0,12.39,60.798
HATS-74 A b,1.73185606,11.56766808,0.23538859,1,Transit,HATSouth,3776.9,17.26,299.389
Kepler-1207 b,13.68237119,1.62,0.51,1,Transit,Kepler,5909.0,14.595,1754.19
Kepler-1636 b,425.47785,3.23,0.76,1,Transit,Kepler,5797.0,15.807,1947.54
Kepler-1267 b,13.0313945,3.01,0.95,1,Transit,Kepler,6096.0,15.846,1379.43
K2-73 c,1000.0,13.0,,0,Radial Velocity,W. M. Keck Observatory,5867.0,11.345,269.183
Kepler-1795 b,13.36019993,1.66301611,,1,Transit,Kepler,4500.0,16.188,
K2-285 b,3.471745,2.59,0.06,1,Transit,K2,4975.0,12.075,154.961
TIC 349520724 b,7.94044635021,2.82626313,0.431678,1,Transit,Transiting Exoplanet Survey Satellite (TESS),5098.6,13.008,241.105
LP 714-47 b,4.052032,4.25,0.1,1,Transit,Transiting Exoplanet Survey Satellite (TESS),4123.0,12.492,52.616
Kepler-963 b,9.97683705,2.66,0.3,1,Transit,Kepler,5461.0,15.091,771.494
XO-2 S b,18.22,10.9,,0,Radial Velocity,Roque de los Muchachos Observatory,5325.0,11.196,151.398
Kepler-1748 b,5.823520184,2.71275017,,1,Transit,Kepler,5774.0,16.004,1083.28
Kepler-336 d,20.678772,2.37,0.48,1,Transit,Kepler,5867.0,13.677,768.86
Kepler-712 b,21.02247699,3.41,0.14,1,Transit,Kepler,5148.0,16.161,872.493
TOI-4364 b,5.424019,2.01,0.1,1,Transit,Transiting Exoplanet Survey Satellite (TESS),3528.0,13.564,43.9662
Kepler-247 b,3.33616,1.64,0.46,1,Transit,Kepler,5100.0,15.199,663.711
TOI-5628 A b,4.3416612,8.29464572,0.44835923,1,Transit,Transiting Exoplanet Survey Satellite (TESS),3310.0,17.75,110.03
EPIC 201427007 b,0.72091,1.5,0.2,1,Transit,K2,5633.0,14.321,706.391
TOI-2992 b,3.007812,13.75341932,0.50440413,1,Transit,Transiting Exoplanet Survey Satellite (TESS),6000.0,12.603,542.026
K2-268 b,2.151676,1.5,0.12,1,Transit,K2,5106.0,13.848,327.783
Kepler-1096 b,2.892217506,1.24,0.37,1,Transit,Kepler,4306.0,15.438,377.976
TOI-615 b,4.6615983,18.97680433,0.582867,1,Transit,Transiting Exoplanet Survey Satellite (TESS),6850.0,10.825,360.408
HAT-P-28 b,3.257215,13.585,1.267,1,Transit,HATNet,5680.0,13.098,401.319
Kepler-667 b,41.43962808,4.73,0.39,1,Transit,Kepler,5327.0,15.362,2302.45
Kepler-557 b,3.705989551,2.67,0.8,1,Transit,Kepler,6068.0,14.723,2097.12
EPIC 206024342 d,14.647531,2.6,0.9,1,Transit,K2,5724.0,13.096,369.888
rho CrB c,102.036,5.68,,0,Radial Velocity,Multiple Observatories,5817.0,5.40816,17.4671
Kepler-483 b,30.229104,3.21,0.68,1,Transit,Kepler,6346.0,13.452,860.355
HD 73534 b,1750.0,13.7,,0,Radial Velocity,W. M. Keck Observatory,4917.0,8.23,83.3321
HD 35843 b,9.8991,2.29,,0,Radial Velocity,Paranal Observatory,5666.0,9.36,69.6026
Kepler-116 b,5.968734,3.42,0.65,1,Transit,Kepler,6142.0,13.744,955.168
HAT-P-62 b,2.6453235,12.02723629,0.32506044,1,Transit,HATNet,5629.0,12.539,348.815
TOI-3896 b,4.37730369667,3.14949237,0.25672878,1,Transit,Transiting Exoplanet Survey Satellite (TESS),5110.91,12.43,181.653
Kepler-443 b,177.6693,2.33,0.19,1,Transit,Kepler,4723.0,16.207,802.271
TOI-4504 d,41.2871975,11.26,0.54,1,Transit Timing Variations,Multiple Observatories,5315.0,13.364,342.605
HD 150010 b,562.0,13.3,,0,Radial Velocity,Bohyunsan Optical Astronomical Observatory,4153.0,6.2893,144.49
Kepler-552 b,5.263415765,3.95,0.82,1,Transit,Kepler,5863.0,14.476,843.689
TOI-2719 b,3.37594,5.98,0.46,1,Transit,Transiting Exoplanet Survey Satellite (TESS),5762.0,12.684,588.368
HD 23596 b,1535.11912,12.4,,0,Radial Velocity,Haute-Provence Observatory,6040.0,7.26122,52.0018
HATS-46 b,4.7423749,10.65974065,0.32506044,1,Transit,HATSouth,5451.0,13.783,453.808
TOI-426 b,1.32050258,2.19,0.09,1,Transit,Transiting Exoplanet Survey Satellite (TESS),5750.0,10.116,113.59
TOI-2084 b,6.0784247,2.47,0.13,1,Transit,Transiting Exoplanet Survey Satellite (TESS),3551.0,15.115,114.549
TOI-2152 A b,3.3773512,14.35870428,0.56044903,1,Transit,Transiting Exoplanet Survey Satellite (TESS),6630.0,11.436,303.006
TOI-426 c,235.8,13.6,,0,Radial Velocity,La Silla Observatory,5750.0,10.116,113.59
K2-347 b,7.187257,2.41,0.11,1,Transit,K2,4599.0,15.15,320.336
Kepler-812 b,10.11716531,3.55,1.35,1,Transit,Kepler,6761.0,13.815,1482.74
TOI-2266 b,2.326318,1.54,0.09,1,Transit,Transiting Exoplanet Survey Satellite (TESS),3200.0,16.54,51.6004
Kepler-1187 b,18.87064068,2.61,0.51,1,Transit,Kepler,5975.0,14.73,1020.53
Kepler-1547 b,0.692979676,0.9,0.28,1,Transit,Kepler,6078.0,13.464,674.695
Kepler-170 b,7.930592,3.2,0.22,1,Transit,Kepler,5679.0,14.344,738.657
GJ 15 A b,11.4407,1.55,,0,Radial Velocity,W. M. Keck Observatory,3607.0,8.09,3.56228
Kepler-100 b,6.88734,1.34,0.12,1,Transit,Kepler,5837.0,11.055,304.645
Kepler-1258 b,0.984940167,0.86,0.13,1,Transit,Kepler,5839.0,13.929,717.555
NSVS 14256825 b,3225.0,12.3,,0,Eclipse Timing Variations,Multiple Observatories,40000.0,13.296,820.877
TOI-1266 b,10.8945,2.52,0.08,1,Transit,Transiting Exoplanet Survey Satellite (TESS),3563.0,12.941,36.0118
Kepler-659 b,17.671796,2.5,0.33,1,Transit,Kepler,4870.0,15.758,722.64
GJ 27.1 b,15.819,3.66,,0,Radial Velocity,Multiple Observatories,3542.0,11.45,23.6062
TOI-4495 c,5.18553,4.03,0.23,1,Transit,Transiting Exoplanet Survey Satellite (TESS),6210.0,9.531,132.214
Kepler-798 b,13.71933369,2.39,1.04,1,Transit,Kepler,6224.0,14.221,972.274
TOI-5082.01,4.240122,2.54811,0.129562,1,Transit,Transiting Exoplanet Survey Satellite (TESS),5670.0,8.25,43.1406
Kepler-364 c,59.980627,2.15,0.42,1,Transit,Kepler,6108.0,13.754,891.462
TOI-1260 d,16.608164,3.12,0.08,1,Transit,Transiting Exoplanet Survey Satellite (TESS),4227.0,11.922,73.5977
HD 50499 b,2447.1,13.5,,0,Radial Velocity,W. M. Keck Observatory,6102.0,7.21,46.2845
HD 20794 f,647.6,2.28,,0,Radial Velocity,Multiple Observatories,5368.0,4.26,6.00278
Kepler-1595 b,4.56380468,1.23,0.09,1,Transit,Kepler,5203.0,15.508,845.022
HD 99109 b,439.29999,14.3,,0,Radial Velocity,W. M. Keck Observatory,5282.0,9.1,54.7901
KOI-3503 b,21.185,1.19,0.24,1,Transit,Kepler,6001.0,13.831,887.064
Kepler-526 b,5.458498316,1.99,0.16,1,Transit,Kepler,5894.0,13.194,666.146
HD 28109 c,55.99712,4.13,0.16,1,Transit,Transiting Exoplanet Survey Satellite (TESS),6189.0,9.42,139.611
K2-11 b,39.93767,7.55,9.33,1,Transit,K2,5433.0,13.409,329.309
NGTS-26 b,4.5199279,14.88552637,0.66132986,1,Transit,Next-Generation Transit Survey (NGTS),5550.0,15.009,1093.69
KOI-319 b,46.14827,10.67,0.4,1,Transit,Kepler,5880.0,12.675,660.138
TOI-1743 b,4.266046,1.83,0.11,1,Transit,Transiting Exoplanet Survey Satellite (TESS),3277.0,14.972,41.2758
Kepler-1837 b,5.906089783,2.06673842,,1,Transit,Kepler,5966.0,15.48,1229.18
Kepler-1986 b,19.5489666,1.89,0.35,1,Transit,Kepler,5549.0,15.661,912.085
Kepler-696 b,4.190425575,6.14,1.63,1,Transit,Kepler,5903.0,15.308,1416.44
Kepler-189 c,20.134866,2.38,1.19,1,Transit,Kepler,5235.0,14.971,591.534
HD 105618 b,10.02245,5.44,,0,Radial Velocity,Multiple Observatories,5671.0,8.63,70.0837
TOI-1301.01,6.096407209,2.477,0.196,1,Transit,Transiting Exoplanet Survey Satellite (TESS),4820.0,11.337,90.8693
Kepler-1497 b,8.74199772,1.66,0.29,1,Transit,Kepler,5675.0,15.707,1122.0
EPIC 212624936 b,0.578657,1.2,0.3,1,Transit,K2,5765.0,13.976,561.929
Kepler-194 b,2.092281,1.51,0.79,1,Transit,Kepler,6089.0,14.969,1097.97
Kepler-661 b,6.029301321,3.07,0.12,1,Transit,Kepler,4483.0,16.016,534.788
Kepler-529 c,12.8345022,2.0,0.41,1,Transit,Kepler,6087.0,13.779,799.008
HAT-P-61 b,1.90231289,10.07687365,0.30264248,1,Transit,HATNet,5587.0,13.096,338.84
TOI-2589 b,61.6277,12.10569916,0.33626942,1,Transit,Transiting Exoplanet Survey Satellite (TESS),5579.0,11.415,200.273
HD 95872 b,4375.0,13.0,,0,Radial Velocity,Multiple Facilities,5312.0,9.955,72.2195
Kepler-1412 b,3.6146051,0.83,0.15,1,Transit,Kepler,5880.0,13.347,755.678
Kepler-760 c,2.46697439,1.48,0.12,1,Transit,Kepler,5322.0,15.181,792.336
TOI-4504 c,82.819093,11.17,0.43,1,Transit,Transiting Exoplanet Survey Satellite (TESS),5315.0,13.364,342.605
Kepler-1540 b,125.4131177,2.49,0.19,1,Transit,Kepler,4540.0,14.429,244.96
TIC 445839811 b,11.1086260318,2.47771211,0.3970467,1,Transit,Transiting Exoplanet Survey Satellite (TESS),5408.25,12.373,235.655
Kepler-225 c,18.794234,1.84,0.1,1,Transit,Kepler,3682.0,16.294,561.101
Kepler-180 b,13.817124,1.5,0.67,1,Transit,Kepler,5731.0,14.488,695.65
HD 18438 b,803.0,12.1,,0,Radial Velocity,Bohyunsan Optical Astronomical Observatory,3860.0,5.50474,224.146
HD 154088 b,18.56,2.46,,0,Radial Velocity,La Silla Observatory,5374.0,6.59,18.2692
HD 24064 b,535.59998,12.3,,0,Radial Velocity,Bohyunsan Optical Astronomical Observatory,4052.0,6.74616,300.247
Kepler-1349 b,2.12823928,0.7,0.63,1,Transit,Kepler,6086.0,11.209,276.323
HD 29399 b,892.7,13.5,,0,Radial Velocity,La Silla Observatory,4845.0,5.79,44.1518
TOI-4511 b,10.98090968596,2.75304932,0.30793546,1,Transit,Transiting Exoplanet Survey Satellite (TESS),5418.77,10.537,121.832
Kepler-411 e,31.509728,3.28,,0,Transit Timing Variations,Kepler,4974.0,12.448,153.676
eps Ind A b,25450.0,12.7,,0,Radial Velocity,La Silla Observatory,4700.0,4.69,3.63857
Kepler-1306 b,16.29595382,1.91,0.45,1,Transit,Kepler,5727.0,15.353,1107.5
TOI-2200 b,2.93602836512,6.96310517,0.42730881,1,Transit,Transiting Exoplanet Survey Satellite (TESS),5036.17,13.085,251.245
K2-285 c,7.138048,3.53,0.08,1,Transit,K2,4975.0,12.075,154.961
Kepler-345 b,7.415563,0.74,0.06,1,Transit,Kepler,4504.0,14.344,260.0
Kepler-539 c,1000.0,13.3,,0,Transit Timing Variations,Kepler,5820.0,12.444,307.318
HD 33844 b,551.40002,13.4,,0,Radial Velocity,Anglo-Australian Telescope,4861.0,7.29,105.779
GJ 317 c,6500.0,13.6,,0,Radial Velocity,W. M. Keck Observatory,3496.0,12.4,15.1968
Kepler-467 b,24.99324193,2.25,0.3,1,Transit,Kepler,5809.0,12.428,466.265
Kepler-964 b,13.5225106,2.12,0.09,1,Transit,Kepler,5427.0,14.061,454.626
TOI-1386 c,232.0,10.3,,0,Radial Velocity,W. M. Keck Observatory,5735.0,10.61,146.858
HD 99706 c,1278.0,12.8,,0,Radial Velocity,W. M. Keck Observatory,4891.0,7.65,146.6
Kepler-1262 b,8.67900242,1.82,0.32,1,Transit,Kepler,5771.0,15.155,1054.87
BEBOP-3 b,547.0,14.2,,0,Radial Velocity,Haute-Provence Observatory,6033.0,9.259,119.052
Kepler-1071 b,6.1799844,2.38,0.07,1,Transit,Kepler,5215.0,15.881,1042.27
Kepler-1515 b,214.3114164,9.55,0.77,1,Transit,Kepler,6511.0,12.1,539.321
Kepler-1809 b,3.7572999,1.513,,1,Transit,Kepler,4901.0,14.271,409.602
K2-242 b,6.51389,2.54,0.21,1,Transit,K2,3459.0,16.414,109.237
TIC 77319217 b,7.54830765124,3.10879526,0.34451974,1,Transit,Transiting Exoplanet Survey Satellite (TESS),5961.52,11.497,267.62
Kepler-649 b,29.90722674,2.26,0.14,1,Transit,Kepler,5871.0,13.556,513.748
HAT-P-55 b,3.5852313,14.84069045,0.25780656,1,Transit,HATNet,5804.0,13.197,511.388
Kepler-344 c,125.596809,2.95,1.38,1,Transit,Kepler,5774.0,15.539,1002.94
HIP 65891 b,1089.6,12.7,,0,Radial Velocity,Multiple Observatories,5000.0,6.75,150.292
GJ 4274 c,69.57,2.83,,0,Radial Velocity,Mauna Kea Observatory,3228.0,13.31,7.23556
Kepler-1111 b,8.79617863,2.0,0.54,1,Transit,Kepler,6077.0,14.88,841.536
Kepler-172 b,2.940309,2.35,0.42,1,Transit,Kepler,5526.0,14.703,828.592
K2-139 b,28.380619,9.11,0.17,1,Transit,K2,5370.0,11.652,153.856
HD 64121 b,623.0,13.2,,0,Radial Velocity,La Silla Observatory,5078.0,7.43,129.966
Kepler-902 b,40.1099547,2.54,0.33,1,Transit,Kepler,5647.0,14.992,1165.34
Kepler-894 b,9.803224,2.78,0.3,1,Transit,Kepler,5603.0,15.686,1162.91
Kepler-1794 b,9.762980461,1.79426276,,1,Transit,Kepler,5052.0,15.497,561.229
TOI-1064 b,6.443868,2.587,0.043,1,Transit,Transiting Exoplanet Survey Satellite (TESS),4734.0,10.938,68.0726
Kepler-884 b,5.69919514,1.23,0.05,1,Transit,Kepler,5715.0,13.164,476.733
Kepler-1019 b,1.411229847,1.46,0.05,1,Transit,Kepler,4433.0,13.882,194.182
WASP-28 b,3.40883495,13.66374747,0.31385146,1,Transit,SuperWASP,6084.0,12.274,348.494
GJ 3341 b,14.207,2.46,,0,Radial Velocity,La Silla Observatory,3526.0,12.062,23.619
TOI-4552 b,0.30110032,1.11,0.04,1,Transit,Transiting Exoplanet Survey Satellite (TESS),3258.0,14.44,27.2684
GJ 1289 b,111.74,2.38,,0,Radial Velocity,Multiple Observatories,3296.0,12.48,8.35147
Kepler-555 b,16.21775407,2.83,0.56,1,Transit,Kepler,5894.0,14.448,973.121
Kepler-683 b,2.539183179,1.97,0.34,1,Transit,Kepler,5703.0,15.072,1023.07
HATS-10 b,3.312846,10.861521,0.683749,1,Transit,HATSouth,5880.0,13.202,534.889
Kepler-1977 b,4.53702121,1.66,0.19,1,Transit,Kepler,4805.0,16.047,592.711
Kepler-715 b,10.00652995,3.75,0.83,1,Transit,Kepler,5871.0,15.204,1327.44
TOI-1694 b,3.7701389,5.27,0.11,1,Transit,Transiting Exoplanet Survey Satellite (TESS),5005.0,11.446,124.68
Kepler-164 d,28.986769,2.45,0.47,1,Transit,Kepler,5888.0,14.379,890.758
Kepler-786 b,53.5293487,2.43,0.12,1,Transit,Kepler,4838.0,15.253,485.318
TOI-3785 b,4.6747373,5.14,0.16,1,Transit,Transiting Exoplanet Survey Satellite (TESS),3576.0,14.595,79.7634
WASP-145 A b,1.7690381,10.0881,4.4836,1,Transit,SuperWASP-South,4900.0,11.636,91.299
WASP-136 b,5.21536178778,16.81347105,1.6813471,1,Transit,SuperWASP,6250.0,9.974,275.587
HATS-12 b,3.142702,7.76,0.47,1,Transit,HATSouth,6357.0,12.831,746.138
HD 98736 b,968.8,13.3,,0,Radial Velocity,W. M. Keck Observatory,5271.0,7.93,32.4459
Kepler-1136 b,2.361724329,1.64,0.1,1,Transit,Kepler,4512.0,16.037,491.406
GJ 667 C f,39.026,1.45,,0,Radial Velocity,La Silla Observatory,3350.0,10.602,7.24396
Kepler-635 b,23.44971004,2.64,0.36,1,Transit,Kepler,6174.0,13.36,1141.08
TOI-1279 b,9.61419,2.66146528,0.13795921,1,Transit,Transiting Exoplanet Survey Satellite (TESS),5457.0,10.714,107.055
Kepler-468 b,38.478757067,13.34,0.32,1,Transit,Kepler,5498.0,13.852,442.871
DE CVn b,4098.1,12.4,,0,Eclipse Timing Variations,Multiple Facilities,3579.0,12.956,30.5225
TOI-682.01,6.8392388,3.74186,0.251835,1,Transit,Transiting Exoplanet Survey Satellite (TESS),5085.0,9.969,83.1548
Kepler-1496 b,64.6588017,2.22,0.91,1,Transit,Kepler,6182.0,14.832,1307.66
HD 102272 b,127.58,12.9,,0,Radial Velocity,McDonald Observatory,4790.0,8.69,347.097
Kepler-366 c,12.51616,1.79,0.81,1,Transit,Kepler,6209.0,14.952,1856.28
KOI-2513.01,19.00547,2.80224517,22.4179614,1,Transit,Kepler,5900.0,14.913,1369.87
Kepler-537 b,3.247555219,1.41,0.06,1,Transit,Kepler,5763.0,13.173,439.4
GJ 3323 b,5.3636,1.23,,0,Radial Velocity,La Silla Observatory,3159.0,12.57,5.37484
TOI-4495 b,2.56699,2.483,0.138,1,Transit,Transiting Exoplanet Survey Satellite (TESS),6210.0,9.531,132.214
Kepler-1761 b,4.043540001,1.39109603,,1,Transit,Kepler,3871.0,15.619,221.186
NGTS-6 b,0.882059,14.863134,1.087273,1,Transit,Next-Generation Transit Survey (NGTS),4730.0,14.237,308.262
Kepler-920 c,100.8274113,3.8,0.58,1,Transit,Kepler,5403.0,15.492,1001.68
Kepler-818 b,10.035385814,5.11,0.79,1,Transit,Kepler,5638.0,15.368,925.037
Kepler-139 c,157.072878,3.38,0.69,1,Transit,Kepler,5594.0,12.775,391.038
Kepler-959 b,14.80074836,4.38,1.21,1,Transit,Kepler,7005.0,12.606,807.729
BD-210397 c,6240.0,12.9,,0,Radial Velocity,La Silla Observatory,4051.0,9.84,23.7324
Kepler-1436 b,9.705716,1.31,0.35,1,Transit,Kepler,5972.0,15.119,2530.62
HU Aqr AB c,4368.0,12.9,,0,Eclipse Timing Variations,Yunnan Astronomical Observatory,5952.0,16.183,192.19807871
Kepler-1597 b,2.94654179,1.06,0.47,1,Transit,Kepler,6377.0,14.257,1221.05
WASP-83 b,4.971252,11.65736,0.89672,1,Transit,SuperWASP,5510.0,12.312,271.103
HD 116029 c,907.0,13.7,,0,Radial Velocity,W. M. Keck Observatory,4951.0,7.88,123.245
Kepler-282 e,44.347,3.1,1.26,1,Transit,Kepler,5656.0,15.444,1337.61
XO-2 S c,120.059,13.6,,0,Radial Velocity,Roque de los Muchachos Observatory,5325.0,11.196,151.398
Kepler-850 b,7.19303878,1.78,0.47,1,Transit,Kepler,5932.0,15.611,1661.28
Kepler-65 d,8.13123,1.52,0.04,1,Transit,Kepler,6211.0,10.922,303.728
Kepler-1090 b,198.680179,2.25,0.21,1,Transit,Kepler,5321.0,15.31,858.77
TOI-715 b,19.288004,1.55,0.064,1,Transit,Transiting Exoplanet Survey Satellite (TESS),3075.0,16.683,42.4048
GJ 393 b,7.02679,1.17,,0,Radial Velocity,Multiple Observatories,3579.0,9.65,7.03149
Kepler-1680 b,8.77424,1.35954736,,1,Transit,Kepler,5021.0,13.85,310.315
Gaia-2 b,3.6915224,14.81827249,0.14571675,1,Transit,European Space Agency (ESA) Gaia Satellite,5720.0,11.277,209.229
WASP-124 b,3.37265,13.89916,0.33627,1,Transit,SuperWASP-South,6050.0,12.724,448.637
TOI-1439 b,27.644,4.2427861,0.23014642,1,Transit,Transiting Exoplanet Survey Satellite (TESS),5841.0,10.55,230.306
GJ 1061 c,6.6821,1.19,,0,Radial Velocity,La Silla Observatory,2953.0,12.7,3.67278
K2-50 b,8.7529,1.59,0.24,1,Transit,K2,4326.0,14.705,257.443
Kepler-23 b,7.1,1.638,0.047,1,Transit,Kepler,5828.0,13.567,835.756
Kepler-257 b,2.382667,2.61,1.31,1,Transit,Kepler,5180.0,15.652,780.256
TOI-1736 c,571.25,12.5,,0,Radial Velocity,Haute-Provence Observatory,5636.0,8.953,88.9482
Kepler-310 d,92.876125,2.47,1.15,1,Transit,Kepler,5797.0,14.376,602.268
WASP-192 b,2.8786765,13.78707,0.89672,1,Transit,WASP-South,5910.0,12.678,508.885
Kepler-184 b,10.687576,2.36,1.33,1,Transit,Kepler,5788.0,14.42,610.326
Kepler-1744 b,37.10110092,3.76754004,,1,Transit,Kepler,5986.0,15.566,1091.63
Kepler-1107 b,0.571038518,1.34,0.1,1,Transit,Kepler,5268.0,14.315,428.798
Kepler-40 b,6.87349,13.11,0.45,1,Transit,Kepler,6510.0,14.657,2305.01
TOI-908 b,3.183792,3.186,0.155,1,Transit,Transiting Exoplanet Survey Satellite (TESS),5626.0,11.316,175.748
Kepler-851 b,8.50699658,1.68,0.27,1,Transit,Kepler,5455.0,15.172,839.255
HD 99492 c,95.233,4.42,,0,Radial Velocity,Roque de los Muchachos Observatory,4929.0,7.56727,18.2038
G 264-012 c,8.0518,1.76,,0,Radial Velocity,Calar Alto Observatory,3326.0,13.078,16.009
Kepler-827 b,51.92927591,5.63,0.7,1,Transit,Kepler,5602.0,15.865,2046.68
Kepler-228 c,4.134444,2.7,1.24,1,Transit,Kepler,6043.0,15.902,1644.61
K2-346 b,26.201446,2.26,0.19,1,Transit,K2,4801.0,11.903,105.58
Kepler-77 b,3.57878087,10.761,0.179,1,Transit,Kepler,5520.0,14.152,639.411
Kepler-1509 b,25.4338197,1.85,0.37,1,Transit,Kepler,5780.0,15.455,2002.96
GJ 581 b,5.3686,4.79,,0,Radial Velocity,La Silla Observatory,3500.0,10.57,6.2981
K2-403 b,33.589979,5.333,0.357,1,Transit,K2,5511.0,12.305,246.599
HD 43691 b,36.9987,13.2,,0,Radial Velocity,Haute-Provence Observatory,6093.0,8.03,85.6009
Kepler-1574 b,6.9424334,1.29,0.28,1,Transit,Kepler,5892.0,15.188,1384.16
Kepler-238 f,50.447,2.0,0.85,1,Transit,Kepler,5800.0,15.297,1798.75
K2-253 b,4.00167,12.67,0.69,1,Transit,K2,6027.0,15.002,876.565
Kepler-1290 b,4.69500134,1.42,0.21,1,Transit,Kepler,5660.0,15.871,1593.7
Kepler-68 d,632.62,13.9,,0,Radial Velocity,W. M. Keck Observatory,5847.0,10.077,144.166
Kepler-218 b,3.619337,1.48,0.12,1,Transit,Kepler,5502.0,14.035,656.38
Kepler-645 b,3.275822621,2.1,0.63,1,Transit,Kepler,6170.0,13.944,1173.57
TOI-1450 A b,2.0439274,1.13,0.043,1,Transit,Transiting Exoplanet Survey Satellite (TESS),3437.0,12.28,22.4467
HD 206610 b,673.2,13.4,,0,Radial Velocity,W. M. Keck Observatory,4842.0,8.34,147.192
Kepler-99 b,4.60358,1.48,0.08,1,Transit,Kepler,4782.0,13.206,208.369
Kepler-1010 b,34.2685705,2.32,0.44,1,Transit,Kepler,5253.0,14.964,579.273
Kepler-687 b,20.50586978,3.52,0.16,1,Transit,Kepler,4841.0,15.695,633.66
Kepler-1855 b,0.727330983,1.216205,,1,Transit,Kepler,3460.0,16.556,
Kepler-1363 b,2.94194094,1.25,0.09,1,Transit,Kepler,4839.0,15.454,541.714
Kepler-296 b,10.864384,1.61,0.29,1,Transit,Kepler,3740.0,16.363,167.0
BD+48 738 b,392.6,13.9,,0,Radial Velocity,McDonald Observatory,4414.0,9.139,871.493
HR 8799 c,69000.0,13.0,1.0,0,Imaging,Gemini Observatory,7204.58,5.98,41.2441
Kepler-1773 b,40.80970001,3.50469499,,1,Transit,Kepler,6183.0,13.085,681.255
Kepler-989 b,7.964315352,2.21,0.14,1,Transit,Kepler,5074.0,14.717,491.978
Kepler-1508 b,20.7056504,1.33,0.53,1,Transit,Kepler,6158.0,14.561,1260.28
TOI-7041 b,9.691,11.43316031,0.33626942,1,Transit,Transiting Exoplanet Survey Satellite (TESS),4700.0,11.251,439.52
K2-37 c,6.42966,2.41,0.15,1,Transit,K2,5352.0,12.573,179.943
2MASS J19383260+4603591 b,406.0,13.4,,0,Eclipse Timing Variations,Kepler,29564.0,12.651,396.332
TOI-1260 b,3.127463,2.41,0.05,1,Transit,Transiting Exoplanet Survey Satellite (TESS),4227.0,11.922,73.5977
HIP 39330 b,4650.0,13.5,,0,Radial Velocity,Multiple Facilities,5748.0,7.52,36.3958
Kepler-52 c,16.3850021,1.84,,1,Transit,Kepler,4075.0,15.513,321.542
Kepler-1637 b,6.10960324,0.89,0.18,1,Transit,Kepler,5789.0,13.375,567.187
Kepler-1990 b,1.73513619,3.27,0.54,1,Transit,Kepler,5751.0,11.946,392.739
GJ 9714 b,19240.75467,12.5,,0,Radial Velocity,Multiple Observatories,4263.0,9.37,20.5121
Kepler-312 b,1.772419,1.29,0.25,1,Transit,Kepler,6115.0,13.01,797.72
Kepler-1671 b,4.16787,1.32557381,,1,Transit,Kepler,5135.55,13.439,357.059
Kepler-466 b,51.07926307,2.85,0.22,1,Transit,Kepler,5927.0,12.799,530.122
HD 63765 b,358.0,14.2,,0,Radial Velocity,La Silla Observatory,5449.0,8.1,32.5376
TOI-7008 b,0.84069041367,4.94735276,0.36048908,1,Transit,Transiting Exoplanet Survey Satellite (TESS),5116.06,13.6,410.467
Kepler-1038 c,7.127659798,1.4162338,,1,Transit,Kepler,5159.0,15.03,584.136
TOI-3877 b,4.123596,11.67975789,0.49319515,1,Transit,Transiting Exoplanet Survey Satellite (TESS),5731.0,12.215,493.77
Kepler-1699 b,3.49082,1.56671124,,1,Transit,Kepler,5575.53,14.836,818.759
HD 143105 b,2.1974,13.7,,0,Radial Velocity,Haute-Provence Observatory,6380.0,6.77005,46.7789
HD 191939 e,101.12,13.0,,0,Radial Velocity,W. M. Keck Observatory,5348.0,8.97,53.6089
Kepler-1569 b,5.79180156,1.68,0.73,1,Transit,Kepler,6319.0,14.123,945.454
Kepler-859 b,20.38177573,3.09,0.18,1,Transit,Kepler,5020.0,15.977,839.903
HD 83443 b,2.985628,14.1,,0,Radial Velocity,Multiple Observatories,5442.0,8.23,40.8991
Kepler-106 b,6.16486,0.82,0.11,1,Transit,Kepler,5858.0,12.923,444.322
Kepler-834 b,13.32388301,2.02,0.1,1,Transit,Kepler,4554.0,16.211,633.937
K2-249 b,12.409,2.79,0.27,1,Transit,K2,6504.0,12.646,521.716
Kepler-454 c,524.19,12.9,,0,Radial Velocity,Multiple Facilities,5687.0,11.567,230.869
HD 33283 b,18.1991,12.5,,0,Radial Velocity,W. M. Keck Observatory,5935.0,8.05,89.8623
Kepler-169 e,13.767102,2.2,0.29,1,Transit,Kepler,4997.0,14.424,406.529
GJ 536 b,8.70874,2.41,,0,Radial Velocity,La Silla Observatory,3641.0,9.71,10.4092
Kepler-37 e,51.196,0.37,0.18,1,Transit,Kepler,5288.0,9.770001,63.9207
Kepler-37 b,13.36702,0.3098,0.0059,1,Transit,Kepler,5357.0,9.770001,63.9207
TOI-2236 b,3.5315902,14.36991326,0.35868738,1,Transit,Transiting Exoplanet Survey Satellite (TESS),6248.0,11.6,355.59
HD 159868 c,351.0,14.0,,0,Radial Velocity,Anglo-Australian Telescope,5534.0,7.24,55.8503
Kepler-1665 b,11.9548,2.83910787,,1,Transit,Kepler,5049.84,13.737,335.515
HIP 111909 b,487.08,13.7,,0,Radial Velocity,Multiple Observatories,4891.0,7.37,88.077
Kepler-1125 b,17.6700642,1.84,0.3,1,Transit,Kepler,5683.0,15.042,2011.41
Kepler-384 b,22.597053,1.12,0.32,1,Transit,Kepler,5577.0,13.734,895.678
HD 37605 b,55.01292,13.2,,0,Radial Velocity,McDonald Observatory,5329.0,8.67,46.7864
Kepler-1618 b,6.10826019,1.26,0.52,1,Transit,Kepler,6620.0,13.672,1229.25
Kepler-352 d,6.887279987,0.80628032,,1,Transit,Kepler,5208.0,13.142,252.733
K2-148 c,6.9226,1.73,0.24,1,Transit,K2,4079.0,13.627,124.458
NGTS-9 b,4.43527,11.99363,0.67254,1,Transit,Next-Generation Transit Survey (NGTS),6330.0,12.868,609.128
Kepler-584 b,35.1810304,4.21,1.59,1,Transit,Kepler,6195.0,14.973,1848.84
Kepler-92 b,13.749,3.51,0.1,1,Transit,Kepler,5883.0,11.671,477.992
TOI-277 b,3.994,2.65,0.18,1,Transit,Transiting Exoplanet Survey Satellite (TESS),4031.0,13.632,64.6692
EPIC 212297394 b,2.289363,1.48,0.13,1,Transit,K2,5171.0,14.611,418.395
TIC 67686059 b,3.52163529551,2.59125922,0.419496,1,Transit,Transiting Exoplanet Survey Satellite (TESS),5090.09,12.992,249.203
K2-270 b,1.543069,1.38,0.11,1,Transit,K2,4877.0,13.847,280.518
TIC 160113658 b,6.72952262077,3.49015778,0.9594699,1,Transit,Transiting Exoplanet Survey Satellite (TESS),4817.31,12.957,200.156
Kepler-533 b,28.51120525,3.38,0.08,1,Transit,Kepler,4758.0,14.128,302.955
VHS J125601.92-125723.9 b,5800000.0,13.67495645,,0,Imaging,Paranal Observatory,2620.0,17.73,12.7
HD 23079 c,5.748913,2.8,,0,Radial Velocity,La Silla Observatory,5994.0,7.12,33.4591
Kepler-55 e,4.617534,1.55,0.23,1,Transit,Kepler,4503.0,15.746,578.796
GJ 887 b,9.2619,1.8,,0,Radial Velocity,La Silla Observatory,3688.0,7.56,3.28679
Kepler-1467 b,47.0569043,3.3,0.31,1,Transit,Kepler,5332.0,15.83,852.888
Kepler-199 c,67.093408,3.25,0.58,1,Transit,Kepler,5644.0,13.796,521.054
HD 222076 b,871.0,13.5,,0,Radial Velocity,Multiple Observatories,4806.0,7.47,91.1538
Kepler-282 b,9.220524,1.01,0.25,1,Transit,Kepler,5602.0,15.444,1337.61
K2-388 b,6.33932,3.9,0.2,1,Transit,K2,5310.0,12.861,290.495
TOI-1224 b,4.1782745,2.104,0.094,1,Transit,Transiting Exoplanet Survey Satellite (TESS),3326.0,13.95,37.3312
Kepler-623 b,9.07097734,3.01,0.34,1,Transit,Kepler,5443.0,15.028,737.702
WASP-176 b,3.899052,16.869545,0.56045,1,Transit,SuperWASP-North,5941.0,12.006,568.42
Kepler-363 d,11.932125,2.05,0.4,1,Transit,Kepler,5593.0,13.472,762.596
HD 4917 b,400.5,13.5,,0,Radial Velocity,W. M. Keck Observatory,4802.0,8.03,204.277
KOBE-1 c,29.671,3.56,,0,Radial Velocity,Calar Alto Observatory,4135.0,10.1,23.9718
Kepler-970 b,16.736525,2.609,0.265,1,Transit,Kepler,4290.0,15.21,331.545
HAT-P-70 b,2.74432452,20.96083,1.68135,1,Transit,HATNet,8450.0,9.47,330.739
Kepler-943 b,49.7701438,5.93,0.79,1,Transit,Kepler,5612.0,15.76,2300.53
Kepler-10 b,0.8374907,1.47,0.03,1,Transit,Kepler,5708.0,11.043,185.506
Kepler-271 d,5.24972541,0.66,0.05,1,Transit,Kepler,5555.0,13.578,404.542
TOI-1233.01,14.175685,2.539,0.062,1,Transit,Transiting Exoplanet Survey Satellite (TESS),5660.0,9.25,64.5978
HD 221585 b,1173.0,13.5,,0,Radial Velocity,Haute-Provence Observatory,5620.0,7.457,55.8535
TIC 18942729 b,0.99817838064,2.00021315,0.28986198,1,Transit,Transiting Exoplanet Survey Satellite (TESS),4360.11,12.545,115.169
HD 22496 b,5.09071,2.22,,0,Radial Velocity,Paranal Observatory,4385.0,8.57,13.5956
Kepler-1640 b,7.5844126,4.82,2.48,1,Transit,Kepler,6324.0,14.754,1859.78
Kepler-589 c,3.52466011,1.11727238,,1,Transit,Kepler,5372.0,14.775,612.803
Kepler-647 b,16.2254649,1.17,0.14,1,Transit,Kepler,6020.0,14.067,1087.87
Gaia-1 b,3.052524,13.77583728,0.23538859,1,Transit,European Space Agency (ESA) Gaia Satellite,5470.0,13.242,363.66
Kepler-1527 b,160.129918,4.77,1.95,1,Transit,Kepler,6224.0,15.161,1842.13
Kepler-1980 b,33.0257179,2.21,0.36,1,Transit,Kepler,5819.0,15.906,1709.4
TOI-122 b,5.07803,2.72,0.18,1,Transit,Transiting Exoplanet Survey Satellite (TESS),3403.0,15.526,62.118
HATS-52 b,1.36665436,15.490838,0.963974,1,Transit,HATSouth,6010.0,13.844,555.134
Kepler-250 d,17.648312,2.18,1.25,1,Transit,Kepler,5160.0,15.819,760.585
Kepler-1298 b,7.12811928,1.31,0.23,1,Transit,Kepler,6339.0,11.388,544.163
Kepler-1361 b,3.57554956,0.86,0.12,1,Transit,Kepler,5131.0,14.096,389.143
Kepler-619 b,5.404272197,3.16,0.65,1,Transit,Kepler,5980.0,14.84,900.678
K2-99 b,18.24783,11.88151954,0.11208981,1,Transit,K2,6069.0,11.149,519.229
TOI-532 b,2.3266508,5.82,0.19,1,Transit,Transiting Exoplanet Survey Satellite (TESS),3927.0,14.413,135.047
HD 210277 b,442.19,13.6,,0,Radial Velocity,W. M. Keck Observatory,5538.0,6.54348,21.2985
Kepler-178 b,9.576694,2.9,1.25,1,Transit,Kepler,5676.0,14.876,716.025
Kepler-1604 b,0.683684256,1.41,0.19,1,Transit,Kepler,4976.0,15.224,541.189
Kepler-984 b,43.0342272,2.12,0.13,1,Transit,Kepler,5610.0,13.599,460.188
HD 13724 c,142.22895,8.18,,0,Radial Velocity,Multiple Observatories,5835.31,7.89,43.465
Kepler-1286 b,11.25402929,2.15,0.45,1,Transit,Kepler,5753.0,15.278,1354.46
Kepler-318 b,4.662715,4.71,0.83,1,Transit,Kepler,5746.0,13.442,489.141
Kepler-732 b,9.467814048,2.18,0.12,1,Transit,Kepler,3631.0,16.53,174.826
HIP 109600 b,232.08,13.2,,0,Radial Velocity,Haute-Provence Observatory,5530.0,9.18,66.3361
Kepler-407 b,0.6693124,1.19,0.05,1,Transit,Kepler,5487.0,12.603,338.368
GJ 1148 c,532.58,9.71,,0,Radial Velocity,Calar Alto Observatory,3287.0,11.939,11.0143
Kepler-897 b,8.0472642,2.39,0.66,1,Transit,Kepler,5839.0,15.177,1519.25
Kepler-435 b,8.6001536,22.31,2.02,1,Transit,Kepler,6161.0,13.704,1418.77
HD 184010 d,836.4,14.3,,0,Radial Velocity,Okayama Astrophysical Observatory,4971.0,5.88639,60.7993
WASP-70 A b,3.7130203,13.047,0.818,1,Transit,SuperWASP,5763.0,10.786,222.355
TOI-1798.01,8.021522331,2.448,0.319,1,Transit,Transiting Exoplanet Survey Satellite (TESS),5165.0,11.361,113.181
TOI-444 b,17.9636,2.77,0.2,1,Transit,Transiting Exoplanet Survey Satellite (TESS),5225.0,9.86,57.3973
TOI-2202 b,11.9126075,10.95117414,0.17934369,1,Transit,Transiting Exoplanet Survey Satellite (TESS),5169.0,13.004,235.933
TrES-1 b,3.03007,12.66617,0.67254,1,Transit,TrES,5230.0,11.424,159.658
Kepler-1052 c,180.921729,2.3,0.54,1,Transit,Kepler,5818.0,14.932,943.444
Kepler-206 b,7.781987,1.2,0.24,1,Transit,Kepler,5764.0,13.507,594.447
Kepler-763 b,1.19655156,1.22,0.09,1,Transit,Kepler,5166.0,15.965,962.459
Kepler-155 b,5.931194,2.09,0.21,1,Transit,Kepler,4508.0,14.654,293.499
ups And c,241.258,12.3,,0,Radial Velocity,Multiple Observatories,6156.77,4.09565,13.4054
NGTS-34 b,43.12655,3.65,0.22,1,Transit,Transiting Exoplanet Survey Satellite (TESS),6134.0,9.229,120.475
K2-274 b,14.1330314,2.08,0.12,1,Transit,K2,5044.0,13.181,228.327
HD 200964 c,852.5,13.7,,0,Radial Velocity,Lick Observatory,4982.0,6.48605,72.5922
TOI-1011 b,2.470498,1.45,0.05,1,Transit,Transiting Exoplanet Survey Satellite (TESS),5475.0,8.94,52.62
Kepler-1583 b,9.32807355,0.6,0.09,1,Transit,Kepler,5645.0,12.976,403.933
HATS-32 b,2.8126548,14.000041,1.614096,1,Transit,HATSouth,5700.0,14.386,745.116
ZTF J1828+2308 b,0.1120067,11.13051784,0.21297063,1,Transit,Zwicky Transient Facility,15900.0,18.0447,201.827
Kepler-1876 b,6.99205,0.853,0.039,1,Transit,Kepler,6104.0,10.793,259.935
TOI-6564 b,3.985413,16.39873876,0.21297063,1,Transit,Transiting Exoplanet Survey Satellite (TESS),5943.0,10.236,191.372
K2-219 c,6.66767,1.43839723,0.21399624,1,Transit,K2,5753.0,12.09,325.4
HD 37124 b,154.378,14.0,,0,Radial Velocity,W. M. Keck Observatory,5698.64,7.68,31.6634
Kepler-881 b,4.44448017,1.78,0.43,1,Transit,Kepler,5961.0,15.281,1375.18
TOI-333 b,3.7852503,4.26,0.11,1,Transit,Transiting Exoplanet Survey Satellite (TESS),6241.0,12.205,352.269
Kepler-60 c,8.9187,1.9,0.15,1,Transit,Kepler,5905.0,13.95,1025.1
Kepler-665 b,16.01310205,2.6,0.15,1,Transit,Kepler,4913.0,15.612,612.838
Kepler-1848 b,5.604020119,1.4088539,,1,Transit,Kepler,4847.0,13.887,309.696
TOI-2096 c,6.38784,1.914,0.095,1,Transit,Transiting Exoplanet Survey Satellite (TESS),3300.0,15.92,48.4809
Kepler-1698 b,1.2107,1.07315686,,1,Transit,Kepler,4975.03,13.054,222.345
HIP 14810 c,147.747,13.6,,0,Radial Velocity,W. M. Keck Observatory,5544.0,8.520001,50.48
HD 25463 c,3.04405,1.36354953,0.13045621,1,Transit,Transiting Exoplanet Survey Satellite (TESS),6353.0,6.91134,45.6181
Kepler-1869 c,1.716828304,0.74,0.12,1,Transit,Kepler,5808.0,10.31,113.025
Kepler-292 b,2.580827,1.32,0.14,1,Transit,Kepler,5299.0,16.303,1056.48
Kepler-33 b,5.66793,1.74,0.18,1,Transit,Kepler,5904.0,14.099,1209.16
Kepler-601 b,5.378868441,1.9,0.27,1,Transit,Kepler,5160.0,14.151,414.825
TOI-1347 b,0.84742346,1.8,0.1,1,Transit,Transiting Exoplanet Survey Satellite (TESS),5464.0,11.168,147.476
K2-417 b,6.535,3.31,0.14,1,Transit,K2,3861.0,13.909,94.0424
Kepler-1020 b,96.9151496,2.28,0.08,1,Transit,Kepler,5227.0,14.211,415.358
Kepler-1346 b,3.40165668,1.58,0.56,1,Transit,Kepler,6133.0,14.625,843.701
TOI-1750 b,11.33727129656,2.78943837,0.34420606,1,Transit,Transiting Exoplanet Survey Satellite (TESS),4683.75,12.645,162.46
HD 180314 b,394.73,12.0,,0,Radial Velocity,Subaru Telescope,4917.0,6.61519,122.362
Kepler-181 c,4.302149,1.99,0.98,1,Transit,Kepler,5333.0,14.854,609.283
Kepler-953 c,9.10967112,1.19,0.11,1,Transit,Kepler,5416.0,11.871,258.893
TOI-1696 b,2.500311,3.09,0.11,1,Transit,Transiting Exoplanet Survey Satellite (TESS),3185.0,16.82,64.9172
TIC 77552382 b,3.51025904942,5.69176189,0.68938597,1,Transit,Transiting Exoplanet Survey Satellite (TESS),4981.07,13.892,373.415
HD 96167 b,498.04,14.0,,0,Radial Velocity,W. M. Keck Observatory,5733.0,8.09,85.3006
Kepler-1770 b,16.84189987,2.84141754,,1,Transit,Kepler,5602.0,14.418,582.942
Kepler-292 e,11.97901,2.67,0.35,1,Transit,Kepler,5299.0,16.303,1056.48
Kepler-154 b,33.040532,2.26,0.44,1,Transit,Kepler,5690.0,14.646,915.212
Kepler-1660 AB b,239.5044,12.9,,0,Eclipse Timing Variations,Kepler,6305.24,13.595,1188.54
Kepler-379 b,20.09838,1.66,0.31,1,Transit,Kepler,6054.0,13.475,731.274
HAT-P-33 b,3.47447,20.73665,5.49241,1,Transit,HATNet,6446.0,11.032,396.11
Kepler-567 b,16.54297375,2.25,0.15,1,Transit,Kepler,5148.0,14.827,558.81
KIC 8121913 b,3.294601,13.4,,0,Orbital Brightness Modulation,Kepler,5975.3,12.38,707.303
K2-198 d,7.4500177,2.438,0.13,1,Transit,K2,5212.9,10.971,110.567
Kepler-176 e,51.16579,1.45,0.12,1,Transit,Kepler,5295.0,14.767,527.321
HD 109246 b,68.27,13.9,,0,Radial Velocity,Haute-Provence Observatory,5844.0,8.751,67.8349
TOI-5489 c,4.92126,1.28,0.07,1,Transit,Transiting Exoplanet Survey Satellite (TESS),3547.0,13.824,45.0907
K2-415 b,4.0179694,1.015,0.051,1,Transit,K2,3173.0,15.33,21.8182
Kepler-800 b,14.13176026,2.85,0.34,1,Transit,Kepler,5315.0,15.92,1019.26
Kepler-327 c,5.212333,1.03,0.05,1,Transit,Kepler,3799.0,15.611,241.987
Kepler-28 c,8.99,1.857,0.042,1,Transit,Kepler,4499.3,15.13,438.359
K2-271 b,8.562421,7.28,0.23,1,Transit,K2,5644.0,13.845,564.454
Kepler-1418 b,22.4764425,1.66,0.08,1,Transit,Kepler,4770.0,15.461,499.0
TOI-1694 c,386.25,13.8,,0,Radial Velocity,W. M. Keck Observatory,5005.0,11.446,124.68
HD 9446 c,192.9,13.4,,0,Radial Velocity,Haute-Provence Observatory,5793.0,8.35,50.3503
MASCARA-4 b,2.8240932,16.98160576,0.49319515,1,Transit,Multiple Observatories,7800.0,8.191,170.696
Kepler-1846 b,14.82009983,1.76378826,,1,Transit,Kepler,4825.0,14.412,374.615
HD 147873 b,116.596,12.8,,0,Radial Velocity,Multiple Observatories,5972.0,7.96,109.055
Kepler-224 e,18.643577,1.97,0.15,1,Transit,Kepler,5018.0,15.801,782.088
Kepler-1670 b,20.4998,3.3564801,,1,Transit,Kepler,5838.0,15.743,2065.98
Kepler-92 c,26.723,2.6,0.08,1,Transit,Kepler,5883.0,11.671,477.992
Kepler-1799 b,11.9296999,4.12801189,,1,Transit,Kepler,5831.0,15.99,2254.69
OGLE-2006-BLG-109L b,1788.5,14.0,,0,Microlensing,OGLE,,,1510.0
Kepler-1265 b,6.49441289,1.35,0.07,1,Transit,Kepler,4630.0,16.024,583.641
HD 332231 b,18.712024,9.07303305,0.18720815,1,Transit,Transiting Exoplanet Survey Satellite (TESS),6128.0,8.558,80.6665
HD 233604 b,192.0,12.7,,0,Radial Velocity,McDonald Observatory,4791.0,10.291,847.058
Kepler-1591 b,8.18504949,1.27,0.41,1,Transit,Kepler,6082.0,14.846,1419.58
HD 22532 b,872.6,13.4,,0,Radial Velocity,La Silla Observatory,5038.0,7.85,161.183
TOI-7189 b,2.89055,10.9,0.52,1,Transit,Transiting Exoplanet Survey Satellite (TESS),3775.0,15.88,192.09
TOI-7265 B b,4.17232,10.7,0.49,1,Transit,Transiting Exoplanet Survey Satellite (TESS),3503.0,14.265,143.97
TOI-6695 c,242.4,13.6,,0,Radial Velocity,Multiple Observatories,6400.0,10.768,282.536
Kepler-249 b,3.306539,1.09,0.05,1,Transit,Kepler,3568.0,16.37,190.401
Kepler-1222 b,1.916944254,0.79,0.06,1,Transit,Kepler,5239.0,14.21,415.218
Kepler-463 b,8.981016833,3.05,0.43,1,Transit,Kepler,5661.0,12.999,394.804
TOI-2337 b,2.99432,10.08808263,1.12089807,1,Transit,Transiting Exoplanet Survey Satellite (TESS),4780.0,12.524,536.046
HD 202206 c,1299.22,13.1,,0,Radial Velocity,La Silla Observatory,5764.23,8.08,45.9665
Kepler-566 b,18.42794624,2.15,0.13,1,Transit,Kepler,5132.0,15.217,564.277
Kepler-1224 b,13.32351601,1.33,0.12,1,Transit,Kepler,6155.0,12.926,559.598
WASP-149 b,1.332813,15.24421375,0.67253884,1,Transit,SuperWASP,5750.0,11.687,211.73
WASP-60 b,4.305,9.86392,1.34508,1,Transit,SuperWASP,5900.0,11.67,431.052
TOI-5916 b,2.36712341,11.8,0.52,1,Transit,Transiting Exoplanet Survey Satellite (TESS),3541.0,16.602,199.724
MXB 1658-298 b,760.0,12.0,,0,Eclipse Timing Variations,Multiple Observatories,,,
Kepler-619 c,1.208465026,1.69,0.39,1,Transit,Kepler,5980.0,14.84,900.678
Kepler-186 b,3.8867907,1.07,0.12,1,Transit,Kepler,3788.0,15.138,177.594
K2-183 d,22.620344,2.3,0.2,1,Transit,K2,5482.0,12.867,329.041
Kepler-1677 b,22.064,2.70216183,,1,Transit,Kepler,6013.72,13.806,735.369
KOI-55 c,0.342887,0.867,,0,Orbital Brightness Modulation,Kepler,27730.0,15.154,1231.02
TOI-603 b,16.179846,7.37,0.24,1,Transit,Transiting Exoplanet Survey Satellite (TESS),6027.0,10.312,205.924
Kepler-1620 b,101.951829,1.61,0.64,1,Transit,Kepler,6157.0,13.69,895.069
Kepler-85 e,25.216751,1.27,0.2,1,Transit,Kepler,5436.0,14.89,765.025
TOI-2128 b,16.34136,2.08874836,0.08866263,1,Transit,Transiting Exoplanet Survey Satellite (TESS),5968.0,7.22142,36.578
Kepler-1693 c,5.363709927,0.97698289,,1,Transit,Kepler,5553.0,14.857,760.065
TOI-5174 b,12.214286,5.351,,1,Transit,Transiting Exoplanet Survey Satellite (TESS),5643.77,11.583,197.243
WASP-172 b,5.477433,17.59813,1.1209,1,Transit,SuperWASP-South,6900.0,10.988,538.11
Kepler-403 b,7.031462,1.25,0.22,1,Transit,Kepler,6090.0,12.818,840.269
Kepler-1493 b,15.0217983,1.41,0.27,1,Transit,Kepler,5863.0,13.7192,555.051
Kepler-137 c,18.735753,1.88,0.14,1,Transit,Kepler,5187.0,13.063,302.979
TOI-2114 b,6.209959,14.54925695,0.67253884,1,Transit,Transiting Exoplanet Survey Satellite (TESS),6400.0,10.265,317.845
TOI-5806 b,3.1856381,15.13212395,1.90552672,1,Transit,Transiting Exoplanet Survey Satellite (TESS),6730.0,8.703,119.199
TOI-7169 b,3.4373125,16.53324653,0.32506044,1,Transit,Transiting Exoplanet Survey Satellite (TESS),5714.0,12.088,467.151
Kepler-365 b,10.664903,2.04,0.97,1,Transit,Kepler,6012.0,14.771,1038.99
HD 11977 b,711.0,12.7,,0,Radial Velocity,La Silla Observatory,4970.0,4.68,67.9331
Kepler-1038 b,148.4603382,3.53,0.52,1,Transit,Kepler,5335.0,15.03,584.136
Kepler-250 c,7.156804,2.28,1.31,1,Transit,Kepler,5160.0,15.819,760.585
eps CrB b,417.9,12.7,,0,Radial Velocity,Bohyunsan Optical Astronomical Observatory,4406.0,4.12577,69.8683
TOI-521 b,1.54285047,1.98,0.14,1,Transit,Transiting Exoplanet Survey Satellite (TESS),3544.0,14.691,60.9425
KOI-134 c,33.95,9.86,,0,Transit Timing Variations,Kepler,6160.0,13.773,1159.21
HD 127195 c,836.99,14.1,,0,Radial Velocity,La Silla Observatory,4981.0,7.18,84.7167
HD 125136 b,849.77,13.3,,0,Radial Velocity,La Silla Observatory,4959.0,7.44,121.257
alf Ari b,380.8,13.4,,0,Radial Velocity,Bohyunsan Optical Astronomical Observatory,4553.0,2.00538,20.21019
TOI-2180 b,260.79,11.32107051,0.24659758,1,Transit,Transiting Exoplanet Survey Satellite (TESS),5695.0,9.162,116.685
Kepler-122 e,37.993273,2.6,0.54,1,Transit,Kepler,6050.0,14.403,1027.45
Kepler-411 c,7.834435,4.421,0.062,1,Transit,Kepler,4974.0,12.448,153.676
Kepler-302 b,30.184104,4.06,0.85,1,Transit,Kepler,5740.0,15.694,1402.58
GJ 3779 b,3.0232,2.75,,0,Radial Velocity,Calar Alto Observatory,3324.0,13.04,13.743
Kepler-985 b,116.331901,2.98,0.14,1,Transit,Kepler,5434.0,14.904,679.361
Kepler-248 b,6.308205,3.02,0.36,1,Transit,Kepler,5190.0,15.506,738.792
Kepler-836 b,11.36112327,2.73,0.64,1,Transit,Kepler,5895.0,14.672,980.035
TOI-1224 c,17.945466,2.884,0.098,1,Transit,Transiting Exoplanet Survey Satellite (TESS),3326.0,13.95,37.3312
Kepler-142 d,41.809118,2.16,0.47,1,Transit,Kepler,5790.0,13.277,548.686
Kepler-1676 b,29.9221,3.3769596,,1,Transit,Kepler,5878.3,13.485,
K2-65 b,12.6475,1.58,0.38,1,Transit,K2,5213.0,10.71,72.2
BD+63 1405 b,1198.48,12.4,,0,Radial Velocity,Haute-Provence Observatory,5000.0,8.96,38.0473
WASP-73 b,4.08722,15.91678,2.46598,1,Transit,SuperWASP,6030.0,10.468,316.678
Kepler-733 b,20.83424726,2.82,0.46,1,Transit,Kepler,5418.0,15.561,916.706
Kepler-124 d,30.950851,1.11,0.07,1,Transit,Kepler,4984.0,14.4,420.046
Kepler-244 c,9.767292,2.05,0.87,1,Transit,Kepler,5554.0,15.747,1036.49
Kepler-2001 c,14.092583189,1.82,0.23,1,Transit,Kepler,5081.0,15.981,776.55
Kepler-32 b,5.90124,2.2,0.2,1,Transit,Kepler,3900.0,16.36,323.847
TOI-5108 b,6.753581,6.6,0.1,1,Transit,Transiting Exoplanet Survey Satellite (TESS),5808.0,9.75,130.919
Kepler-132 c,6.414914,1.28,0.25,1,Transit,Kepler,6003.0,11.922,349.549
Kepler-47 b,49.4643,3.05,0.04,1,Transit,Kepler,5636.0,15.31,1025.02
HD 190007 b,11.724128,4.06,,0,Radial Velocity,Multiple Observatories,4610.0,7.46,12.7141
Kepler-1219 b,16.10467749,2.12,0.56,1,Transit,Kepler,5944.0,12.339,880.895
Kepler-1808 b,23.3404007,3.02511302,,1,Transit,Kepler,5530.0,15.424,1022.01
Kepler-824 b,4.51436633,1.87,0.71,1,Transit,Kepler,6035.0,15.051,1201.4
HD 95089 b,464.4,13.7,,0,Radial Velocity,W. M. Keck Observatory,4918.0,7.92,136.957
Kepler-610 c,151.86392,3.3,0.84,1,Transit,Kepler,5943.0,14.816,845.824
Kepler-410 A b,17.833648,2.838,0.054,1,Transit,Kepler,6273.0,9.495,147.527
DMPP-6 b,7.6027,2.28,,0,Radial Velocity,Multiple Observatories,6182.09,7.71,54.6303
Kepler-1063 b,14.07971466,1.49,0.4,1,Transit,Kepler,5945.0,13.029,343.226
Kepler-1628 b,76.378033,6.43,0.94,1,Transit,Kepler,3724.0,17.8298,352.0
OGLE2-TR-L9 b,2.4855335,18.046,0.448,1,Transit,OGLE,6933.0,14.718,1627.63
TOI-5736 b,0.64899,1.56,0.07,1,Transit,Transiting Exoplanet Survey Satellite (TESS),3949.0,13.553,92.3604
Kepler-1577 b,6.30560247,1.13,0.05,1,Transit,Kepler,4862.0,15.228,510.029
K2-13 b,39.91488,1.89,0.95,1,Transit,K2,5698.0,12.882,342.394
Kepler-122 f,56.268,1.75,0.6,1,Transit,Kepler,5917.0,14.403,1027.45
Kepler-414 c,7.171,3.01,0.54,1,Transit,Kepler,5536.0,13.378,413.46
TOI-1533 b,3.6457974,2.89,0.06,1,Transit,Transiting Exoplanet Survey Satellite (TESS),5146.0,10.953,100.051
Kepler-675 b,2.33743801,2.44,0.24,1,Transit,Kepler,4945.0,15.605,665.68
Kepler-1489 c,0.680741,0.51,0.08,1,Transit,Kepler,5565.53,14.983,1283.05
K2-190 c,21.574023,1.09308317,0.15187251,1,Transit,K2,5631.0,11.138,160.679
Kepler-276 c,31.884,2.9,1.27,1,Transit,Kepler,5693.0,15.481,1144.86
HD 148164 b,328.55,13.7,,0,Radial Velocity,W. M. Keck Observatory,6032.0,8.23,77.1971
Kepler-1996 b,32.376183,2.26,0.16,1,Transit,Kepler,4580.0,15.11,440.561
HIP 107772 b,55.199,3.64,,0,Radial Velocity,Multiple Observatories,4006.0,10.56,23.6434
Kepler-446 c,3.036179,1.11,0.18,1,Transit,Kepler,3359.0,17.5041,96.339
KIC 3526061 b,3552.0,12.1,,0,Radial Velocity,McDonald Observatory,4829.0,10.372,401.229
HD 11964 c,37.91,5.38,,0,Radial Velocity,W. M. Keck Observatory,5303.0,6.41525,33.5369
Kepler-1482 b,12.25383217,1.01,0.1,1,Transit,Kepler,5381.0,13.967,567.556
TOI-5515 b,8.59225810839,2.65362762,0.25797628,1,Transit,Transiting Exoplanet Survey Satellite (TESS),5483.65,11.147,135.459
TOI-2184 b,6.90683,11.39953337,0.57165802,1,Transit,Transiting Exoplanet Survey Satellite (TESS),5966.0,12.254,788.317
HD 102329 c,1123.0,13.5,,0,Radial Velocity,W. M. Keck Observatory,4830.0,7.88,217.107
HD 39194 b,5.63692,1.99,,0,Radial Velocity,La Silla Observatory,5205.0,8.09,26.4131
HD 199509 b,99.62167,7.43,,0,Radial Velocity,Multiple Observatories,5796.02,6.98,24.3056
Kepler-325 d,38.715185,2.79,1.39,1,Transit,Kepler,5752.0,15.175,823.242
Kepler-1940 b,4.950610161,1.54732469,,1,Transit,Kepler,5431.0,15.674,798.595
TOI-2545 b,7.994037,2.75,,1,Transit,Transiting Exoplanet Survey Satellite (TESS),5846.29,9.521,107.118
Kepler-1612 b,3.91795101,1.03,0.18,1,Transit,Kepler,5643.0,14.936,764.726
HD 136352 c,27.59221,2.916,0.075,1,Radial Velocity,La Silla Observatory,5664.0,5.65,14.682
EPIC 201615463 c,3.80464,1.22,0.21,1,Transit,K2,5960.0,12.081,476.882
Kepler-225 b,6.738975,1.2,0.07,1,Transit,Kepler,3682.0,16.294,561.101
HD 20868 b,380.85001,13.7,,0,Radial Velocity,La Silla Observatory,4802.0,9.92,47.7223
Kepler-1930 b,13.02680016,1.52955541,,1,Transit,Kepler,5083.0,13.447,275.694
Kepler-1439 b,8.07392849,1.46,0.14,1,Transit,Kepler,3578.0,17.0484,225.393
HD 155193 b,352.65,14.0,,0,Radial Velocity,Haute-Provence Observatory,6239.0,7.0092,57.7995
TOI-1266 c,18.8027,1.98,0.1,1,Transit,Transiting Exoplanet Survey Satellite (TESS),3563.0,12.941,36.0118
Kepler-1536 b,364.758031,3.14,0.36,1,Transit,Kepler,4434.0,15.464,387.248
HD 134987 b,258.17999,13.5,,0,Radial Velocity,W. M. Keck Observatory,5736.0,6.47,26.1804
Kepler-961 b,16.87727414,2.55,0.11,1,Transit,Kepler,5582.0,14.204,574.314
Kepler-539 b,125.63243,8.373123,0.190553,1,Transit,Kepler,5820.0,12.444,307.318
HD 5278 c,40.87,4.49,,0,Radial Velocity,Paranal Observatory,6203.0,7.94,57.5846
Kepler-319 c,6.941357,2.63,0.37,1,Transit,Kepler,5526.0,13.926,503.436
Kepler-1099 b,2.168452593,2.83,0.43,1,Transit,Kepler,5837.0,15.137,1022.8
Kepler-244 d,20.050401,2.31,0.97,1,Transit,Kepler,5554.0,15.747,1036.49
NY Vir c,8799.0,12.8,,0,Eclipse Timing Variations,Winer Observatory,32780.0,13.496,544.024
Kepler-377 b,12.509529,1.39,0.27,1,Transit,Kepler,5949.0,14.081,823.804
Kepler-879 b,33.3855938,2.57,0.66,1,Transit,Kepler,5792.0,14.429,802.672
Kepler-705 b,56.0560538,2.11,0.1,1,Transit,Kepler,3722.0,16.331,276.881
Kepler-163 c,21.347262,2.26,0.94,1,Transit,Kepler,5776.0,14.467,689.814
TOI-778 b,4.633611,15.4,0.5,1,Transit,Transiting Exoplanet Survey Satellite (TESS),6643.0,9.109,161.743
Kepler-1355 b,1.289588112,1.46,0.12,1,Transit,Kepler,5352.0,15.595,911.269
KOI-134 b,67.1277,12.03844527,0.19055267,1,Transit,Kepler,6160.0,13.773,1159.21
Kepler-138 b,10.3134,0.64,0.02,1,Transit,Kepler,3841.0,13.04,66.8624
Kepler-1542 e,5.10115756,0.76,0.1,1,Transit,Kepler,5564.0,12.734,399.114
Kepler-1579 b,0.849907889,0.84,0.06,1,Transit,Kepler,4584.0,15.49,466.0
K2-264 c,19.660302,2.668,0.201,1,Transit,K2,3660.0,16.701,185.605
Kepler-1073 d,2.504760027,1.48770949,,1,Transit,Kepler,5509.0,14.749,809.897
Kepler-510 b,19.55659418,2.47,0.23,1,Transit,Kepler,5746.0,12.067,386.177
HD 164509 b,280.17,14.3,,0,Radial Velocity,W. M. Keck Observatory,5859.0,8.1,53.1119
TIC 34085383 b,3.47793368523,3.91982296,0.40942416,1,Transit,Transiting Exoplanet Survey Satellite (TESS),4694.84,12.552,149.12
TYC 3667-1280-1 b,26.468,12.8,,0,Radial Velocity,McDonald Observatory,5130.0,9.856,477.516
HATS-59 c,1422.0,12.3,,0,Radial Velocity,HATSouth,5670.0,14.033,642.884
Kepler-1605 b,85.7565495,1.08,0.09,1,Transit,Kepler,5280.0,12.592,546.23
HD 187123 b,3.0965828,14.2,,0,Radial Velocity,W. M. Keck Observatory,5790.0,7.83,45.9548
OGLE-TR-132 b,1.689868,13.45,1.68,1,Transit,OGLE,6210.0,16.536,2012.62
OGLE-TR-56 b,1.2119189,15.278,1.031,1,Transit,OGLE,6050.0,15.3,282.83913869
WASP-156 b,3.8361629,6.15,0.12,1,Transit,SuperWASP,5036.0,11.559,122.066
HD 22781 b,528.07,12.3,,0,Radial Velocity,Haute-Provence Observatory,5027.0,8.78,32.6034
Kepler-16 b,228.776,8.4493,0.0291,1,Transit,Kepler,4450.0,12.144,75.0852
Kepler-27 c,31.3309,4.9,,1,Transit,Kepler,5400.0,15.822,1044.36
WASP-23 b,2.9444256,10.783,0.527,1,Transit,SuperWASP,5150.0,12.539,207.49
Kepler-27 b,15.3348,4.0,,1,Transit,Kepler,5400.0,15.822,1044.36
HD 114783 b,493.7,13.7,,0,Radial Velocity,W. M. Keck Observatory,5135.0,7.56,21.0628
HD 19994 b,466.2,13.6,,0,Radial Velocity,La Silla Observatory,6188.0,5.06345,22.5242
47 UMa b,1078.0,13.2,,0,Radial Velocity,Lick Observatory,5872.0,5.03352,13.7967
Kepler-18 c,7.64159,5.49,0.26,1,Transit,Kepler,5345.0,13.771,433.047
Kepler-18 b,3.504725,2.0,0.1,1,Transit,Kepler,5345.0,13.771,433.047
Kepler-31 c,42.6318,5.3,1.1,1,Transit,Kepler,6340.0,15.496,1664.64
Kepler-32 e,2.896,1.5,0.1,1,Transit,Kepler,3900.0,16.36,323.847
61 Vir b,4.215,2.11,,0,Radial Velocity,Multiple Observatories,5577.0,4.6955,8.50332
61 Vir c,38.021,4.46,,0,Radial Velocity,Multiple Observatories,5577.0,4.6955,8.50332
47 UMa d,14002.0,13.5,,0,Radial Velocity,Lick Observatory,5872.0,5.03352,13.7967
47 UMa c,2391.0,14.2,,0,Radial Velocity,Lick Observatory,5872.0,5.03352,13.7967
BD-08 2823 c,237.6,12.5,,0,Radial Velocity,La Silla Observatory,4746.0,9.86,41.3342
CoRoT-23 b,3.6313,11.77,1.46,1,Transit,CoRoT,5900.0,15.675,1060.97
Kepler-18 d,14.85888,6.98,0.33,1,Transit,Kepler,5345.0,13.771,433.047
HATS-1 b,3.446459,14.594,1.816,1,Transit,HATSouth,5870.0,12.155,283.971
HD 47186 c,1353.6,13.0,,0,Radial Velocity,La Silla Observatory,5657.0,7.63,37.4574
HD 196885 A b,1333.0,13.2,,0,Radial Velocity,Haute-Provence Observatory,6254.0,6.39677,34.1692
CoRoT-6 b,8.886593,13.068,0.392,1,Transit,CoRoT,6090.0,13.961,645.294
HR 8799 b,170000.0,13.0,1.0,0,Imaging,Gemini Observatory,7204.58,5.98,41.2441
HAT-P-37 b,2.797436,13.204,0.863,1,Transit,HATNet,5500.0,13.427,390.594
Kepler-42 b,1.2137672,0.78,0.22,1,Transit,Kepler,3068.0,16.7,40.0595
Kepler-32 d,22.7802,2.7,0.2,1,Transit,Kepler,3900.0,16.36,323.847
Kepler-32 f,0.74296,0.82,0.07,1,Transit,Kepler,3900.0,16.36,323.847
BD+20 2457 b,379.63,12.1,,0,Radial Velocity,McDonald Observatory,4137.0,9.743,1539.71
HR 8799 d,37000.0,13.0,1.0,0,Imaging,W. M. Keck Observatory,7204.58,5.98,41.2441
GJ 179 b,2288.0,13.8,,0,Radial Velocity,W. M. Keck Observatory,3370.0,11.963,12.356
SWEEPS-4 b,4.2,9.079,1.121,1,Transit,Hubble Space Telescope,,18.8,8500.0
Kepler-42 c,0.45328509,0.73,0.2,1,Transit,Kepler,3068.0,16.7,40.0595
Kepler-33 c,13.17562,3.2,0.3,1,Transit,Kepler,5904.0,14.099,1209.16
Kepler-35 b,131.458,8.16,0.157,1,Transit,Kepler,5606.0,15.863,1819.17
CoRoT-16 b,5.35227,13.11,1.79,1,Transit,CoRoT,5650.0,16.052,732.409
HD 240210 b,501.75,12.8,,0,Radial Velocity,McDonald Observatory,4297.0,8.270001,372.405
BD+20 2457 c,621.99,12.4,,0,Radial Velocity,McDonald Observatory,4137.0,9.743,1539.71
HD 110014 b,835.477,12.4,,0,Radial Velocity,La Silla Observatory,4445.0,4.64597,100.758
HIP 5158 b,345.72,13.6,,0,Radial Velocity,La Silla Observatory,4962.0,10.16,51.6026
Kepler-33 e,31.7844,4.02,0.38,1,Transit,Kepler,5904.0,14.099,1209.16
Kepler-33 d,21.77596,5.35,0.49,1,Transit,Kepler,5904.0,14.099,1209.16
BD+20 274 b,578.2,13.0,,0,Radial Velocity,McDonald Observatory,4296.0,9.367,1322.51
KELT-1 b,1.217514,12.442,0.358687,1,Transit,KELT,6516.0,10.632,268.43
CoRoT-5 b,4.0378962,15.558,0.516,1,Transit,CoRoT,6100.0,14.043,882.472
HD 134987 c,5000.0,13.9,,0,Radial Velocity,Multiple Observatories,5585.0,6.47,26.1804
HD 147018 b,44.236,13.4,,0,Radial Velocity,La Silla Observatory,5441.0,8.3,40.4256
Kepler-33 f,41.02902,4.46,0.41,1,Transit,Kepler,5904.0,14.099,1209.16
Kepler-31 b,20.8613,5.5,1.1,1,Transit,Kepler,6340.0,15.496,1664.64
Kepler-34 b,288.822,8.564,0.135,1,Transit,Kepler,5913.0,15.087,1800.82
HD 45350 b,963.6,13.5,,0,Radial Velocity,W. M. Keck Observatory,5566.0,7.89,46.8733
HD 147018 c,1008.0,12.7,,0,Radial Velocity,La Silla Observatory,5441.0,8.3,40.4256
CFBDSIR J145829+101343 b,10037.5,12.4,,0,Imaging,W. M. Keck Observatory,580.5,,23.1
HD 220773 b,3724.7,13.6,,0,Radial Velocity,McDonald Observatory,5940.0,7.10831,50.5103
HD 147513 b,528.4,13.7,,0,Radial Velocity,La Silla Observatory,5883.0,5.37,12.9032
HD 129445 b,1840.0,13.3,,0,Radial Velocity,Las Campanas Observatory,5646.0,8.8,67.4386
WASP-5 b,1.6284279,12.184,0.762,1,Transit,SuperWASP,5700.0,12.147,309.137
OGLE-TR-111 b,4.0144463,11.421971,0.291434,1,Transit,OGLE,5040.0,16.707,1068.33
HD 8535 b,1313.0,14.0,,0,Radial Velocity,La Silla Observatory,6136.0,7.7,55.4401
MOA-2009-BLG-266L b,2800.0,3.21,,0,Microlensing,MOA,,,3040.0
GJ 667 C b,7.203,2.25,,0,Radial Velocity,La Silla Observatory,3350.0,10.602,7.24396
HIP 5158 c,9017.76,12.2,,0,Radial Velocity,La Silla Observatory,4813.0,10.16,51.6026
HAT-P-23 b,1.212884,15.334,1.009,1,Transit,HATNet,5905.0,11.937,364.813
HAT-P-20 b,2.875317,9.718,0.37,1,Transit,HATNet,4595.0,11.231,71.0374
CoRoT-17 b,3.7681,11.43,0.78,1,Transit,CoRoT,5740.0,16.29,1176.12
HD 132563 b,1544.0,13.6,,0,Radial Velocity,Roque de los Muchachos Observatory,6289.0,8.928001,105.155
Kepler-45 b,2.455239,10.76,1.23,1,Transit,Kepler,3820.0,16.744,381.949
HU Aqr AB b,2390.0,12.8,,0,Eclipse Timing Variations,Yunnan Astronomical Observatory,5952.0,16.183,192.19807871
Kepler-417 b,12.331,2.31,0.86,1,Transit,Kepler,5177.0,15.864,973.989
Kepler-37 d,39.7922622,2.03,0.03,1,Transit,Kepler,5357.0,9.770001,63.9207
GJ 3634 b,2.64561,2.83,,0,Radial Velocity,La Silla Observatory,3517.0,11.938,20.3779
Kepler-14 b,6.790123,12.733,0.818,1,Transit,Kepler,6395.0,12.003,798.0
CoRoT-18 b,1.9000693,14.68,2.02,1,Transit,CoRoT,5440.0,14.868,764.889
Kepler-15 b,4.942782,10.76,0.67,1,Transit,Kepler,5515.0,13.81,739.412
KOI-55 b,0.240104,0.759,,0,Orbital Brightness Modulation,Kepler,27730.0,15.154,1231.02
CoRoT-14 b,1.51214,12.22,0.78,1,Transit,CoRoT,6035.0,15.932,1744.6
HD 11964 b,1945.0,14.1,,0,Radial Velocity,W. M. Keck Observatory,5303.0,6.41525,33.5369
HAT-P-4 b,3.056536,14.28,0.549,1,Transit,HATNet,5860.0,11.118,320.451
OGLE-TR-10 b,3.101278,14.011,1.569,1,Transit,OGLE,5950.0,16.006,1344.97
OGLE-TR-113 b,1.4324752,12.251,0.314,1,Transit,OGLE,4790.0,15.8485,566.459
HD 192310 b,74.72,4.27,,0,Radial Velocity,La Silla Observatory,5166.0,5.73,8.79687
Kepler-277 b,17.324,2.92,0.73,1,Transit,Kepler,5946.0,13.544,976.643
HD 41004 A b,963.0,13.2,,0,Radial Velocity,La Silla Observatory,5310.0,8.65,36.69117
Kepler-476 b,14.00640607,3.08,0.51,1,Transit,Kepler,5837.0,14.018,813.535
Kepler-247 d,20.4737,4.5,0.55,1,Transit,Kepler,5094.0,15.199,663.711
Kepler-1976 b,4.959319244,12.21,1.96,1,Transit,Kepler,5712.0,15.445,1314.51
WASP-155 b,3.110413,13.45077684,0.67253884,1,Transit,SuperWASP,5660.0,12.365,399.63
HD 62509 b,589.64,13.3,,0,Radial Velocity,Multiple Observatories,4892.63,1.12512,10.34
Kepler-65 b,2.15491,1.42,0.03,1,Transit,Kepler,6211.0,10.922,303.728
RR Cae b,4343.5,13.0,,0,Eclipse Timing Variations,Leoncito Astronomical Complex,3904.0,14.379,21.1916
WASP-65 b,2.3114243,12.464,0.661,1,Transit,SuperWASP,5600.0,11.869,273.703
Kepler-30 c,60.323105,12.3,0.4,1,Transit,Kepler,5498.0,15.726,914.221
Kepler-38 b,105.599,4.3,0.11,1,Transit,Kepler,5623.0,14.015,1174.59
WASP-8 c,4323.0,12.5,,0,Radial Velocity,SuperWASP,5690.0,9.789,89.9606
WASP-1 b,2.5199454,16.623,0.269,1,Transit,SuperWASP,6110.0,11.308,393.072
Kepler-50 c,9.37647,2.17,0.07,1,Transit,Kepler,6225.0,10.544,250.11
BD+15 2940 b,137.48,13.7,,0,Radial Velocity,McDonald Observatory,4796.0,9.01,426.42
Kepler-87 b,114.73635,13.49,0.55,1,Transit,Kepler,5600.0,14.681,1232.9
WASP-75 b,2.484193,14.235,0.538,1,Transit,SuperWASP,6100.0,11.591,294.001
Kepler-87 c,191.2318,6.14,0.29,1,Transit,Kepler,5600.0,14.681,1232.9
WTS-1 b,3.352057,16.7,1.79,1,Transit,United Kingdom Infrared Telescope,6250.0,16.644,2346.01
CoRoT-26 b,4.20474,14.12,1.46,1,Transit,CoRoT,5590.0,15.861,1045.18
91 Aqr b,181.4,13.1,,0,Radial Velocity,Lick Observatory,4665.0,4.23946,44.0304
tau Gem b,305.5,12.1,,0,Radial Velocity,Lick Observatory,4388.0,4.37799,112.537
HAT-P-42 b,4.641878,14.348,1.715,1,Transit,HATNet,5743.0,12.125,405.238
Kepler-56 c,21.40239,9.8,0.46,1,Transit,Kepler,4840.0,12.598,912.994
HD 40307 f,51.76,2.13,,0,Radial Velocity,La Silla Observatory,4956.0,7.17,12.9363
Kepler-186 e,22.407704,1.27,0.15,1,Transit,Kepler,3788.0,15.138,177.594
Kepler-186 c,7.267302,1.25,0.14,1,Transit,Kepler,3788.0,15.138,177.594
GJ 163 c,25.63058,2.5,,0,Radial Velocity,La Silla Observatory,3500.0,11.79,15.1285
GJ 163 d,603.95116,5.92,,0,Radial Velocity,La Silla Observatory,3500.0,11.79,15.1285
Kepler-56 b,10.5016,6.51,0.29,1,Transit,Kepler,4840.0,12.598,912.994
HD 208527 b,875.5,12.5,,0,Radial Velocity,Bohyunsan Optical Astronomical Observatory,4035.0,6.38984,312.202
HD 40307 g,197.8,2.56,,0,Radial Velocity,La Silla Observatory,4956.0,7.17,12.9363
Kepler-186 d,13.342996,1.4,0.16,1,Transit,Kepler,3788.0,15.138,177.594
HIP 63242 b,124.6,12.5,,0,Radial Velocity,Multiple Observatories,4830.0,6.86,156.456
Kepler-11 b,10.3039,1.8,0.03,1,Transit,Kepler,5663.0,13.817,646.346
KOI-351 f,124.9144,2.88,0.52,1,Transit,Kepler,6080.0,13.883,848.254
CoRoT-1 b,1.5089557,16.7,0.9,1,Transit,CoRoT,5950.0,13.623,787.909
HAT-P-45 b,3.128992,15.984,1.962,1,Transit,HATNet,6330.0,12.783,298.64
HAT-P-44 b,4.301219,13.922,1.188,1,Transit,HATNet,5295.0,13.225,347.85
Kepler-11 e,31.9996,4.19,0.07,1,Transit,Kepler,5663.0,13.817,646.346
HD 103774 b,5.8881,13.3,,0,Radial Velocity,La Silla Observatory,6489.0,7.13463,56.4089
HAT-P-44 c,872.2,13.0,,0,Radial Velocity,W. M. Keck Observatory,5295.0,13.225,347.85
HATS-5 b,4.763387,10.223,0.28,1,Transit,HATSouth,5304.0,12.598,246.384
Kepler-11 g,118.3807,3.33,0.06,1,Transit,Kepler,5663.0,13.817,646.346
KOI-351 e,91.93913,2.66,0.29,1,Transit,Kepler,6080.0,13.883,848.254
KOI-351 c,8.719375,1.19,0.14,1,Transit,Kepler,6080.0,13.883,848.254
HD 109271 b,7.8543,4.31,,0,Radial Velocity,La Silla Observatory,5783.0,8.04,55.8716
HD 109271 c,30.93,5.27,,0,Radial Velocity,La Silla Observatory,5783.0,8.04,55.8716
bet Cnc b,605.2,12.6,,0,Radial Velocity,Bohyunsan Optical Astronomical Observatory,4092.1,3.51012,89.0472
mu Leo b,357.8,13.3,,0,Radial Velocity,Bohyunsan Optical Astronomical Observatory,4538.2,3.86648,32.6081
Kepler-11 c,13.0241,2.87,0.05,1,Transit,Kepler,5663.0,13.817,646.346
HD 166724 b,5144.0,13.0,,0,Radial Velocity,La Silla Observatory,5127.0,9.33,45.1342
WASP-64 b,1.5732918,14.247,0.437,1,Transit,SuperWASP,5400.0,12.704,369.926
Kepler-67 b,15.7259,2.94,0.16,1,Transit,Kepler,5331.0,16.172,1131.19
GJ 667 C c,28.14,1.77,,0,Radial Velocity,La Silla Observatory,3350.0,10.602,7.24396
HAT-P-38 b,4.640382,9.247,1.031,1,Transit,HATNet,5330.0,12.525,255.206
PH1 b,138.317,6.18,0.17,1,Transit,Kepler,6407.0,13.841,1033.16
Kepler-415 b,4.176,1.21,0.13,1,Transit,Kepler,4362.0,16.142,530.487
Kepler-338 c,24.310856,2.34,0.12,1,Transit,Kepler,5923.0,12.19,552.798
WASP-126 b,3.28883,10.51358773,0.51853716,1,Transit,SuperWASP-South,5800.0,10.994,216.526
Kepler-1544 b,168.811174,1.78,0.09,1,Transit,Kepler,4886.0,14.287,335.09
GJ 667 C e,62.24,1.45,,0,Radial Velocity,La Silla Observatory,3350.0,10.602,7.24396
HD 207832 c,1155.7,14.0,,0,Radial Velocity,W. M. Keck Observatory,5710.0,8.78,58.9291
HAT-P-39 b,3.54387,17.609,1.211,1,Transit,HATNet,6430.0,12.282,697.004
HD 150706 b,5894.0,13.3,,0,Radial Velocity,Haute-Provence Observatory,5961.0,7.03,28.2697
HIP 57274 d,431.7,14.2,,0,Radial Velocity,W. M. Keck Observatory,4640.0,8.97,25.8618
Kepler-82 e,5.902206,2.47,0.37,1,Transit,Kepler,5428.0,15.131,904.326
Kepler-417 c,15.943,2.69,0.19,1,Transit,Kepler,5177.0,15.864,973.989
CoRoT-2 b,1.7429935,16.432,0.471,1,Transit,CoRoT,5625.0,12.516,213.283
TOI-1272 b,3.3159765,4.26,0.1,1,Transit,Transiting Exoplanet Survey Satellite (TESS),4985.0,11.758,137.572
Kepler-82 f,75.732,4.84,,0,Transit Timing Variations,KOINet,5401.0,15.131,904.326
TOI-1883 b,4.508,5.65,0.24,1,Transit,Transiting Exoplanet Survey Satellite (TESS),3554.0,15.792,115.369
Oph 11 b,7300000.0,12.3,,0,Imaging,Gemini Observatory,2375.0,,136.16559197
Kepler-338 d,44.431014,3.0,0.28,1,Transit,Kepler,5923.0,12.19,552.798
Kepler-418 b,86.67856,13.45,1.79,1,Transit,Kepler,5820.0,14.824,1002.53
DP Leo b,10220.0,12.7,,0,Eclipse Timing Variations,Yunnan Astronomical Observatory,13500.0,18.6837,305.684
Kepler-58 b,10.2184954,2.78,,1,Transit,Kepler,5843.0,15.086,969.252
Kepler-59 c,17.9801235,1.98,,1,Transit,Kepler,6074.0,14.467,1163.22
Kepler-130 c,27.50868,2.9,0.25,1,Transit,Kepler,5879.0,11.572,316.663
CoRoT-27 b,3.57532,11.287,0.493,1,Transit,CoRoT,5900.0,15.774,1010.28
HIP 105854 b,184.2,12.6,,0,Radial Velocity,Multiple Observatories,4780.0,5.64,78.6381
Kapteyn c,121.54,2.54,,0,Radial Velocity,Multiple Observatories,3550.0,8.86,3.93305
Kepler-63 b,9.4341505,6.11,0.2,1,Transit,Kepler,5576.0,12.02,194.033
Kepler-53 c,38.5583038,3.17,,1,Transit,Kepler,5858.0,15.367,1366.07
Kepler-54 c,12.0717249,1.23,,1,Transit,Kepler,3705.0,16.282,271.701
Kepler-83 c,20.09,2.36,0.35,1,Transit,Kepler,4082.0,16.145,400.409
Kepler-81 b,5.955,2.42,0.38,1,Transit,Kepler,4385.0,15.258,348.291
Kepler-55 c,42.1516418,2.21,,1,Transit,Kepler,4362.0,15.746,578.796
Kepler-59 b,11.8681707,1.1,,1,Transit,Kepler,6074.0,14.467,1163.22
HD 82943 b,441.47,13.5,,0,Radial Velocity,La Silla Observatory,5935.0,6.54993,27.5902
HD 154857 c,3452.0,13.2,,0,Radial Velocity,Anglo-Australian Telescope,5605.0,7.24,63.4482
Kepler-62 d,18.16406,1.95,0.07,1,Transit,Kepler,4925.0,13.965,300.874
Kepler-62 b,5.714932,1.31,0.04,1,Transit,Kepler,4925.0,13.965,300.874
Kepler-83 b,9.77,2.83,0.41,1,Transit,Kepler,4082.0,16.145,400.409
POTS-1 b,3.1606296,10.548,0.404,1,Transit,La Silla Observatory,4400.0,17.9083,747.959
Kepler-54 b,8.0109434,2.1,,1,Transit,Kepler,3705.0,16.282,271.701
Kepler-55 b,27.9481449,2.43,,1,Transit,Kepler,4362.0,15.746,578.796
HD 82943 c,220.078,13.4,,0,Radial Velocity,La Silla Observatory,5935.0,6.54993,27.5902
Kepler-413 b,66.262,4.347,0.099,1,Transit,Kepler,4700.0,15.885,847.536
Kepler-61 b,59.87756,2.15,0.13,1,Transit,Kepler,4017.0,15.277,335.079
HAT-P-27 b,3.039577,11.43,0.78,1,Transit,HATNet,5316.0,12.052,199.173
Qatar-4 b,1.8053564,12.722215,1.23299,1,Transit,Qatar,5215.0,13.574,329.036
WTS-2 b,1.0187068,15.277867,0.683749,1,Transit,United Kingdom Infrared Telescope,5000.0,15.954,1030.76834437
HD 4203 c,6700.0,13.3,,0,Radial Velocity,W. M. Keck Observatory,5582.0,8.7,81.3795
Kepler-193 c,50.697494,2.75,1.24,1,Transit,Kepler,6335.0,14.712,1009.1
Kepler-207 b,1.611865,1.57,0.3,1,Transit,Kepler,5920.0,13.164,875.519
Kepler-313 b,14.970418,2.53,0.31,1,Transit,Kepler,5727.0,14.304,1079.39524871
Kepler-120 c,12.794585,1.53,0.09,1,Transit,Kepler,4096.0,14.995,388.63
Kepler-238 e,23.654,5.6,2.37,1,Transit,Kepler,5800.0,15.297,1798.75
Kepler-328 b,34.921,2.3,0.96,1,Transit,Kepler,6064.0,15.794,2213.19
Kepler-280 b,2.139542,1.45,0.7,1,Transit,Kepler,5744.0,14.35,780.361
Kepler-275 c,16.088134,3.38,0.64,1,Transit,Kepler,6165.0,15.289,2034.25
Kepler-214 b,15.660544,2.61,0.49,1,Transit,Kepler,6169.0,14.057,1208.44
Kepler-219 c,22.714613,3.58,0.6,1,Transit,Kepler,5786.0,13.823,787.07
Kepler-331 b,8.457496,1.82,0.19,1,Transit,Kepler,4347.0,16.199,580.119
Kepler-340 c,22.824669,3.37,0.77,1,Transit,Kepler,6620.0,12.329,808.762
TOI-4438 b,7.446295,2.4,0.09,1,Transit,Transiting Exoplanet Survey Satellite (TESS),3501.0,13.69,30.0346
Kepler-293 b,19.254196,3.07,1.3,1,Transit,Kepler,5804.0,15.452,974.633
Kepler-291 b,3.546511,2.16,0.94,1,Transit,Kepler,6002.0,16.218,1786.48
Kepler-224 d,11.349393,2.3,0.14,1,Transit,Kepler,5018.0,15.801,782.088
Kepler-124 c,13.821375,1.75,0.09,1,Transit,Kepler,4984.0,14.4,420.046
DMPP-7 b,4.92666,9.78,,0,Radial Velocity,Multiple Observatories,6096.0,8.79,101.386
HD 127195 b,534.5,14.0,,0,Radial Velocity,La Silla Observatory,4981.0,7.18,84.7167
Kepler-111 b,3.341815,1.58,0.2,1,Transit,Kepler,5952.0,13.543,657.223
Kepler-148 c,4.180043,3.6,1.76,1,Transit,Kepler,5272.0,15.398,791.163
Kepler-179 b,2.735926,1.64,0.68,1,Transit,Kepler,5302.0,14.772,605.68
Kepler-290 c,36.77031,2.7,1.39,1,Transit,Kepler,5147.0,15.775,694.627
Kepler-302 c,127.282184,12.45,2.54,1,Transit,Kepler,5740.0,15.694,1402.58
Kepler-226 b,3.940997,1.55,0.62,1,Transit,Kepler,5571.0,15.563,980.138
Kepler-333 b,12.551158,1.32,0.16,1,Transit,Kepler,4259.0,15.052,324.413
Kepler-343 b,8.96855,2.41,0.51,1,Transit,Kepler,5807.0,14.063,927.193
Kepler-197 d,15.677563,1.22,0.1,1,Transit,Kepler,6004.0,11.775,330.575
TOI-762 A b,3.4716826,8.33948164,0.19055267,1,Transit,Transiting Exoplanet Survey Satellite (TESS),3266.0,16.0,98.4458
Kepler-125 b,4.164389,2.37,0.1,1,Transit,Kepler,3810.0,15.431,183.365
Kepler-306 c,7.240193,2.35,0.19,1,Transit,Kepler,4954.0,15.575,775.679
Kepler-53 d,9.751962,2.12,1.05,1,Transit,Kepler,6085.0,15.367,1366.07
Kepler-238 d,13.233549,3.07,0.57,1,Transit,Kepler,5751.0,15.297,1798.75
Kepler-127 d,48.630408,2.64,0.14,1,Transit,Kepler,6106.0,11.746,352.794
Kepler-222 c,10.08881,4.64,2.07,1,Transit,Kepler,5433.0,15.407,758.854
Kepler-257 d,24.664551,4.95,2.48,1,Transit,Kepler,5180.0,15.652,780.256
Kepler-308 b,9.694928,2.12,1.02,1,Transit,Kepler,5895.0,16.019,1335.92
Kepler-310 c,56.47542,3.38,1.58,1,Transit,Kepler,5797.0,14.376,602.268
Kepler-242 c,14.496481,2.0,1.23,1,Transit,Kepler,5020.0,15.489,600.241
Kepler-241 c,36.065978,2.57,1.11,1,Transit,Kepler,4699.0,15.708,512.0
Kepler-351 c,57.24809,3.19,1.55,1,Transit,Kepler,5643.0,16.229,1083.91
Kepler-341 c,8.01041,1.7,0.86,1,Transit,Kepler,6012.0,14.739,1047.03
Kepler-166 c,34.260281,2.38,1.23,1,Transit,Kepler,5413.0,14.857,603.53
Kepler-108 c,190.323494,8.18,0.51,1,Transit,Kepler,5854.0,12.657,338.732
Kepler-311 b,9.176092,1.7,0.33,1,Transit,Kepler,5905.0,13.902,778.654
Kepler-276 b,14.12841,2.87,1.35,1,Transit,Kepler,6105.0,15.481,1144.86
Kepler-254 c,12.412183,2.15,1.03,1,Transit,Kepler,5957.0,16.012,1389.48
Kepler-268 c,83.446393,3.38,0.69,1,Transit,Kepler,6081.0,13.844,851.87
Kepler-321 c,13.093921,2.32,0.45,1,Transit,Kepler,5740.0,12.918,384.542
Kepler-349 b,5.929778,1.9,0.72,1,Transit,Kepler,5956.0,14.915,940.724
Kepler-108 b,49.183921,8.65,0.48,1,Transit,Kepler,5854.0,12.657,338.732
Kepler-264 b,40.806231,3.33,0.74,1,Transit,Kepler,6158.0,13.15,942.173
Kepler-279 b,12.309681,3.62,0.71,1,Transit,Kepler,6363.0,13.647,1037.4
Kepler-286 c,3.468095,1.37,0.27,1,Transit,Kepler,5580.0,15.863,1226.85
Kepler-171 c,11.463462,2.56,1.15,1,Transit,Kepler,5642.0,15.101,863.855
Kepler-238 b,2.090876,1.73,0.4,1,Transit,Kepler,5751.0,15.297,1798.75
Kepler-329 c,18.684737,1.93,0.29,1,Transit,Kepler,4257.0,15.886,439.719
Kepler-345 c,9.387427,1.2,0.07,1,Transit,Kepler,4504.0,14.344,260.0
Kepler-263 b,16.568087,2.67,1.45,1,Transit,Kepler,5265.0,15.435,754.747
Kepler-268 b,25.934138,2.55,0.47,1,Transit,Kepler,6081.0,13.844,851.87
Kepler-287 b,20.342199,2.33,1.06,1,Transit,Kepler,5806.0,14.952,835.86
Kepler-290 b,14.589347,2.25,1.22,1,Transit,Kepler,5147.0,15.775,694.627
TOI-4409 b,92.491789,7.44,0.19,1,Transit,Transiting Exoplanet Survey Satellite (TESS),4928.0,12.691,179.419
Kepler-148 b,1.729366,1.8,0.87,1,Transit,Kepler,5272.0,15.398,791.163
HD 13908 c,931.0,12.8,,0,Radial Velocity,Haute-Provence Observatory,6255.0,7.52,79.5515
HD 159243 b,12.62,13.7,,0,Radial Velocity,Haute-Provence Observatory,6123.0,8.65,73.3055
Kepler-292 d,7.055679,2.23,0.21,1,Transit,Kepler,5299.0,16.303,1056.48
Kepler-297 c,74.920137,6.54,1.18,1,Transit,Kepler,5619.0,14.326,692.14
Kepler-150 e,30.826557,3.12,0.55,1,Transit,Kepler,5560.0,15.161,891.092
Kepler-178 c,20.552802,2.88,1.23,1,Transit,Kepler,5676.0,14.876,716.025
HD 73526 c,379.1,13.3,,0,Radial Velocity,Anglo-Australian Telescope,5601.0,8.99,97.2396
Kepler-267 b,3.353728,1.98,0.09,1,Transit,Kepler,4258.0,16.69,264.993
Kepler-273 b,2.936532,1.5,0.86,1,Transit,Kepler,5626.0,15.1,713.964
Kepler-306 b,4.646186,1.52,0.1,1,Transit,Kepler,4954.0,15.575,775.679
Kepler-309 c,105.356383,2.51,0.18,1,Transit,Kepler,4713.0,15.418,544.568
Kepler-207 c,3.071571,1.5,0.29,1,Transit,Kepler,5920.0,13.164,875.519
Kepler-224 b,3.132924,1.39,0.09,1,Transit,Kepler,5018.0,15.801,782.088
Kepler-265 c,17.028937,2.63,0.55,1,Transit,Kepler,5835.0,15.47,1280.25
Kepler-269 b,5.326718,2.47,1.15,1,Transit,Kepler,5847.0,15.646,2257.32
Kepler-119 c,4.125103,0.92,0.35,1,Transit,Kepler,5595.0,14.375,701.996
Kepler-130 b,8.457458,1.02,0.04,1,Transit,Kepler,5884.0,11.572,316.663
Kepler-235 e,46.183669,2.22,0.29,1,Transit,Kepler,4255.0,16.567,428.018
Kepler-228 b,2.566546,1.53,0.71,1,Transit,Kepler,6043.0,15.902,1644.61
Kepler-305 b,5.487,3.6,0.9,1,Transit,Kepler,5080.0,15.851,868.477
Kepler-277 c,33.006,3.36,0.83,1,Transit,Kepler,5946.0,13.544,976.643
Kepler-301 b,2.508553,1.35,0.72,1,Transit,Kepler,5815.0,14.458,719.166
Kepler-300 c,40.714955,2.25,1.04,1,Transit,Kepler,5986.0,14.25,1098.45
Kepler-133 b,8.129976,1.76,0.3,1,Transit,Kepler,5736.0,12.896,653.6
Kepler-152 c,88.255055,2.39,0.16,1,Transit,Kepler,5088.0,14.379,441.09
TIC 46432937 b,1.44044527,13.31626907,0.33626942,1,Transit,Transiting Exoplanet Survey Satellite (TESS),3572.0,14.268,90.5369
Kepler-138 e,38.23,0.797,,0,Transit Timing Variations,Multiple Observatories,3841.0,13.04,66.8624
Kepler-299 c,6.885875,2.65,0.63,1,Transit,Kepler,5617.0,15.232,1052.24
Kepler-298 b,10.475464,1.96,0.1,1,Transit,Kepler,4465.0,15.617,518.204
Kepler-157 b,1.732342,1.32,0.26,1,Transit,Kepler,5774.0,14.206,773.713
Kepler-162 b,6.919798,1.26,0.67,1,Transit,Kepler,5816.0,14.351,855.641
Kepler-249 d,15.368459,1.57,0.14,1,Transit,Kepler,3568.0,16.37,190.401
Kepler-254 d,18.746477,2.5,1.19,1,Transit,Kepler,5957.0,16.012,1389.48
Kepler-114 c,8.041,1.6,0.18,1,Transit,Kepler,4660.0,13.961,259.533
Kepler-145 b,22.951,2.65,0.08,1,Transit,Kepler,6022.0,11.977,566.85
Kepler-295 b,12.645164,1.22,0.64,1,Transit,Kepler,5603.0,14.631,1699.19
Kepler-288 c,19.305772,2.85,1.36,1,Transit,Kepler,5918.0,15.283,1194.15
Kepler-286 d,5.914323,1.33,0.27,1,Transit,Kepler,5580.0,15.863,1226.85
Kepler-312 c,19.747412,3.15,0.61,1,Transit,Kepler,6115.0,13.01,797.72
Kepler-287 c,44.851896,3.26,1.49,1,Transit,Kepler,5806.0,14.952,835.86
Kepler-285 b,2.633867,1.34,0.58,1,Transit,Kepler,5411.0,15.198,824.31
Kepler-178 d,96.678988,3.95,1.7,1,Transit,Kepler,5676.0,14.876,716.025
Kepler-183 b,5.687945,2.06,0.89,1,Transit,Kepler,5888.0,14.993,1050.64
Kepler-315 b,96.101141,3.77,0.78,1,Transit,Kepler,5796.0,15.546,1160.63
Kepler-316 c,6.827766,1.16,0.12,1,Transit,Kepler,4204.0,15.81,384.938
Kepler-284 b,12.699149,2.24,0.98,1,Transit,Kepler,5615.0,15.944,1031.95
Kepler-281 c,36.337373,5.31,2.06,1,Transit,Kepler,5723.0,15.931,1745.45
Kepler-85 d,17.91323,1.2,0.19,1,Transit,Kepler,5436.0,14.89,765.025
Kepler-353 b,5.795278,0.89,0.06,1,Transit,Kepler,3903.0,16.126,384.694
Kepler-372 c,20.053763,2.09,0.9,1,Transit,Kepler,6509.0,14.928,1493.95
Kepler-374 c,3.282807,1.1,0.57,1,Transit,Kepler,5977.0,14.701,1265.61
Kepler-151 c,24.674612,2.09,1.04,1,Transit,Kepler,5460.0,14.957,649.919
Kepler-386 c,25.193458,1.58,0.89,1,Transit,Kepler,5178.0,15.949,882.462
Kepler-213 c,4.822962,2.34,0.45,1,Transit,Kepler,5696.0,13.705,634.939
Kepler-211 b,4.138575,1.26,0.09,1,Transit,Kepler,5123.0,13.448,309.353
Kepler-355 b,11.03189,1.46,0.66,1,Transit,Kepler,6184.0,15.242,1432.17
Kepler-356 b,4.612696,1.57,0.29,1,Transit,Kepler,6133.0,13.058,707.559
Kepler-355 c,25.762294,2.71,1.22,1,Transit,Kepler,6184.0,15.242,1432.17
Kepler-356 c,13.121632,1.81,0.33,1,Transit,Kepler,6133.0,13.058,707.559
Kepler-387 b,6.791636,1.03,0.24,1,Transit,Kepler,5774.0,14.129,801.052
Kepler-388 b,3.173315,0.81,0.1,1,Transit,Kepler,4498.0,15.218,425.0
Kepler-404 b,11.829851,1.27,0.55,1,Transit,Kepler,5654.0,15.479,812.524
Kepler-221 d,10.04156,2.73,0.25,1,Transit,Kepler,5243.0,13.97,385.231
Kepler-357 b,6.475434,1.84,1.08,1,Transit,Kepler,5036.0,15.735,688.573
Kepler-358 b,34.060467,2.72,1.36,1,Transit,Kepler,5908.0,15.516,1101.1
Kepler-376 c,14.172327,1.79,0.36,1,Transit,Kepler,5900.0,13.86,923.067
Kepler-378 b,16.092361,0.75,0.15,1,Transit,Kepler,4661.0,12.619,152.094
Kepler-389 b,3.244107,1.51,0.77,1,Transit,Kepler,5376.0,15.769,816.559
Kepler-118 b,7.518496,1.96,0.94,1,Transit,Kepler,5274.0,14.867,574.228
Kepler-359 b,25.563222,3.53,1.64,1,Transit,Kepler,6248.0,15.805,1443.21
Kepler-363 c,7.542427,1.69,0.27,1,Transit,Kepler,5593.0,13.472,762.596
Kepler-379 c,62.784697,2.29,0.43,1,Transit,Kepler,6054.0,13.475,731.274
Kepler-112 c,28.574263,2.4,0.58,1,Transit,Kepler,5544.0,13.927,513.206
Kepler-163 b,7.810937,1.05,0.44,1,Transit,Kepler,5776.0,14.467,689.814
Kepler-390 b,6.738088,0.82,0.07,1,Transit,Kepler,5166.0,14.231,435.277
Kepler-52 d,36.445171,1.95,0.21,1,Transit,Kepler,4263.0,15.513,321.542
Kepler-231 b,10.065275,1.73,0.12,1,Transit,Kepler,3767.0,15.813,316.618
Kepler-357 d,49.499875,3.43,2.04,1,Transit,Kepler,5036.0,15.735,688.573
Kepler-358 c,83.488369,2.85,1.43,1,Transit,Kepler,5908.0,15.516,1101.1
Kepler-139 b,15.771044,2.94,0.57,1,Transit,Kepler,5594.0,12.775,391.038
Kepler-172 d,14.627119,2.25,0.4,1,Transit,Kepler,5526.0,14.703,828.592
Kepler-237 b,4.715106,1.41,0.75,1,Transit,Kepler,4861.0,15.689,657.822
Kepler-235 c,7.824904,1.28,0.08,1,Transit,Kepler,4255.0,16.567,428.018
Kepler-363 b,3.614568,1.16,0.19,1,Transit,Kepler,5593.0,13.472,762.596
Kepler-272 b,2.971353,1.43,0.77,1,Transit,Kepler,5297.0,14.811,889.608
Kepler-353 c,8.410894,1.38,0.07,1,Transit,Kepler,3903.0,16.126,384.694
Kepler-359 c,57.68802,4.3,2.0,1,Transit,Kepler,6248.0,15.805,1443.21
Kepler-173 b,4.263742,1.29,0.64,1,Transit,Kepler,6031.0,14.357,833.165
Kepler-175 c,34.035257,3.1,1.56,1,Transit,Kepler,6064.0,15.225,1312.34
Kepler-141 c,7.010606,1.41,0.09,1,Transit,Kepler,4910.0,13.624,301.183
Kepler-239 c,56.228098,2.51,0.42,1,Transit,Kepler,4914.0,15.252,648.109
Kepler-367 c,53.578637,1.2,0.16,1,Transit,Kepler,4710.0,13.193,188.027
Kepler-143 c,27.082511,3.37,0.84,1,Transit,Kepler,5848.0,13.882,809.467
Kepler-360 b,3.289672,1.65,0.78,1,Transit,Kepler,6053.0,15.011,876.044
Kepler-49 e,18.596108,1.56,0.08,1,Transit,Kepler,4252.0,15.655,311.222
Kepler-140 b,3.25427,1.61,0.31,1,Transit,Kepler,6077.0,13.018,583.859
Kepler-392 b,5.341853,1.0,0.21,1,Transit,Kepler,5938.0,13.528,681.428
Kepler-122 b,5.766193,2.34,0.46,1,Transit,Kepler,6050.0,14.403,1027.45
Kepler-243 c,20.026218,1.99,0.97,1,Transit,Kepler,5228.0,15.159,693.86
Kepler-374 d,5.028219,1.31,0.7,1,Transit,Kepler,5977.0,14.701,1265.61
Kepler-375 b,12.125934,1.45,0.51,1,Transit,Kepler,5826.0,15.643,1238.81
Kepler-116 c,13.07163,2.3,0.44,1,Transit,Kepler,6142.0,13.744,955.168
Kepler-280 c,4.807091,2.01,0.97,1,Transit,Kepler,5744.0,14.35,780.361
TOI-3053 b,2.9919987,13.56286665,0.33626942,1,Transit,Transiting Exoplanet Survey Satellite (TESS),5378.0,13.108,337.627
Kepler-133 c,31.517586,2.84,0.48,1,Transit,Kepler,5736.0,12.896,653.6
Kepler-246 c,11.187161,1.5,0.76,1,Transit,Kepler,5206.0,15.197,626.078
Kepler-251 e,99.640161,2.77,0.49,1,Transit,Kepler,5526.0,15.541,924.625
Kepler-326 c,4.580358,1.4,0.1,1,Transit,Kepler,5105.0,13.734,487.675
K2-24 b,20.8895961,5.638,0.065,1,Transit,K2,5726.0,11.275,170.562
Kepler-281 b,14.646008,2.82,1.12,1,Transit,Kepler,5723.0,15.931,1745.45
Kepler-288 b,6.097326,1.67,0.8,1,Transit,Kepler,5918.0,15.283,1194.15
Kepler-393 b,9.182417,1.29,0.25,1,Transit,Kepler,6189.0,13.258,881.404
Kepler-394 b,8.005013,1.6,0.82,1,Transit,Kepler,6402.0,14.948,1058.72
Kepler-26 e,46.827915,2.41,0.15,1,Transit,Kepler,4486.0,15.853,335.307
Kepler-255 b,5.714606,1.55,0.62,1,Transit,Kepler,5573.0,15.699,1052.53
Kepler-344 b,21.963945,2.61,1.22,1,Transit,Kepler,5774.0,15.539,1002.94
Kepler-342 b,15.170318,2.25,0.4,1,Transit,Kepler,6175.0,13.2,781.611
Kepler-291 c,5.700786,1.88,0.82,1,Transit,Kepler,6002.0,16.218,1786.48
Kepler-293 c,54.155743,3.83,1.63,1,Transit,Kepler,5804.0,15.452,974.633
Kepler-189 b,10.399931,1.21,0.61,1,Transit,Kepler,5235.0,14.971,591.534
Kepler-191 c,17.738506,1.86,0.92,1,Transit,Kepler,5282.0,14.987,594.464
Kepler-258 c,33.653079,3.61,2.43,1,Transit,Kepler,4942.0,15.49,575.988
Kepler-337 c,9.693201,2.05,0.57,1,Transit,Kepler,5684.0,12.799,677.975
Kepler-298 c,22.92881,1.93,0.22,1,Transit,Kepler,4465.0,15.617,518.204
Kepler-300 b,10.446347,1.67,0.76,1,Transit,Kepler,5986.0,14.25,1098.45
Kepler-137 b,8.436387,1.47,0.11,1,Transit,Kepler,5187.0,13.063,302.979
Kepler-261 c,24.570858,2.0,0.14,1,Transit,Kepler,5098.0,13.738,317.499
Kepler-265 b,6.846262,1.86,0.45,1,Transit,Kepler,5835.0,15.47,1280.25
Kepler-339 b,4.977656,1.42,0.66,1,Transit,Kepler,5631.0,14.706,616.637
Kepler-325 b,4.544439,2.91,1.44,1,Transit,Kepler,5752.0,15.175,823.242
Kepler-126 b,10.495711,1.52,0.1,1,Transit,Kepler,6239.0,10.505,237.401
Kepler-380 b,3.930821,1.19,0.24,1,Transit,Kepler,6045.0,13.74,813.713
Kepler-397 c,135.498527,6.18,0.56,1,Transit,Kepler,5307.0,16.357,969.0
Kepler-411 b,3.005156,2.401,0.053,1,Transit,Kepler,4974.0,12.448,153.676
TOI-2095 c,28.17232,1.33,0.08,1,Transit,Transiting Exoplanet Survey Satellite (TESS),3759.0,13.19,41.9176
Kepler-416 d,3.07644709,1.61,0.23,1,Transit,Kepler,5670.0,14.166,690.819
TOI-4504 b,2.4261516,2.65,0.12,1,Transit,Transiting Exoplanet Survey Satellite (TESS),5315.0,13.364,342.605
Kepler-46 c,57.011,13.5,,0,Transit Timing Variations,Kepler,5155.0,15.312,777.06
Kepler-188 b,2.061897,1.68,0.76,1,Transit,Kepler,6021.0,14.719,968.544
Kepler-362 c,37.866281,1.45,0.61,1,Transit,Kepler,5788.0,14.608,1090.51
Kepler-136 c,16.399235,1.99,0.37,1,Transit,Kepler,6165.0,11.822,420.818
Kepler-381 c,13.391635,1.12,0.25,1,Transit,Kepler,6152.0,10.47,267.323
Kepler-398 b,4.081423,0.93,0.1,1,Transit,Kepler,4493.0,13.499,177.355
Kepler-136 b,11.5789,2.05,0.38,1,Transit,Kepler,6165.0,11.822,420.818
Kepler-272 d,10.937304,2.25,1.22,1,Transit,Kepler,5297.0,14.811,889.608
Kepler-206 d,23.44281,1.19,0.24,1,Transit,Kepler,5764.0,13.507,594.447
Kepler-141 b,3.107675,0.69,0.05,1,Transit,Kepler,4910.0,13.624,301.183
Kepler-399 d,58.034616,1.89,1.01,1,Transit,Kepler,5502.0,14.686,740.537
Kepler-400 b,9.024389,1.65,0.3,1,Transit,Kepler,5886.0,13.762,845.97
Kepler-366 b,3.281959,1.46,0.66,1,Transit,Kepler,6209.0,14.952,1856.28
Kepler-367 b,37.815724,1.3,0.16,1,Transit,Kepler,4710.0,13.193,188.027
Kepler-135 b,6.00253,1.81,0.35,1,Transit,Kepler,6090.0,12.794,621.855
Kepler-383 b,12.904532,1.32,0.52,1,Transit,Kepler,4710.0,15.473,470.0
Kepler-401 b,14.383035,1.71,0.4,1,Transit,Kepler,6117.0,13.366,965.56
Kepler-402 c,6.124821,1.56,0.35,1,Transit,Kepler,6090.0,13.27,625.339
Kepler-351 b,37.054919,3.06,1.55,1,Transit,Kepler,5643.0,16.229,1083.91
Kepler-350 b,11.189562,1.85,0.38,1,Transit,Kepler,6186.0,13.965,956.859
Kepler-369 c,14.871572,1.41,0.06,1,Transit,Kepler,3591.0,16.429,214.0
Kepler-371 b,34.763278,1.89,0.52,1,Transit,Kepler,5666.0,13.997,813.192
Kepler-147 b,12.610584,1.53,0.31,1,Transit,Kepler,6012.0,14.134,1042.02
Kepler-132 d,18.010199,1.55,0.3,1,Transit,Kepler,6003.0,11.922,349.549
Kepler-200 c,10.222157,1.59,0.29,1,Transit,Kepler,5678.0,13.932,665.912
Kepler-215 e,68.16101,1.75,0.41,1,Transit,Kepler,5739.0,13.678,485.997
Kepler-347 c,27.320871,1.75,0.84,1,Transit,Kepler,6088.0,14.567,1298.88
Kepler-202 b,4.069427,1.63,0.1,1,Transit,Kepler,4668.0,14.178,285.111
Kepler-84 f,44.552169,2.2,0.43,1,Transit,Kepler,6031.0,14.92,1023.9
Kepler-310 b,13.930698,1.19,0.56,1,Transit,Kepler,5797.0,14.376,602.268
Kepler-270 c,25.262887,1.77,0.37,1,Transit,Kepler,6067.0,13.9,948.781
Kepler-24 d,4.244384,1.67,0.39,1,Transit,Kepler,5897.0,15.04,1156.81
Kepler-217 c,8.586004,1.85,0.27,1,Transit,Kepler,6171.0,13.155,1104.64
Kepler-220 e,45.902733,1.33,0.12,1,Transit,Kepler,4632.0,13.049,171.109
Kepler-313 c,32.273273,2.57,0.42,1,Transit,Kepler,5727.0,14.304,1079.39524871
Kepler-311 c,19.738286,1.43,0.28,1,Transit,Kepler,5905.0,13.902,778.654
Kepler-282 c,13.638723,1.2,0.29,1,Transit,Kepler,5602.0,15.444,1337.61
Kepler-286 e,29.221289,1.77,0.43,1,Transit,Kepler,5580.0,15.863,1226.85
Kepler-204 b,14.400974,2.53,0.54,1,Transit,Kepler,5812.0,13.977,686.723
Kepler-359 d,77.095691,4.01,1.91,1,Transit,Kepler,6248.0,15.805,1443.21
Kepler-314 b,2.461069,0.83,0.12,1,Transit,Kepler,5378.0,12.64,268.881
Kepler-316 b,2.240508,1.06,0.11,1,Transit,Kepler,4204.0,15.81,384.938
Kepler-288 d,56.633742,2.67,1.27,1,Transit,Kepler,5918.0,15.283,1194.15
Kepler-149 b,29.198943,4.21,0.6,1,Transit,Kepler,5381.0,14.152,571.034
Kepler-372 b,6.849692,1.36,0.59,1,Transit,Kepler,6509.0,14.928,1493.95
Kepler-205 b,2.75564,1.51,0.14,1,Transit,Kepler,4321.0,13.779,159.72
Kepler-361 b,8.486616,1.45,0.28,1,Transit,Kepler,6169.0,13.635,930.32
Kepler-317 c,8.77501,1.72,0.79,1,Transit,Kepler,5497.0,15.665,940.584
Kepler-319 d,31.781925,2.29,0.35,1,Transit,Kepler,5526.0,13.926,503.436
Kepler-295 d,33.884054,1.36,0.72,1,Transit,Kepler,5603.0,14.631,1699.19
Kepler-308 c,15.38231,2.16,1.04,1,Transit,Kepler,5895.0,16.019,1335.92
Kepler-234 b,2.711506,3.7,1.66,1,Transit,Kepler,6224.0,15.747,1733.1
Kepler-378 c,28.906009,0.7,0.05,1,Transit,Kepler,4661.0,12.619,152.094
Kepler-321 b,4.915379,1.77,0.34,1,Transit,Kepler,5740.0,12.918,384.542
Kepler-322 b,1.653888,1.01,0.11,1,Transit,Kepler,5388.0,13.687,400.48
Kepler-397 b,22.250949,2.46,21.32,1,Transit,Kepler,5307.0,16.357,969.0
Kepler-198 b,17.790037,2.82,0.42,1,Transit,Kepler,5574.0,13.684,495.358
Kepler-386 b,12.31043,1.39,0.82,1,Transit,Kepler,5178.0,15.949,882.462
Kepler-206 c,13.137471,1.77,0.34,1,Transit,Kepler,5764.0,13.507,594.447
Kepler-173 c,8.005777,2.43,1.21,1,Transit,Kepler,6031.0,14.357,833.165
Kepler-250 b,4.148141,1.13,0.68,1,Transit,Kepler,5160.0,15.819,760.585
Kepler-325 c,12.762172,2.54,1.26,1,Transit,Kepler,5752.0,15.175,823.242
Kepler-157 c,13.5405,2.24,0.43,1,Transit,Kepler,5774.0,14.206,773.713
Kepler-392 c,10.423118,1.1,0.23,1,Transit,Kepler,5938.0,13.528,681.428
Kepler-365 c,17.784129,1.64,0.77,1,Transit,Kepler,6012.0,14.771,1038.99
Kepler-243 b,5.715442,2.45,1.16,1,Transit,Kepler,5228.0,15.159,693.86
Kepler-402 e,11.242861,1.46,0.29,1,Transit,Kepler,6090.0,13.27,625.339
Kepler-402 d,8.921099,1.38,0.27,1,Transit,Kepler,6090.0,13.27,625.339
Kepler-147 c,33.416423,2.43,0.49,1,Transit,Kepler,6012.0,14.134,1042.02
Kepler-183 c,11.637071,2.27,0.98,1,Transit,Kepler,5888.0,14.993,1050.64
Kepler-244 b,4.311792,2.76,1.16,1,Transit,Kepler,5554.0,15.747,1036.49
Kepler-209 b,16.087845,2.26,0.34,1,Transit,Kepler,5513.0,14.132,576.946
Kepler-127 b,14.435889,1.4,0.05,1,Transit,Kepler,6106.0,11.746,352.794
Kepler-403 c,54.280749,1.75,0.32,1,Transit,Kepler,6090.0,12.818,840.269
Kepler-376 b,4.920199,1.07,0.22,1,Transit,Kepler,5900.0,13.86,923.067
Kepler-331 c,17.28111,1.84,0.19,1,Transit,Kepler,4347.0,16.199,580.119
Kepler-256 e,10.681572,2.35,0.58,1,Transit,Kepler,5551.0,15.178,1026.43
Kepler-209 c,41.749882,3.1,0.51,1,Transit,Kepler,5513.0,14.132,576.946
Kepler-229 d,41.194912,3.85,1.38,1,Transit,Kepler,5120.0,16.22,826.265
Kepler-237 c,8.103636,2.08,1.1,1,Transit,Kepler,4861.0,15.689,657.822
Kepler-383 c,31.200751,1.24,0.49,1,Transit,Kepler,4710.0,15.473,470.0
Kepler-333 c,24.08821,1.11,0.2,1,Transit,Kepler,4259.0,15.052,324.413
Kepler-334 d,25.09849,1.41,0.26,1,Transit,Kepler,5828.0,12.834,426.59
Kepler-156 c,15.906801,2.55,0.19,1,Transit,Kepler,5094.0,14.339,443.483
Kepler-405 c,29.726682,4.66,26.65,1,Transit,Kepler,5818.0,16.181,1065.08
Kepler-274 c,33.197861,1.84,1.0,1,Transit,Kepler,6023.0,15.238,1333.62
Kepler-315 c,265.469335,4.15,0.96,1,Transit,Kepler,5796.0,15.546,1160.63
Kepler-387 c,11.837549,0.89,0.22,1,Transit,Kepler,5774.0,14.129,801.052
Kepler-388 c,13.297004,0.86,0.11,1,Transit,Kepler,4498.0,15.218,425.0
Kepler-337 b,3.292781,1.54,0.43,1,Transit,Kepler,5684.0,12.799,677.975
Kepler-134 c,10.105785,1.26,0.25,1,Transit,Kepler,5983.0,12.318,334.797
Kepler-140 c,91.353282,1.8,0.35,1,Transit,Kepler,6077.0,13.018,583.859
Kepler-159 b,10.139623,2.38,0.18,1,Transit,Kepler,4625.0,15.386,373.744
Kepler-320 c,17.934937,1.37,0.64,1,Transit,Kepler,6435.0,13.494,826.613
Kepler-292 c,3.715335,1.47,0.15,1,Transit,Kepler,5299.0,16.303,1056.48
Kepler-82 b,26.44,4.07,0.24,1,Transit,Kepler,5401.0,15.131,904.326
Kepler-122 c,12.465988,5.87,1.16,1,Transit,Kepler,6050.0,14.403,1027.45
Kepler-149 c,55.328328,1.61,0.24,1,Transit,Kepler,5381.0,14.152,571.034
Kepler-164 b,5.03503,1.41,0.28,1,Transit,Kepler,5888.0,14.379,890.758
Kepler-320 b,8.371554,1.14,0.54,1,Transit,Kepler,6435.0,13.494,826.613
Kepler-338 e,9.341,1.56,0.07,1,Transit,Kepler,5999.0,12.19,552.798
Kepler-395 b,7.054346,1.03,0.08,1,Transit,Kepler,4262.0,16.5919,421.382
Kepler-341 d,27.666313,1.85,0.94,1,Transit,Kepler,6012.0,14.739,1047.03
Kepler-341 e,42.473269,1.99,1.03,1,Transit,Kepler,6012.0,14.739,1047.03
Kepler-169 b,3.250619,1.13,0.08,1,Transit,Kepler,4997.0,14.424,406.529
Kepler-169 f,87.090195,2.58,0.24,1,Transit,Kepler,4997.0,14.424,406.529
Kepler-332 c,15.995622,1.09,0.08,1,Transit,Kepler,4955.0,14.243,344.19
Kepler-143 b,16.007583,2.41,0.6,1,Transit,Kepler,5848.0,13.882,809.467
Kepler-299 b,2.927128,1.32,0.27,1,Transit,Kepler,5617.0,15.232,1052.24
Kepler-301 c,5.419026,1.35,0.72,1,Transit,Kepler,5815.0,14.458,719.166
Kepler-342 d,39.459357,2.49,0.48,1,Transit,Kepler,6175.0,13.2,781.611
Kepler-233 c,60.418955,2.71,0.78,1,Transit,Kepler,5360.0,15.477,856.417
Kepler-171 d,39.595519,1.89,0.9,1,Transit,Kepler,5642.0,15.101,863.855
HD 60779 b,29.986175,3.246,0.1,1,Transit,Transiting Exoplanet Survey Satellite (TESS),6081.0,7.1634,35.4445
Kepler-335 c,67.844469,3.07,0.66,1,Transit,Kepler,5877.0,14.111,1278.97
Kepler-332 d,34.21154,1.18,0.08,1,Transit,Kepler,4955.0,14.243,344.19
Kepler-262 b,13.060855,1.36,0.59,1,Transit,Kepler,5841.0,14.478,613.129
Kepler-263 c,47.332773,2.47,1.35,1,Transit,Kepler,5265.0,15.435,754.747
Kepler-191 b,9.939632,1.34,0.66,1,Transit,Kepler,5282.0,14.987,594.464
Kepler-197 e,25.209715,0.91,0.04,1,Transit,Kepler,6004.0,11.775,330.575
Kepler-200 b,8.594805,2.13,0.41,1,Transit,Kepler,5678.0,13.932,665.912
Kepler-201 b,25.672083,2.46,0.48,1,Transit,Kepler,6065.0,12.991,636.445
Kepler-84 e,27.434389,2.6,0.49,1,Transit,Kepler,6031.0,14.92,1023.9
Kepler-265 e,67.831024,2.59,0.55,1,Transit,Kepler,5835.0,15.47,1280.25
Kepler-24 e,18.998355,2.78,0.64,1,Transit,Kepler,5897.0,15.04,1156.81
Kepler-441 b,207.2482,1.64,0.22,1,Transit,Kepler,4340.0,15.567,268.003
Kepler-253 c,10.281951,2.65,1.11,1,Transit,Kepler,5208.0,15.778,838.595
Kepler-214 c,28.7798,2.13,0.4,1,Transit,Kepler,6169.0,14.057,1208.44
Kepler-170 c,16.665863,2.86,0.17,1,Transit,Kepler,5679.0,14.344,738.657
Kepler-205 c,20.306546,1.64,0.12,1,Transit,Kepler,4321.0,13.779,159.72
CoRoT-22 b,9.75598,4.88,0.17,1,Transit,CoRoT,5939.0,13.82,627.158
Kepler-437 b,66.65062,2.14,0.22,1,Transit,Kepler,4551.0,14.628,304.0
Kepler-192 b,9.926746,2.74,0.45,1,Transit,Kepler,5479.0,14.308,651.674
Kepler-254 b,5.826662,3.87,1.85,1,Transit,Kepler,5957.0,16.012,1389.48
Kepler-196 c,47.427737,2.24,0.17,1,Transit,Kepler,5128.0,14.239,451.312
Kepler-101 b,3.4876812,5.77,0.85,1,Transit,Kepler,5667.0,13.7,927.981
Kepler-439 b,178.1396,2.24,0.16,1,Transit,Kepler,5431.0,14.654,757.048
Kepler-256 c,3.38802,2.15,0.53,1,Transit,Kepler,5551.0,15.178,1026.43
Kepler-216 c,17.406669,3.04,0.59,1,Transit,Kepler,6091.0,14.054,1187.47
Kepler-184 c,20.303005,1.97,1.11,1,Transit,Kepler,5788.0,14.42,610.326
HD 113538 c,1818.0,13.8,,0,Radial Velocity,La Silla Observatory,4462.0,9.05,16.2817
HD 30669 b,1684.0,14.3,,0,Radial Velocity,La Silla Observatory,5400.0,9.12,58.0844
Kepler-217 b,5.374943,2.23,0.32,1,Transit,Kepler,6171.0,13.155,1104.64
Kepler-83 d,5.169796,1.94,0.13,1,Transit,Kepler,4648.0,16.145,400.409
Kepler-253 d,18.119869,3.17,1.3,1,Transit,Kepler,5208.0,15.778,838.595
Kepler-424 c,223.3,12.7,,0,Radial Velocity,McDonald Observatory,5460.0,14.429,698.646
Kepler-422 b,7.8914483,12.89,1.23,1,Transit,Kepler,5972.0,13.524,722.795
Kepler-445 c,4.871229,2.51,0.36,1,Transit,Kepler,3157.0,18.19,127.201
Kepler-446 b,1.565409,1.5,0.25,1,Transit,Kepler,3359.0,17.5041,96.339
Kepler-259 b,8.115317,2.8,1.37,1,Transit,Kepler,5938.0,15.378,1002.14
Kepler-193 b,11.38848,2.39,1.08,1,Transit,Kepler,6335.0,14.712,1009.1
Kepler-215 b,9.360672,1.62,0.4,1,Transit,Kepler,5739.0,13.678,485.997
Kepler-192 c,21.2234,2.79,0.52,1,Transit,Kepler,5479.0,14.308,651.674
Kepler-426 b,3.21751883,12.22,0.34,1,Transit,Kepler,5725.0,15.032,843.695
Kepler-424 b,3.3118644,9.98,0.9,1,Transit,Kepler,5460.0,14.429,698.646
Kepler-427 b,10.290994,13.79,2.35,1,Transit,Kepler,5800.0,14.301,1017.8
HD 103720 b,4.5557,14.1,,0,Radial Velocity,La Silla Observatory,5017.0,9.5,45.5352
Kepler-434 b,12.8747099,12.67,2.91,1,Transit,Kepler,5977.0,14.49,1222.54
Kepler-221 c,5.690586,2.93,0.27,1,Transit,Kepler,5243.0,13.97,385.231
Kepler-222 b,3.936981,3.16,1.4,1,Transit,Kepler,5433.0,15.407,758.854
Kepler-94 c,820.3,12.5,,0,Radial Velocity,W. M. Keck Observatory,4781.0,13.071,191.904
Kepler-48 e,982.0,13.4,,0,Radial Velocity,W. M. Keck Observatory,5194.0,13.174,306.738
Kepler-428 b,3.52563254,12.11,0.34,1,Transit,Kepler,5150.0,15.362,686.284
Kepler-425 b,3.79701816,10.962,0.247,1,Transit,Kepler,5170.0,14.845,646.647
Kepler-224 c,5.925003,3.12,0.26,1,Transit,Kepler,5018.0,15.801,782.088
Kepler-407 c,3000.0,12.3,,0,Radial Velocity,W. M. Keck Observatory,5476.0,12.603,338.368
Kepler-106 c,13.5708,2.5,0.32,1,Transit,Kepler,5858.0,12.923,444.322
TYC 1422-614-1 b,198.4,13.3,,0,Radial Velocity,Multiple Observatories,4806.0,10.193,672.41
TYC 1422-614-1 c,559.3,12.5,,0,Radial Velocity,Multiple Observatories,4806.0,10.193,672.41
Kepler-445 b,2.984151,1.58,0.23,1,Transit,Kepler,3157.0,18.19,127.201
Kepler-446 d,5.148921,1.35,0.22,1,Transit,Kepler,3359.0,17.5041,96.339
Kepler-164 c,10.945723,2.73,0.52,1,Transit,Kepler,5888.0,14.379,890.758
Kepler-165 b,8.180848,2.32,1.41,1,Transit,Kepler,5211.0,15.05,560.885
Kepler-246 b,4.60182,2.34,1.2,1,Transit,Kepler,5206.0,15.197,626.078
Kepler-226 c,5.349555,2.27,0.9,1,Transit,Kepler,5571.0,15.563,980.138
Kepler-227 b,9.488015,3.11,1.57,1,Transit,Kepler,5854.0,15.623,1083.06
Kepler-113 b,4.754,1.82,0.05,1,Transit,Kepler,4725.0,13.655,262.351
Kepler-48 d,42.8961,2.04,0.11,1,Transit,Kepler,5194.0,13.174,306.738
Qatar-2 b,1.33711647,14.056,0.146,1,Transit,Qatar,4645.0,13.443,181.374
Kepler-117 c,50.790391,12.341,0.392,1,Transit,Kepler,6150.0,14.282,1455.57
Kepler-161 b,4.921355,2.12,0.14,1,Transit,Kepler,5078.0,14.406,434.632
Kepler-153 b,18.870227,2.92,1.76,1,Transit,Kepler,5404.0,14.388,459.368
Kepler-229 c,16.068638,4.92,1.74,1,Transit,Kepler,5120.0,16.22,826.265
Kepler-100 d,35.3331,1.61,0.05,1,Transit,Kepler,5825.0,11.055,304.645
Kepler-98 b,1.54168,1.99,0.22,1,Transit,Kepler,5539.0,12.996,350.315
Kepler-117 b,18.7959228,8.059,0.269,1,Transit,Kepler,6150.0,14.282,1455.57
Kepler-430 b,35.968,3.25,,1,Transit,Kepler,5884.0,13.908,917.477
Kepler-230 b,32.625555,4.26,2.17,1,Transit,Kepler,5588.0,15.264,740.754
Kepler-166 b,7.650254,2.27,1.17,1,Transit,Kepler,5413.0,14.857,603.53
Kepler-131 b,16.092,2.41,0.2,1,Transit,Kepler,5685.0,11.493,228.678
Kepler-406 b,2.42629,1.43,0.03,1,Transit,Kepler,5538.0,12.603,364.03
Kepler-249 c,7.113702,1.51,0.09,1,Transit,Kepler,3568.0,16.37,190.401
Kepler-162 c,19.446355,3.03,1.63,1,Transit,Kepler,5816.0,14.351,855.641
Kepler-180 c,41.885775,3.01,1.34,1,Transit,Kepler,5731.0,14.488,695.65
Kepler-182 c,20.684342,3.43,1.53,1,Transit,Kepler,6250.0,14.942,1549.09
Kepler-82 c,51.54,5.34,0.32,1,Transit,Kepler,5401.0,15.131,904.326
Kepler-174 b,13.98179,1.96,0.11,1,Transit,Kepler,4880.0,14.53,384.757
Kepler-176 c,12.759712,2.6,1.33,1,Transit,Kepler,5232.0,14.767,527.321
Kepler-96 b,16.2385,2.67,0.22,1,Transit,Kepler,5690.0,10.568,122.881
Kepler-48 b,4.778,1.88,0.1,1,Transit,Kepler,5194.0,13.174,306.738
HD 10180 e,49.748,5.39,,0,Radial Velocity,La Silla Observatory,5911.0,7.33,38.9607
Kepler-55 d,2.211099,1.59,0.09,1,Transit,Kepler,4503.0,15.746,578.796
Kepler-187 c,10.640263,2.67,0.52,1,Transit,Kepler,6105.0,14.297,1143.0
Kepler-233 b,8.472382,2.43,0.66,1,Transit,Kepler,5360.0,15.477,856.417
Kepler-234 c,7.21205,3.51,1.56,1,Transit,Kepler,6224.0,15.747,1733.1
CoRoT-24 b,5.1134,3.7,0.4,1,Transit,CoRoT,4950.0,15.383,591.555
HD 10180 h,2205.0,9.4,,0,Radial Velocity,La Silla Observatory,5911.0,7.33,38.9607
Kepler-440 b,101.11141,1.86,0.24,1,Transit,Kepler,4134.0,15.637,301.03
Kepler-251 c,16.514043,2.77,0.49,1,Transit,Kepler,5526.0,15.541,924.625
Kepler-146 c,76.732171,3.13,0.59,1,Transit,Kepler,5948.0,13.921,716.797
Kepler-150 d,12.56093,2.79,0.41,1,Transit,Kepler,5560.0,15.161,891.092
CoRoT-24 c,11.759,5.0,0.5,1,Transit,CoRoT,4950.0,15.383,591.555
Kepler-186 f,129.9441,1.17,0.08,1,Transit,Kepler,3755.0,15.138,177.594
Kepler-252 c,10.848463,2.15,0.13,1,Transit,Kepler,4208.0,15.406,379.424
Kepler-213 b,2.46236,1.62,0.31,1,Transit,Kepler,5696.0,13.705,634.939
Kepler-159 c,43.595792,3.41,0.28,1,Transit,Kepler,4625.0,15.386,373.744
Kepler-202 c,16.282493,1.85,0.1,1,Transit,Kepler,4668.0,14.178,285.111
HD 35759 b,82.467,13.0,,0,Radial Velocity,Haute-Provence Observatory,6060.0,7.74,71.2423
Kepler-477 b,11.11990653,2.07,0.18,1,Transit,Kepler,5240.0,13.835,367.0
HD 67087 c,2374.0,12.9,,0,Radial Velocity,Multiple Observatories,6330.0,8.05,76.5217
Kepler-6 b,3.2346996,14.616536,0.201762,1,Transit,Kepler,5647.0,13.286,587.039
HD 220842 b,218.47,13.1,,0,Radial Velocity,Haute-Provence Observatory,5960.0,7.98,64.6498
HIP 65407 c,67.3,13.9,,0,Radial Velocity,Haute-Provence Observatory,5460.0,9.38,61.7804
Kepler-505 b,27.52197994,2.6,0.11,1,Transit,Kepler,3931.0,15.607,283.41
CoRoT-29 b,2.85057,10.0881,1.79344,1,Transit,CoRoT,5260.0,15.408,806.507
tau Boo b,3.3124568,12.8,,0,Radial Velocity,Lick Observatory,6466.27,4.48635,15.6521
Kepler-412 b,1.7208604,15.031269,0.493196,1,Transit,Kepler,5750.0,14.399,1086.24
HD 141399 b,94.44,14.3,,0,Radial Velocity,Multiple Observatories,5600.0,7.20856,37.0169
HD 141399 c,201.99,13.6,,0,Radial Velocity,Multiple Observatories,5600.0,7.20856,37.0169
Kepler-754 b,14.5596237,2.01,0.48,1,Transit,Kepler,5935.0,15.352,1770.27
Kepler-753 b,5.747725012,1.91,0.25,1,Transit,Kepler,4346.0,14.891,274.767
HAT-P-54 b,3.799847,10.581296,0.313852,1,Transit,HATNet,4390.0,13.398,143.651
TrES-5 b,1.48224686,13.383546,0.168135,1,Transit,TrES,5171.0,13.677,360.313
KOI-13 b,1.763588,16.948008,0.392315,1,Transit,Kepler,7650.0,9.791,519.096
WASP-42 b,4.9816819,12.576498,0.437151,1,Transit,SuperWASP,5315.0,12.169,177.291
Kepler-766 b,6.10027804,3.39,0.93,1,Transit,Kepler,5992.0,15.825,2297.62
Kepler-771 b,8.73485836,1.82,0.31,1,Transit,Kepler,5906.0,14.958,1393.85
Kepler-432 c,406.2,13.3,,0,Radial Velocity,Fred Lawrence Whipple Observatory,4995.0,12.398,848.023
Kepler-76 b,1.5449298,15.24424,1.34508,1,Orbital Brightness Modulation,Kepler,6409.0,13.474,822.96
Kepler-765 b,27.6655226,2.43,0.53,1,Transit,Kepler,5901.0,14.709,1076.28
Kepler-432 b,52.501129,12.834305,0.403524,1,Transit,Kepler,4995.0,12.398,848.023
Kepler-5 b,3.5484657,15.984034,0.403524,1,Transit,Kepler,6297.0,13.325,899.777
Kepler-7 b,4.8854892,18.180998,0.145717,1,Transit,Kepler,5933.0,13.008,922.562
HIP 74890 b,822.3,13.3,,0,Radial Velocity,Multiple Observatories,4850.0,7.05,78.6562
K2-29 b,3.2588321,13.33871,0.22418,1,Transit,K2,5358.0,12.532,178.475
Kepler-767 b,161.5280101,6.64,0.86,1,Transit,Kepler,5694.0,15.678,2251.03
Kepler-773 b,3.749100061,1.43,0.09,1,Transit,Kepler,5850.0,13.387,547.026
Kepler-774 b,11.0895723,3.17,0.46,1,Transit,Kepler,6403.0,12.886,917.804
WASP-41 c,421.0,13.1,,0,Radial Velocity,La Silla Observatory,5545.0,11.632,163.371
HAT-P-50 b,3.1220109,14.437192,0.717376,1,Transit,HATNet,6280.0,11.703,515.458
HD 133131 A b,649.0,13.6,,0,Radial Velocity,Las Campanas Observatory,5799.0,7.66,51.4736
HATS-17 b,16.254611,8.709393,0.627704,1,Transit,HATSouth,5846.0,12.402,400.331
Kepler-772 b,12.99207337,1.82,0.37,1,Transit,Kepler,5714.0,14.145,1130.21
Kepler-769 b,7.42608998,2.92,1.3,1,Transit,Kepler,6186.0,14.984,1169.57
Kepler-449 c,33.6727,2.764,0.086,1,Transit,Kepler,5649.18,11.448,241.949
HD 133131 A c,3568.0,14.3,,0,Radial Velocity,Las Campanas Observatory,5799.0,7.66,51.4736
WASP-92 b,2.1746742,16.376349,0.863093,1,Transit,SuperWASP,6280.0,12.951,575.889
Kepler-762 b,3.770552098,12.68,2.64,1,Transit,Kepler,5944.0,15.574,1898.26
Kepler-781 b,13.2140732,2.89,0.49,1,Transit,Kepler,5162.0,16.207,1064.47
Kepler-92 d,49.3568,2.067,0.056,1,Transit,Kepler,5904.34,11.671,477.992
Kepler-449 b,12.58242,2.056,0.069,1,Transit,Kepler,5649.18,11.448,241.949
HD 1461 c,13.5052,2.23,,0,Radial Velocity,La Silla Observatory,5765.0,6.47933,23.4534
WASP-93 b,2.7325321,17.900773,0.863093,1,Transit,SuperWASP,6700.0,10.966,370.284
HD 128311 c,921.538,13.0,,0,Radial Velocity,W. M. Keck Observatory,4965.0,7.48,16.3292
alf Tau b,628.96,12.7,,0,Radial Velocity,Multiple Observatories,4055.0,0.872,20.4332
Kepler-450 d,7.51464,0.837,0.068,1,Transit,Kepler,6197.21,11.991,455.982
WASP-46 b,1.43036763,13.159366,0.414733,1,Transit,SuperWASP,5600.0,13.043,375.31
HD 60532 b,201.9,13.8,,0,Radial Velocity,La Silla Observatory,6245.0,4.44,25.9716
HD 60532 c,600.1,13.3,,0,Radial Velocity,La Silla Observatory,6245.0,4.44,25.9716
Kepler-41 b,1.8555582,14.46,0.22,1,Transit,Kepler,5750.0,14.509,1093.08
HIP 107773 b,144.3,13.4,,0,Radial Velocity,Multiple Observatories,4945.0,5.62,105.18
HATS-8 b,3.583893,9.785457,1.378707,1,Transit,HATSouth,5679.0,14.512,794.637
Qatar-1 b,1.4200242,12.811887,0.291434,1,Transit,Qatar,5013.0,12.692,185.615
HAT-P-66 b,2.972086,17.82231,1.79344,1,Transit,HATNet,6002.0,13.014,935.456
Kepler-75 b,8.8849116,11.77,0.34,1,Transit,Kepler,5200.0,15.414,835.356
Kepler-453 b,240.503,6.204,0.039,1,Transit,Kepler,5527.0,13.672,442.846
WASP-89 b,3.3564227,11.65736,0.44836,1,Transit,SuperWASP,5130.0,13.21,290.946
KIC 3558849 b,1322.3,6.9,1.0,1,Transit,Kepler,6175.0,14.32,1215.7
KIC 8540376 c,75.2,2.4,1.9,1,Transit,Kepler,6474.0,14.411,1072.3
OGLE-2007-BLG-349L AB c,2557.0,10.7,,0,Microlensing,OGLE,,24.73,2760.0
Kepler-56 d,1002.0,12.8,,0,Radial Velocity,Multiple Observatories,4819.44,12.598,912.994
Kepler-444 b,3.6001053,0.403,0.016,1,Transit,Kepler,5046.0,8.87,36.4396
K2-6 b,30.94191,2.5,0.88,1,Transit,K2,5850.0,12.66,316.819
HD 42618 b,149.61,3.89,,0,Radial Velocity,Multiple Observatories,5727.0,6.87,24.3358
Kepler-444 e,7.743493,0.546,0.017,1,Transit,Kepler,5046.0,8.87,36.4396
K2-15 b,11.8104,2.48,0.3,1,Transit,K2,5131.0,14.758,493.992
K2-14 b,8.36802,4.81,0.42,1,Transit,K2,3789.0,15.78,364.048
K2-17 b,17.96753,2.23,0.2,1,Transit,K2,4320.0,13.411,125.106
K2-9 b,18.4498,2.25,0.53,1,Transit,K2,3390.0,15.86,82.9631
WASP-36 b,1.53736596,14.874343,0.235389,1,Transit,SuperWASP,5959.0,12.836,386.346
Kepler-26 b,12.28,2.78,0.11,1,Transit,Kepler,3914.0,15.853,335.307
HATS-13 b,3.0440499,13.585308,0.392315,1,Transit,HATSouth,5523.0,13.911,421.855
HATS-14 b,2.7667641,11.646151,0.358688,1,Transit,HATSouth,5346.0,14.052,513.011
WASP-90 b,3.916243,18.27067,1.00881,1,Transit,SuperWASP,6430.0,11.618,466.433
HD 5583 b,139.35,12.8,,0,Radial Velocity,Roque de los Muchachos Observatory,4830.0,7.604,219.216
Kepler-26 c,17.2559,2.72,0.12,1,Transit,Kepler,3914.0,15.853,335.307
Kepler-447 b,7.79430132,18.49,6.61,1,Transit,Kepler,5493.0,12.52,268.041
HD 130322 b,10.70871,13.7,,0,Radial Velocity,La Silla Observatory,5387.0,8.04,31.8766
Kepler-296 d,19.850291,2.09,0.33,1,Transit,Kepler,3740.0,16.363,167.0
Pr0211 c,4850.0,12.6,,0,Radial Velocity,Roque de los Muchachos Observatory,5300.0,12.163,182.714
BD+15 2375 b,153.22,13.8,,0,Radial Velocity,Roque de los Muchachos Observatory,4649.0,10.41,768.045
Kepler-60 d,11.8981,1.99,0.16,1,Transit,Kepler,5905.0,13.95,1025.1
HD 1666 b,270.0,12.7,,0,Radial Velocity,Multiple Observatories,6317.0,8.17,117.908
HD 67087 b,352.2,13.1,,0,Radial Velocity,Multiple Observatories,6330.0,8.05,76.5217
Kepler-296 e,34.14211,1.53,0.27,1,Transit,Kepler,3740.0,16.363,167.0
Kepler-872 b,2.578855068,1.99,0.5,1,Transit,Kepler,5902.0,15.242,879.683
Kepler-871 b,22.0459018,3.74,1.08,1,Transit,Kepler,5993.0,15.882,1976.05
Kepler-603 c,127.9075774,6.5,1.48,1,Transit,Kepler,5808.0,14.969,1539.63
Kepler-908 b,1.340597468,1.22,0.1,1,Transit,Kepler,5973.0,11.607,290.843
Kepler-499 b,5.632528453,2.17,0.25,1,Transit,Kepler,5312.0,14.63,556.726
Kepler-801 b,11.41928253,2.0,0.08,1,Transit,Kepler,4435.0,15.596,440.426
Kepler-799 b,133.4605235,6.88,0.85,1,Transit,Kepler,5681.0,15.166,1509.084
Kepler-870 b,21.3587621,2.78,0.51,1,Transit,Kepler,5857.0,15.326,1259.46
Kepler-869 b,40.4287755,3.61,0.83,1,Transit,Kepler,5664.0,15.122,939.455
Kepler-907 b,15.86621821,1.2,0.06,1,Transit,Kepler,6106.0,11.16,352.0
Kepler-912 b,2.534756273,2.8,0.84,1,Transit,Kepler,5998.0,15.668,2004.72
Kepler-797 b,27.07237711,2.17,0.43,1,Transit,Kepler,5680.0,14.751,1315.26
Kepler-867 b,150.242127,4.64,0.41,1,Transit,Kepler,5541.0,15.098,1195.54
Kepler-868 b,5.03251791,2.05,0.2,1,Transit,Kepler,5614.0,15.872,1593.13
Kepler-866 b,2.617032536,1.63,0.08,1,Transit,Kepler,4751.0,16.124,646.667
Kepler-913 b,10.29672521,2.06,0.08,1,Transit,Kepler,4687.0,15.522,991.618
Kepler-910 b,2.364369015,0.82,0.04,1,Transit,Kepler,6230.0,11.44,400.289
Kepler-847 b,2.343231895,1.18,0.09,1,Transit,Kepler,4940.0,14.998,513.103
Kepler-846 b,19.80792185,2.48,0.32,1,Transit,Kepler,5579.0,15.684,1127.12
Kepler-795 b,29.6193421,1.68,0.18,1,Transit,Kepler,5631.0,13.423,492.122
Kepler-794 b,11.13125132,2.11,0.52,1,Transit,Kepler,5839.0,13.599,931.192
Kepler-865 b,14.16399294,2.49,0.49,1,Transit,Kepler,5570.0,14.635,586.137
Kepler-909 b,13.93290318,1.47,0.16,1,Transit,Kepler,6154.0,11.626,309.596
Kepler-916 b,32.2968798,1.76,0.14,1,Transit,Kepler,5248.0,15.363,830.712
Kepler-845 b,0.927859821,2.04,0.09,1,Transit,Kepler,4913.0,14.903,431.051
Kepler-844 b,2.613020856,1.68,0.07,1,Transit,Kepler,4128.0,15.986,431.776
Kepler-792 b,11.30119217,1.96,0.49,1,Transit,Kepler,5971.0,15.117,1425.47
Kepler-791 b,14.5539759,3.05,1.32,1,Transit,Kepler,6383.0,14.473,1266.34
Kepler-862 b,3.148664534,2.21,0.44,1,Transit,Kepler,5333.0,15.601,1039.03
Kepler-861 b,3.949631375,2.28,0.12,1,Transit,Kepler,5047.0,15.993,850.327
Kepler-930 b,71.4517775,2.13,0.92,1,Transit,Kepler,6335.0,13.89,848.396
Kepler-842 b,1.21956827,1.6,0.08,1,Transit,Kepler,4848.0,15.363,532.726
Kepler-841 b,124.4198398,5.23,0.41,1,Transit,Kepler,5324.0,15.791,998.961
Kepler-790 b,13.73469807,2.18,0.17,1,Transit,Kepler,5208.0,15.534,703.168
Kepler-788 b,8.39846269,2.55,0.9,1,Transit,Kepler,6159.0,15.45,1775.8
Kepler-860 b,5.101379454,3.24,0.81,1,Transit,Kepler,5836.0,15.544,1056.36
Kepler-924 b,61.0370117,3.07,1.11,1,Transit,Kepler,6167.0,14.293,1053.04
Kepler-923 b,6.93366476,1.38,0.29,1,Transit,Kepler,5988.0,14.124,1000.28
Kepler-838 b,15.74957994,2.73,0.51,1,Transit,Kepler,5770.0,15.424,1104.04
Kepler-837 b,16.56059504,2.56,0.22,1,Transit,Kepler,5403.0,15.576,901.907
Kepler-787 b,0.928310498,1.28,0.06,1,Transit,Kepler,4248.0,16.696,503.568
Kepler-465 b,9.940672466,2.95,0.25,1,Transit,Kepler,6310.0,12.651,553.077
Kepler-856 b,8.027680595,9.3,1.25,1,Transit,Kepler,5535.0,15.594,1351.17
Kepler-890 b,52.75875577,8.89,2.86,1,Transit,Kepler,5954.0,15.235,1712.12
Kepler-927 b,9.1149903,1.72,0.4,1,Transit,Kepler,5743.0,14.817,831.685
Kepler-926 b,52.0688601,2.31,0.57,1,Transit,Kepler,5806.0,14.431,921.361
Kepler-892 b,13.7521072,2.81,0.37,1,Transit,Kepler,4747.0,15.967,570.727
Kepler-933 b,14.20443009,2.46,0.23,1,Transit,Kepler,5346.0,15.614,1017.2
Kepler-826 b,4.48758907,1.25,0.2,1,Transit,Kepler,6079.0,13.644,779.596
Kepler-830 b,11.29695137,1.7,0.61,1,Transit,Kepler,6037.0,14.88,1122.0
Kepler-829 b,6.88337562,2.11,0.44,1,Transit,Kepler,5698.0,14.973,1073.76
Kepler-895 b,2.806242328,1.54,0.09,1,Transit,Kepler,4315.0,16.21,540.134
Kepler-743 b,3.179262921,1.21,0.03,1,Transit,Kepler,5486.0,12.66,278.987
Kepler-823 b,4.16809082,1.57,0.31,1,Transit,Kepler,5643.0,15.089,1389.27
Kepler-487 c,38.6519976,2.68,0.18,1,Transit,Kepler,5444.0,14.882,872.343
Kepler-898 b,5.8706191,1.49,0.3,1,Transit,Kepler,4223.0,16.695,484.891
Kepler-899 b,19.17891293,2.68,0.46,1,Transit,Kepler,5595.0,15.713,1246.43
Kepler-747 b,35.61760587,5.27,0.29,1,Transit,Kepler,5096.0,15.595,3347.16
Kepler-821 b,1.92279873,1.31,0.1,1,Transit,Kepler,5191.0,15.153,614.571
Kepler-498 b,9.61375356,3.03,0.5,1,Transit,Kepler,5744.0,14.349,938.844
Kepler-887 b,20.42228798,1.84,0.27,1,Transit,Kepler,6194.0,13.52,886.588
Kepler-901 b,3.517494394,1.37,0.07,1,Transit,Kepler,4184.0,15.85,253.867
Kepler-900 b,6.9913086,2.08,0.12,1,Transit,Kepler,4836.0,15.19,487.525
Kepler-751 b,17.44490636,2.46,0.23,1,Transit,Kepler,5387.0,15.211,760.43
Kepler-755 b,1.269090374,1.76,0.06,1,Transit,Kepler,5043.0,14.277,399.034
Kepler-820 b,127.8338098,6.09,2.68,1,Transit,Kepler,6260.0,14.135,1387.2
Kepler-817 b,3.990106229,9.03,2.06,1,Transit,Kepler,5861.0,15.967,1484.46
Kepler-886 b,6.24146367,1.52,0.42,1,Transit,Kepler,6098.0,14.054,711.297
Kepler-885 b,18.11472949,2.5,0.4,1,Transit,Kepler,6187.0,12.948,651.318
Kepler-904 b,3.021668632,1.77,0.59,1,Transit,Kepler,6160.0,14.56,978.125
Kepler-905 b,5.082746517,1.41,0.05,1,Transit,Kepler,5461.0,14.058,529.268
Kepler-756 b,1.224866322,1.12,0.09,1,Transit,Kepler,5282.0,15.986,852.0
Kepler-757 b,1.022678821,1.36,0.46,1,Transit,Kepler,6014.0,15.066,1068.68
Kepler-815 b,8.57503552,4.11,0.19,1,Transit,Kepler,5028.0,13.438,1259.28
Kepler-852 b,44.9309804,2.54,0.45,1,Transit,Kepler,6100.0,14.006,1619.03
Kepler-883 b,12.98495573,1.78,0.17,1,Transit,Kepler,6116.0,13.169,627.455
Kepler-509 b,41.74600392,2.49,0.06,1,Transit,Kepler,6060.0,11.848,332.443
Kepler-466 c,3.709213846,1.25,0.1,1,Transit,Kepler,5927.0,12.799,530.122
Kepler-502 b,4.28686431,4.77,1.46,1,Transit,Kepler,6125.0,15.136,1591.04
Kepler-758 b,12.1097104,2.48,0.55,1,Transit,Kepler,6228.0,14.379,1502.32
Kepler-813 b,19.12947337,2.14,0.42,1,Transit,Kepler,5743.0,14.646,840.0
Kepler-811 b,23.58447697,2.7,0.68,1,Transit,Kepler,5747.0,14.046,985.041
Kepler-882 b,3.989539666,1.23,0.15,1,Transit,Kepler,5476.0,14.188,504.605
Kepler-880 b,7.71468975,2.66,1.05,1,Transit,Kepler,6761.0,11.845,601.324
Kepler-474 b,5.660672935,3.06,0.48,1,Transit,Kepler,5785.0,13.629,841.496
Kepler-760 b,8.70419416,3.06,0.26,1,Transit,Kepler,5322.0,15.181,792.336
Kepler-810 b,4.59725385,1.93,0.41,1,Transit,Kepler,5803.0,15.73,1458.59
Kepler-809 b,55.63934,3.01,0.67,1,Transit,Kepler,5734.0,14.875,961.405
Kepler-877 b,18.45847097,2.12,0.14,1,Transit,Kepler,5261.0,14.74,602.176
Kepler-750 c,4.08899022,1.62,0.65,1,Transit,Kepler,6160.0,14.634,1296.02
Kepler-255 d,1.045622658,1.32,0.14,1,Transit,Kepler,5431.0,15.699,1052.53
Kepler-775 b,0.974868926,1.19,0.04,1,Transit,Kepler,5468.0,13.564,398.676
Kepler-500 b,8.508324398,2.58,0.25,1,Transit,Kepler,5813.0,14.324,807.48
Kepler-808 b,0.631332353,1.46,0.06,1,Transit,Kepler,4653.0,14.519,321.0
Kepler-875 b,27.5073799,2.9,1.02,1,Transit,Kepler,5958.0,15.357,1242.62
Kepler-732 c,0.893041236,1.27,0.07,1,Transit,Kepler,3631.0,16.53,174.826
Kepler-777 b,5.72812599,1.47,0.08,1,Transit,Kepler,4043.0,16.131,443.106
Kepler-779 b,7.09714223,0.92,0.07,1,Transit,Kepler,3804.0,16.303,283.155
Kepler-804 b,14.37457351,1.94,0.24,1,Transit,Kepler,5817.0,13.864,649.65
Kepler-803 b,50.28638192,3.79,0.55,1,Transit,Kepler,5919.0,13.856,639.771
Kepler-1049 b,3.273460736,0.95,0.1,1,Transit,Kepler,3864.0,14.695,162.006
Kepler-969 b,34.1731714,2.07,0.05,1,Transit,Kepler,5214.0,13.865,390.354
Kepler-1137 b,23.9210791,2.2,0.83,1,Transit,Kepler,6807.0,12.827,921.778
Kepler-975 b,1.970342457,1.48,0.06,1,Transit,Kepler,4897.0,14.633,426.088
Kepler-995 b,28.26731672,2.7,0.19,1,Transit,Kepler,5206.0,15.173,609.638
Kepler-1054 b,4.30655689,2.63,1.15,1,Transit,Kepler,6209.0,14.143,1090.51
Kepler-1033 b,7.56052806,2.51,0.41,1,Transit,Kepler,5547.0,16.186,1455.5
Kepler-1040 b,201.1214,2.08,0.18,1,Transit,Kepler,5694.0,13.614,482.119
Kepler-1138 b,3.17060005,1.7,0.24,1,Transit,Kepler,5582.0,15.885,872.328
Kepler-1139 b,0.813166719,1.19,0.17,1,Transit,Kepler,5550.0,14.229,495.156
Kepler-1060 b,46.8779367,2.38,0.45,1,Transit,Kepler,5797.0,14.827,946.565
Kepler-1003 b,3.554856915,1.78,0.48,1,Transit,Kepler,6109.0,14.132,941.902
Kepler-1055 b,2.295036233,1.23,0.07,1,Transit,Kepler,5723.0,13.194,389.397
Kepler-998 b,5.65377733,2.32,0.61,1,Transit,Kepler,6058.0,14.463,986.364
Kepler-1017 b,7.23400469,1.99,0.29,1,Transit,Kepler,5473.0,14.315,552.058
Kepler-974 b,4.194496514,1.57,0.06,1,Transit,Kepler,3687.0,15.295,134.311
Kepler-1045 b,26.41045478,2.69,0.21,1,Transit,Kepler,5301.0,15.879,942.485
Kepler-980 b,11.55102504,2.67,0.23,1,Transit,Kepler,5935.0,14.221,961.468
Kepler-991 b,82.5342519,2.54,0.13,1,Transit,Kepler,4392.0,15.626,389.561
Kepler-1072 b,1.569066502,1.58,0.72,1,Transit,Kepler,6199.0,13.972,982.716
Kepler-490 b,3.268695154,11.65,3.29,1,Transit,Kepler,6045.0,14.843,1523.0
Kepler-1018 b,49.1013514,2.58,0.3,1,Transit,Kepler,5518.0,15.103,1010.01
Kepler-1004 b,5.28789787,6.28,0.78,1,Transit,Kepler,4972.0,13.705,1152.68
Kepler-997 b,2.707306716,1.36,0.33,1,Transit,Kepler,6150.0,11.521,467.568
Kepler-1151 b,65.6478424,2.22,0.24,1,Transit,Kepler,5470.0,15.005,682.436
Kepler-1064 b,16.54080322,1.55,0.07,1,Transit,Kepler,5153.0,13.958,374.0
Kepler-971 b,9.59070716,2.13,0.22,1,Transit,Kepler,5431.0,13.483,338.522
Kepler-1051 b,25.96200249,3.4,1.23,1,Transit,Kepler,6675.0,13.212,829.343
Kepler-1007 b,5.185002073,1.44,0.07,1,Transit,Kepler,4587.0,14.981,365.0
Kepler-968 b,3.692983728,2.0,0.08,1,Transit,Kepler,4598.0,14.626,290.324
Kepler-1145 b,3.97076766,1.4,0.11,1,Transit,Kepler,5064.0,15.471,691.961
Kepler-1147 b,10.62784997,2.61,0.8,1,Transit,Kepler,5941.0,15.613,1657.36
Kepler-1029 b,4.417696479,1.26,0.08,1,Transit,Kepler,5030.0,14.434,366.656
Kepler-996 b,3.770590584,1.98,0.63,1,Transit,Kepler,6014.0,14.717,1216.58
Kepler-966 b,99.747622,4.13,1.17,1,Transit,Kepler,5840.0,14.731,1027.8
Kepler-1047 b,56.1886887,2.09,0.26,1,Transit,Kepler,5754.0,13.46,817.647
Kepler-1149 b,3.73089898,1.44,0.26,1,Transit,Kepler,5833.0,15.146,1217.73
Kepler-1148 b,1.104463509,1.69,0.1,1,Transit,Kepler,5054.0,15.533,625.692
Kepler-1057 b,14.08827448,3.36,1.1,1,Transit,Kepler,5987.0,15.825,1201.82
Kepler-1059 b,3.764191048,1.73,0.12,1,Transit,Kepler,4906.0,15.785,713.167
Kepler-965 b,134.2527298,3.38,0.55,1,Transit,Kepler,5886.0,13.488,582.828
Kepler-999 b,5.991857017,2.34,0.65,1,Transit,Kepler,6237.0,12.364,545.063
Kepler-1112 b,14.36267939,3.02,1.28,1,Transit,Kepler,6496.0,14.74,1671.28
Kepler-952 b,130.3546919,7.65,1.65,1,Transit,Kepler,5730.0,15.323,1304.25
Kepler-479 b,12.49341307,2.12,0.09,1,Transit,Kepler,5247.0,13.724,344.901
Kepler-934 b,55.6738309,2.09,0.15,1,Transit,Kepler,5001.0,15.238,608.738
Kepler-977 b,26.85328322,2.62,0.17,1,Transit,Kepler,5315.0,14.754,568.751
Kepler-1021 b,13.47469571,2.33,0.25,1,Transit,Kepler,5431.0,15.207,810.082
Kepler-979 b,8.0880135,2.72,0.42,1,Transit,Kepler,5310.0,14.882,576.503
Kepler-982 b,15.7738221,2.25,0.47,1,Transit,Kepler,6139.0,13.099,801.479
Kepler-936 b,10.56134221,1.45,0.2,1,Transit,Kepler,5482.0,14.84,823.399
Kepler-938 b,52.6298417,2.22,0.25,1,Transit,Kepler,5533.0,15.148,1182.05
Kepler-1006 b,19.76172042,1.54,0.27,1,Transit,Kepler,5328.0,14.467,1081.738
Kepler-1009 b,11.35011917,2.17,0.27,1,Transit,Kepler,4027.0,15.758,355.019
Kepler-976 b,105.9564148,3.96,0.29,1,Transit,Kepler,5232.0,15.861,1012.41
Kepler-1052 b,34.8538276,2.93,0.54,1,Transit,Kepler,5888.0,14.932,943.444
Kepler-1120 b,2.949029052,1.38,0.09,1,Transit,Kepler,4904.0,15.494,615.231
Kepler-1123 b,4.33946454,1.67,0.25,1,Transit,Kepler,5500.0,14.933,704.323
Kepler-940 b,59.6225257,3.34,0.71,1,Transit,Kepler,5769.0,15.727,1260.78
Kepler-1035 b,2.714077555,1.17,0.28,1,Transit,Kepler,5763.0,13.097,562.116
Kepler-1027 b,1.907805199,0.89,0.04,1,Transit,Kepler,5436.0,12.994,405.104
Kepler-986 b,56.4349938,2.36,0.29,1,Transit,Kepler,5642.0,13.69,548.364
Kepler-1011 b,5.753221974,2.87,0.29,1,Transit,Kepler,5416.0,15.294,736.779
Kepler-1068 b,16.92344113,3.63,0.89,1,Transit,Kepler,5806.0,16.096,1473.61
Kepler-917 b,2.970414375,1.91,0.24,1,Transit,Kepler,5418.0,15.896,3460.51
Kepler-918 b,4.85386933,1.74,0.4,1,Transit,Kepler,6028.0,15.064,1025.03
Kepler-978 b,49.6221509,2.99,0.67,1,Transit,Kepler,6002.0,13.513,682.522
Kepler-1002 b,4.336429331,1.71,0.06,1,Transit,Kepler,6144.0,11.821,408.303
Kepler-493 b,3.003876581,15.13,5.0,1,Transit,Kepler,6457.0,15.268,1745.77
Kepler-1128 b,61.6178167,3.65,0.53,1,Transit,Kepler,5543.0,15.934,1083.41
Kepler-920 b,6.53192704,2.42,0.22,1,Transit,Kepler,5403.0,15.492,1001.68
Kepler-919 b,11.04603384,2.25,0.87,1,Transit,Kepler,6113.0,14.806,1119.87
Kepler-921 b,51.300634,2.87,0.33,1,Transit,Kepler,5663.0,14.852,934.49
Kepler-1015 b,16.00494214,3.55,1.32,1,Transit,Kepler,6769.0,12.825,739.357
Kepler-1005 b,6.49801525,1.5,0.21,1,Transit,Kepler,5782.0,13.371,567.806
Kepler-972 b,7.03932553,4.65,1.52,1,Transit,Kepler,6146.0,15.084,1198.03
Kepler-1130 b,5.45298175,0.8,0.16,1,Transit,Kepler,5403.0,12.509,249.343
Kepler-1131 b,3.53232449,1.59,0.36,1,Transit,Kepler,5851.0,15.01,1030.7
Kepler-1025 b,37.3229493,1.98,0.41,1,Transit,Kepler,6089.0,13.695,803.776
Kepler-497 b,3.573203671,6.04,1.58,1,Transit,Kepler,5834.0,14.95,1291.98
Kepler-994 b,1.151166506,1.6,0.07,1,Transit,Kepler,3934.0,15.046,188.158
Kepler-1132 b,62.8916228,2.35,0.19,1,Transit,Kepler,5298.0,15.818,867.931
Kepler-1069 b,23.8990296,1.6,0.31,1,Transit,Kepler,5722.0,13.234,695.967
Kepler-1034 b,12.12400943,2.26,0.17,1,Transit,Kepler,5198.0,15.269,654.549
Kepler-944 b,43.3167737,2.63,0.27,1,Transit,Kepler,5409.0,15.636,1349.43
Kepler-942 b,44.96417488,2.13,0.23,1,Transit,Kepler,4861.0,13.25,216.354
Kepler-946 b,11.79162572,1.93,0.32,1,Transit,Kepler,5665.0,15.011,1137.29
HD 50554 c,5.969362,1.31,0.06,1,Transit,Transiting Exoplanet Survey Satellite (TESS),5968.0,6.8561,31.1664
Kepler-992 b,20.16034462,1.62,0.04,1,Transit,Kepler,4944.0,13.557,259.639
Kepler-1134 b,17.13263989,2.64,0.21,1,Transit,Kepler,5281.0,16.233,944.445
Kepler-1135 b,76.957857,1.85,0.33,1,Transit,Kepler,5656.0,14.545,1314.64
Kepler-951 b,71.52530845,5.59,0.24,1,Transit,Kepler,4834.0,14.841,382.509
Kepler-967 b,13.22713379,2.35,0.08,1,Transit,Kepler,5178.0,14.702,568.546
Kepler-1013 b,18.93054959,2.15,0.36,1,Transit,Kepler,4954.0,14.563,422.246
Kepler-1233 b,45.1263042,2.6,1.08,1,Transit,Kepler,6198.0,14.82,1178.7
Kepler-1234 b,11.94014029,2.81,0.16,1,Transit,Kepler,4967.0,15.915,916.749
Kepler-523 b,5.835983111,1.96,0.08,1,Transit,Kepler,5515.0,12.588,253.295
Gl 725 B c,37.9,1.66,,0,Radial Velocity,Mauna Kea Observatory,3379.0,9.7,6.842357
Kepler-1180 b,16.8601286,1.99,0.55,1,Transit,Kepler,6077.0,15.081,1596.8
Kepler-1181 b,4.89337519,1.57,0.65,1,Transit,Kepler,6176.0,13.549,938.417
Kepler-1189 b,3.78858982,1.77,0.52,1,Transit,Kepler,6012.0,14.463,782.852
Kepler-1236 b,31.0571618,2.14,0.18,1,Transit,Kepler,5337.0,16.145,999.64
Kepler-1235 b,4.16055856,0.79,0.12,1,Transit,Kepler,5541.0,14.079,540.604
Kepler-518 b,8.512035877,2.11,0.05,1,Transit,Kepler,5842.0,12.573,337.901
Kepler-1276 b,12.5720095,1.19,0.2,1,Transit,Kepler,6188.0,12.992,538.481
Kepler-1277 b,40.8365012,1.6,0.29,1,Transit,Kepler,5578.0,14.306,557.193
Kepler-1182 b,11.17394617,2.41,0.6,1,Transit,Kepler,5924.0,15.742,1545.39
Kepler-549 b,42.9495649,2.57,0.23,1,Transit,Kepler,5360.0,14.805,635.145
Kepler-1237 b,84.5733226,2.86,0.39,1,Transit,Kepler,5472.0,16.012,1064.31
Kepler-1279 b,23.4774101,1.75,0.88,1,Transit,Kepler,6221.0,14.137,1494.22
Kepler-1280 b,66.5579057,1.87,0.83,1,Transit,Kepler,6227.0,14.196,1486.7
Kepler-1076 b,6.14727918,0.8,0.04,1,Transit,Kepler,4868.0,13.175,199.0
Kepler-1077 b,34.3511874,2.77,0.7,1,Transit,Kepler,5816.0,14.923,1101.42
Kepler-1193 b,2.832652134,1.32,0.21,1,Transit,Kepler,5908.0,13.577,802.116
Kepler-1194 b,16.22371307,1.51,0.12,1,Transit,Kepler,5590.0,14.31,757.382
Kepler-1238 b,4.14787559,1.93,0.85,1,Transit,Kepler,6386.0,14.919,1632.13
Kepler-1282 b,2.131946513,1.55,0.21,1,Transit,Kepler,5504.0,15.707,1103.29
Kepler-1078 b,3.00725242,1.9,0.3,1,Transit,Kepler,5612.0,15.703,2481.71
Kepler-1079 b,13.24503188,1.63,0.33,1,Transit,Kepler,5758.0,12.78,591.098
Kepler-1242 b,13.62798432,2.26,0.13,1,Transit,Kepler,4895.0,15.714,687.615
Kepler-1243 b,16.8320729,1.75,0.28,1,Transit,Kepler,5667.0,14.898,758.17
Kepler-1081 b,3.856918547,1.01,0.1,1,Transit,Kepler,5345.0,13.827,420.215
Kepler-1199 b,15.0447198,1.15,0.21,1,Transit,Kepler,5889.0,13.173,563.493
Kepler-1202 b,28.6851324,2.94,0.91,1,Transit,Kepler,5834.0,15.833,1175.38
Kepler-519 b,24.3078946,2.1,0.06,1,Transit,Kepler,5260.0,12.77,246.61
Kepler-1284 b,0.664073806,1.21,0.1,1,Transit,Kepler,5123.0,15.912,882.324
Kepler-1083 b,33.4177993,3.36,0.16,1,Transit,Kepler,5049.0,16.103,902.633
Kepler-1203 b,0.588000765,1.06,0.06,1,Transit,Kepler,4105.0,15.385,317.022
Kepler-1204 b,85.7350285,3.05,0.87,1,Transit,Kepler,5825.0,15.45,1175.22
Kepler-1246 b,11.32271513,1.36,0.2,1,Transit,Kepler,4611.0,15.27,436.505
Kepler-1289 b,7.99019627,1.52,0.49,1,Transit,Kepler,6080.0,14.732,1053.57
Kepler-1087 b,0.693842855,0.61,0.17,1,Transit,Kepler,5589.0,12.973,362.623
Kepler-1086 b,18.78425728,2.44,0.35,1,Transit,Kepler,4350.0,16.002,466.084
Kepler-1088 b,23.12748644,1.42,0.11,1,Transit,Kepler,5975.0,11.472,280.629
Kepler-1206 b,1.216997663,1.64,0.09,1,Transit,Kepler,4877.0,15.971,762.019
Kepler-1205 b,1.078390352,1.41,0.1,1,Transit,Kepler,5226.0,15.316,698.485
Kepler-1249 b,24.3347127,2.38,0.97,1,Transit,Kepler,6202.0,15.391,1904.54
Kepler-1250 b,2.607543834,1.92,0.45,1,Transit,Kepler,5717.0,15.693,2126.85
Kepler-1293 b,5.57654784,0.97,0.42,1,Transit,Kepler,6241.0,13.377,1028.16
Kepler-513 b,28.86235584,2.2,0.31,1,Transit,Kepler,5849.0,13.019,468.258
Kepler-1092 b,58.6017925,2.07,0.37,1,Transit,Kepler,5862.0,14.659,981.233
Kepler-1209 b,25.369116,1.51,0.32,1,Transit,Kepler,6210.0,12.554,505.531
Kepler-1252 b,15.0540329,1.67,0.42,1,Transit,Kepler,5949.0,14.743,648.979
Kepler-1253 b,68.8861915,1.33,0.18,1,Transit,Kepler,5850.0,12.588,514.524
Kepler-1156 b,11.89520511,1.32,0.14,1,Transit,Kepler,5778.0,14.262,691.331
Kepler-1155 b,33.469743,2.03,0.45,1,Transit,Kepler,5842.0,14.799,1128.72
Kepler-1093 b,25.0824626,1.95,0.62,1,Transit,Kepler,6166.0,13.781,1072.88
Kepler-1094 b,78.1000231,3.18,1.2,1,Transit,Kepler,6112.0,15.318,1291.01
Kepler-1213 b,5.34982412,1.19,0.13,1,Transit,Kepler,6050.0,13.416,807.812
Kepler-1255 b,36.2919336,2.32,0.64,1,Transit,Kepler,6018.0,15.308,1617.07
Kepler-1256 b,12.4127754,1.49,0.44,1,Transit,Kepler,6129.0,13.685,891.192
Kepler-1160 b,7.97034958,2.14,0.28,1,Transit,Kepler,5519.0,16.006,1077.63
Kepler-1158 b,13.5396293,2.34,0.46,1,Transit,Kepler,6203.0,13.618,1484.25
Kepler-1097 b,187.747029,3.26,0.26,1,Transit,Kepler,5211.0,15.652,719.802
Kepler-1095 b,4.27103091,1.21,0.2,1,Transit,Kepler,5658.0,14.597,792.522
Kepler-1217 b,2.032325072,1.99,0.48,1,Transit,Kepler,5905.0,15.343,1347.71
Kepler-1216 b,4.37034536,1.39,0.22,1,Transit,Kepler,5743.0,15.262,1258.36
Kepler-1257 b,2.668313762,1.52,0.18,1,Transit,Kepler,5502.0,15.644,1105.95
Kepler-1260 b,19.1187753,1.77,0.51,1,Transit,Kepler,5961.0,14.953,1734.43
Kepler-1163 b,6.11786898,1.03,0.17,1,Transit,Kepler,6302.0,12.208,478.647
Kepler-1100 b,6.42200058,1.75,0.82,1,Transit,Kepler,6247.0,13.952,693.618
Kepler-1098 b,2.543072855,1.3,0.24,1,Transit,Kepler,5794.0,14.886,1049.19
Kepler-1261 b,48.4308991,2.26,0.14,1,Transit,Kepler,5006.0,15.817,744.294
Kepler-1166 b,33.2406882,1.69,0.62,1,Transit,Kepler,5446.0,14.65,634.906
Kepler-1167 b,1.003933739,1.71,0.12,1,Transit,Kepler,4971.0,16.047,820.905
Kepler-1103 b,19.79191978,2.27,0.61,1,Transit,Kepler,6092.0,14.294,1331.92
Kepler-1221 b,12.00096042,1.88,0.3,1,Transit,Kepler,5194.0,15.909,913.65
Kepler-522 b,38.58422849,6.91,1.5,1,Transit,Kepler,6392.0,12.22,639.239
Kepler-1264 b,0.968526023,1.18,0.22,1,Transit,Kepler,5791.0,14.629,801.993
Kepler-1169 b,6.11009134,0.94,0.06,1,Transit,Kepler,6191.0,12.707,522.823
Kepler-1168 b,55.8226539,2.5,0.18,1,Transit,Kepler,5157.0,15.755,752.666
Kepler-1106 b,1.252752174,1.65,0.49,1,Transit,Kepler,6104.0,14.863,1090.7
Kepler-1226 b,17.2923453,1.45,0.26,1,Transit,Kepler,5923.0,14.324,1125.72
Kepler-1266 b,28.474748,2.58,0.13,1,Transit,Kepler,5044.0,16.016,849.312
Kepler-1268 b,40.9903986,2.03,0.67,1,Transit,Kepler,5904.0,15.484,1840.77
Kepler-1171 b,1.44259224,2.56,0.68,1,Transit,Kepler,7044.0,11.647,573.0
Kepler-1172 b,26.0204423,3.2,0.4,1,Transit,Kepler,5558.0,16.083,1306.53
Kepler-1109 b,37.6467384,2.19,0.44,1,Transit,Kepler,5893.0,14.405,685.087
Kepler-1110 b,9.69312032,2.66,0.38,1,Transit,Kepler,4781.0,16.274,726.828
Kepler-1229 b,86.828989,1.4,0.11,1,Transit,Kepler,3784.0,16.124,265.482
Kepler-436 c,16.79713874,2.33,0.19,1,Transit,Kepler,4685.0,15.971,588.867
Kepler-1270 b,6.03356196,3.32,0.3,1,Transit,Kepler,5047.0,13.562,1095.05
Kepler-804 c,9.65185017,1.14,0.2,1,Transit,Kepler,5817.0,13.864,649.65
Kepler-1230 b,9.95661537,2.71,0.49,1,Transit,Kepler,5961.0,15.628,1364.22
Kepler-1271 b,3.0255955,1.48,0.23,1,Transit,Kepler,6143.0,14.075,831.991
Kepler-1273 b,28.625653,2.49,0.33,1,Transit,Kepler,5566.0,16.03,1114.24
Kepler-1177 b,106.247547,1.9,0.16,1,Transit,Kepler,5712.0,14.773,1299.97
Kepler-1179 b,2.685057492,1.32,0.09,1,Transit,Kepler,5212.0,14.214,415.205
Kepler-1152 b,1.646801908,0.87,0.05,1,Transit,Kepler,3964.0,15.31,215.233
Kepler-1186 b,16.07677615,2.23,0.36,1,Transit,Kepler,5635.0,15.367,1337.25
Kepler-535 b,4.903321551,2.36,0.33,1,Transit,Kepler,6123.0,13.209,685.599
Kepler-1411 b,86.1150888,2.82,0.43,1,Transit,Kepler,5664.0,15.945,1660.48
Kepler-1413 b,13.1829642,1.82,0.16,1,Transit,Kepler,5196.0,16.473,1167.49
Kepler-1317 b,0.568874427,1.56,0.09,1,Transit,Kepler,5144.0,15.083,728.303
Kepler-1318 b,213.257663,3.11,0.17,1,Transit,Kepler,4598.0,15.531,475.248
Kepler-1362 b,136.205626,2.6,0.12,1,Transit,Kepler,4857.0,16.05,731.298
Kepler-536 b,1.827082299,3.1,0.38,1,Transit,Kepler,5524.0,14.032,462.322
Kepler-1415 b,0.63642408,1.29,0.12,1,Transit,Kepler,5267.0,15.937,1043.56
Kepler-1320 b,0.868386528,1.7,0.07,1,Transit,Kepler,4817.0,15.936,647.424
Kepler-1321 b,11.12830484,4.92,0.6,1,Transit,Kepler,4094.0,17.5054,769.146
Kepler-1366 b,2.164570968,1.43,0.1,1,Transit,Kepler,4070.0,16.685,465.826
Kepler-903 c,62.9228557,2.53,0.4,1,Transit,Kepler,5682.0,14.856,1369.24
Kepler-758 e,8.1934719,1.53,0.32,1,Transit,Kepler,6228.0,14.379,1502.32
Kepler-1417 b,20.3505213,1.0,0.2,1,Transit,Kepler,5839.0,14.038,991.845
Kepler-1322 b,0.962867382,1.61,0.2,1,Transit,Kepler,5488.0,15.876,1350.32
Kepler-525 b,18.68404933,2.63,0.38,1,Transit,Kepler,5573.0,13.613,992.852
Kepler-722 c,105.144749,2.82,0.56,1,Transit,Kepler,5863.0,15.489,1239.5
Kepler-1422 b,18.6051942,2.02,0.41,1,Transit,Kepler,6194.0,15.741,2465.84
Kepler-1327 b,14.88801098,1.8,0.58,1,Transit,Kepler,5885.0,13.966,678.069
Kepler-1368 b,0.675649486,1.65,0.35,1,Transit,Kepler,5906.0,15.914,1635.82
Kepler-769 c,15.9870174,1.79,0.76,1,Transit,Kepler,6186.0,14.984,1169.57
Kepler-770 c,1.475322314,1.2,0.19,1,Transit,Kepler,5598.0,14.852,930.457
Kepler-1430 b,2.46050993,1.18,0.09,1,Transit,Kepler,4796.0,15.567,875.523
Kepler-1431 b,5.86601526,1.47,0.42,1,Transit,Kepler,5806.0,15.4,1623.24
Kepler-1328 b,4.52158888,0.98,0.2,1,Transit,Kepler,5780.0,13.969,813.543
Kepler-1329 b,9.33646594,2.17,0.06,1,Transit,Kepler,4500.0,15.958,588.037
Kepler-527 b,13.28535633,2.84,1.35,1,Transit,Kepler,6388.0,13.471,750.04
Kepler-1371 b,3.4462039,0.73,0.08,1,Transit,Kepler,5361.0,14.018,515.334
Kepler-770 d,4.15244722,1.4,0.19,1,Transit,Kepler,5598.0,14.852,930.457
Kepler-896 b,144.547396,2.53,0.18,1,Transit,Kepler,5262.0,15.457,2334.93
Kepler-1427 b,0.968972376,1.1,0.24,1,Transit,Kepler,5793.0,15.601,1220.0
Kepler-1332 b,11.87456832,1.37,0.09,1,Transit,Kepler,5581.0,13.975,528.685
Kepler-1330 b,10.10769068,1.65,0.4,1,Transit,Kepler,5608.0,15.076,1720.48
Kepler-1373 b,1.29123275,1.16,0.54,1,Transit,Kepler,6299.0,14.328,1699.46
Kepler-1374 b,10.65276707,2.29,0.2,1,Transit,Kepler,5323.0,15.991,1078.46
Kepler-1311 c,2.53573424,1.22,0.28,1,Transit,Kepler,5748.0,13.528,866.331
Kepler-1428 b,10.67607169,1.64,0.14,1,Transit,Kepler,6184.0,13.759,1530.32
Kepler-1429 b,4.48487493,1.29,0.35,1,Transit,Kepler,5902.0,15.053,1214.09
Kepler-1335 b,6.26406846,1.45,0.1,1,Transit,Kepler,4903.0,15.248,621.853
Kepler-528 b,19.78297415,2.08,0.29,1,Transit,Kepler,5807.0,14.064,784.23
Kepler-1321 c,2.226491086,2.4,0.3,1,Transit,Kepler,4094.0,17.5054,769.146
Kepler-1433 b,4.13592271,1.56,0.45,1,Transit,Kepler,6097.0,15.051,1328.0
Kepler-1337 b,24.4002549,2.41,0.1,1,Transit,Kepler,4523.0,16.21,601.629
Kepler-1339 b,1.341555127,0.71,0.06,1,Transit,Kepler,5586.0,12.344,371.049
Kepler-1377 b,0.740928422,1.25,0.09,1,Transit,Kepler,5218.0,15.857,1146.1
Kepler-1378 b,11.95398936,2.2,0.71,1,Transit,Kepler,4407.0,16.5497,506.434
Kepler-1370 c,7.44142113,1.27,0.56,1,Transit,Kepler,6202.0,13.718,1004.1
Kepler-1295 b,3.81371974,1.55,0.2,1,Transit,Kepler,5486.0,16.227,1174.46
Kepler-1296 b,8.3839865,0.91,0.09,1,Transit,Kepler,5359.0,14.934,1551.54
Kepler-1341 b,132.9968322,2.99,0.42,1,Transit,Kepler,4662.0,15.356,476.957
Kepler-529 b,1.980357663,1.86,0.25,1,Transit,Kepler,6087.0,13.779,799.008
Kepler-1380 b,10.3108245,1.43,0.26,1,Transit,Kepler,5570.0,15.816,2462.94
Kepler-1391 b,54.4092333,1.68,0.26,1,Transit,Kepler,5840.0,13.906,1038.35
Kepler-1392 b,15.1410397,1.96,0.22,1,Transit,Kepler,5479.0,15.963,1117.0
Kepler-1297 b,1.68189002,0.97,0.16,1,Transit,Kepler,5818.0,14.867,1439.47
Kepler-1343 b,3.35183158,1.93,0.25,1,Transit,Kepler,5759.0,15.617,1756.71
Kepler-1344 b,4.7683049,1.84,0.5,1,Transit,Kepler,5981.0,14.192,853.959
Kepler-1383 b,13.9093583,1.41,0.63,1,Transit,Kepler,6370.0,13.832,1027.21
Kepler-1381 b,25.3842686,2.25,0.29,1,Transit,Kepler,5747.0,15.579,1197.04
Kepler-1393 b,2.44357812,0.8,0.04,1,Transit,Kepler,5697.0,13.476,544.456
Kepler-1300 b,22.2419092,1.37,0.3,1,Transit,Kepler,6130.0,12.861,777.025
Kepler-616 c,90.4113556,3.41,0.57,1,Transit,Kepler,5753.0,15.021,945.775
Kepler-1347 b,14.00947528,1.03,0.06,1,Transit,Kepler,5193.0,13.557,321.0
Kepler-1345 b,44.6169557,2.36,1.06,1,Transit,Kepler,6449.0,13.775,1355.02
Kepler-1385 b,2.88879862,0.85,0.2,1,Transit,Kepler,5732.0,12.947,688.795
Kepler-1384 b,15.36262753,1.94,0.43,1,Transit,Kepler,4919.0,15.7578,618.0
Kepler-1397 b,47.449955,1.72,0.19,1,Transit,Kepler,6026.0,14.324,1198.25
Kepler-1398 b,2.78815679,0.9,0.28,1,Transit,Kepler,6126.0,13.752,852.204
Kepler-1396 b,18.2206421,2.07,0.79,1,Transit,Kepler,6195.0,14.691,1066.46
Kepler-1302 b,8.83922659,1.43,0.15,1,Transit,Kepler,5236.0,15.172,634.58
Kepler-1304 b,16.1288853,2.29,0.19,1,Transit,Kepler,5259.0,15.408,2176.08
Kepler-1350 b,4.4968604,2.52,0.16,1,Transit,Kepler,3827.0,16.577,340.691
Kepler-1348 b,27.5722742,1.94,0.43,1,Transit,Kepler,5911.0,14.871,1213.82
Kepler-1387 b,2.279526656,0.93,0.05,1,Transit,Kepler,5046.0,14.727,455.358
Kepler-1398 c,4.13827595,1.03,0.37,1,Transit,Kepler,6126.0,13.752,852.204
Kepler-1400 b,9.06689421,1.62,0.11,1,Transit,Kepler,5044.0,16.067,752.237
Kepler-1307 b,18.01621096,2.47,0.66,1,Transit,Kepler,5884.0,15.636,1014.62
Kepler-1351 b,0.916140768,0.65,0.05,1,Transit,Kepler,4439.0,14.328,202.782
Kepler-521 b,22.20813214,3.18,0.31,1,Transit,Kepler,6406.0,12.94,830.638
Kepler-1390 b,6.48021673,1.18,0.25,1,Transit,Kepler,5753.0,14.558,723.431
Kepler-531 b,29.88485741,2.78,0.08,1,Transit,Kepler,4893.0,13.566,252.762
Kepler-1389 b,99.2530951,1.77,0.05,1,Transit,Kepler,5078.0,14.896,497.093
Kepler-1401 b,11.20066445,1.68,0.37,1,Transit,Kepler,5964.0,15.224,1425.43
Kepler-1402 b,2.03387914,0.76,0.08,1,Transit,Kepler,5416.0,14.78,1493.64
Kepler-1308 b,2.104338119,0.52,0.06,1,Transit,Kepler,3468.0,16.4,112.705
Kepler-1309 b,28.8432647,2.37,0.2,1,Transit,Kepler,5235.0,16.5119,845.0
Kepler-1352 b,1.877882748,0.89,0.25,1,Transit,Kepler,6118.0,13.338,670.829
Kepler-1353 b,24.7543966,1.8,0.37,1,Transit,Kepler,4776.0,15.734,593.384
Kepler-532 b,12.92491623,2.57,0.21,1,Transit,Kepler,5192.0,13.74,312.798
Kepler-1403 b,5.19492202,2.14,0.54,1,Transit,Kepler,6060.0,15.713,2163.9
Kepler-1405 b,28.2274184,3.96,0.88,1,Transit,Kepler,5925.0,16.028,1530.3
Kepler-1310 b,0.679336272,1.44,0.16,1,Transit,Kepler,5549.0,14.346,569.185
Kepler-1312 b,5.448325286,2.1,0.08,1,Transit,Kepler,5719.0,12.491,299.104
Kepler-517 b,60.92832271,2.67,0.32,1,Transit,Kepler,5690.0,12.372,289.907
Kepler-1356 b,0.634002937,1.53,0.11,1,Transit,Kepler,5106.0,15.887,845.228
Kepler-1354 b,76.613377,2.97,1.22,1,Transit,Kepler,6168.0,14.59,1119.45
Kepler-1050 c,21.1284569,1.48,0.35,1,Transit,Kepler,6010.0,13.198,490.488
Kepler-1407 b,20.0711504,2.25,0.53,1,Transit,Kepler,6010.0,15.023,1396.41
Kepler-1313 b,3.833091178,1.76,0.06,1,Transit,Kepler,5453.0,12.363,174.234
Kepler-1359 b,59.4970952,2.83,0.45,1,Transit,Kepler,4709.0,15.987,614.859
Kepler-1360 b,40.5286413,3.4,1.17,1,Transit,Kepler,6778.0,14.007,1516.27
Kepler-1611 b,5.1762429,0.81,0.16,1,Transit,Kepler,5605.0,14.627,908.444
Kepler-1463 b,25.15864,1.86,0.33,1,Transit,Kepler,5679.0,15.905,1687.47
Kepler-1543 b,6.96710269,2.71,1.21,1,Transit,Kepler,6561.0,13.495,921.784
Kepler-1578 b,1.450886907,1.04,0.11,1,Transit,Kepler,5545.0,15.585,1064.05
Kepler-626 b,14.48585199,2.29,0.28,1,Transit,Kepler,5813.0,14.086,635.643
Kepler-1465 b,31.8277111,1.77,0.35,1,Transit,Kepler,4726.0,14.724,359.497
Kepler-1466 b,31.1750448,1.55,0.27,1,Transit,Kepler,5884.0,14.026,631.949
Kepler-1546 b,19.5974971,3.13,0.58,1,Transit,Kepler,5623.0,15.596,931.956
Kepler-1548 b,124.828679,2.64,0.54,1,Transit,Kepler,5706.0,15.324,872.279
Kepler-1613 b,1.5184299,2.08,0.44,1,Transit,Kepler,6005.0,14.192,1508.33
Kepler-1468 c,3.54553021,1.15,0.25,1,Transit,Kepler,5893.0,15.111,1899.24
Kepler-1582 b,4.83817712,1.49,0.17,1,Transit,Kepler,3208.0,17.96,78.8906
Kepler-1469 b,21.8635301,2.8,0.37,1,Transit,Kepler,5507.0,16.2388,1159.3
Kepler-633 b,8.50340718,1.63,0.31,1,Transit,Kepler,5899.0,13.812,680.54
Kepler-1550 b,225.582809,3.02,0.71,1,Transit,Kepler,5991.0,15.107,1179.01
Kepler-1552 b,184.771853,2.47,0.11,1,Transit,Kepler,5202.0,15.203,769.096
Kepler-1584 b,13.3997099,1.61,0.4,1,Transit,Kepler,6069.0,15.105,1416.31
Kepler-556 b,11.72292176,2.24,0.2,1,Transit,Kepler,5740.0,14.316,674.598
Kepler-629 b,7.2385854,1.38,0.06,1,Transit,Kepler,5444.0,13.481,372.05
Kepler-630 b,161.4743937,3.18,0.34,1,Transit,Kepler,5829.0,14.001,839.784
Kepler-1470 b,16.2950903,1.07,0.09,1,Transit,Kepler,4961.0,15.252,590.601
Kepler-1475 b,82.177374,2.92,0.99,1,Transit,Kepler,6214.0,15.36,1568.38
Kepler-1476 b,10.35863224,1.67,0.37,1,Transit,Kepler,5663.0,15.574,1002.74
Kepler-154 f,9.91935684,1.5,0.34,1,Transit,Kepler,5769.0,14.646,915.212
Kepler-1165 b,9.478522,1.55,0.5,1,Transit,Kepler,6080.0,14.521,1575.2
Kepler-1587 b,9.4060467,1.33,0.47,1,Transit,Kepler,5933.0,14.166,1026.48
Kepler-579 b,9.66857723,2.0,0.35,1,Transit,Kepler,5636.0,14.552,530.765
Kepler-1619 b,23.6225913,0.76,0.15,1,Transit,Kepler,5852.0,13.438,734.85
Kepler-132 e,110.2869374,1.18,0.16,1,Transit,Kepler,6023.0,11.922,349.549
Kepler-1471 b,3.63899398,1.41,0.2,1,Transit,Kepler,5660.0,15.421,978.678
Kepler-1554 b,198.088774,2.9,0.23,1,Transit,Kepler,5297.0,15.93,946.847
Kepler-541 b,5.08005848,3.36,0.58,1,Transit,Kepler,6166.0,13.383,1060.68
Kepler-1589 b,0.991665274,1.09,0.44,1,Transit,Kepler,6166.0,15.074,1513.14
Kepler-686 b,1.594745463,12.15,1.97,1,Transit,Kepler,5649.0,16.02,1490.94
Kepler-1473 b,14.4273551,1.19,0.09,1,Transit,Kepler,6046.0,13.486,652.253
Kepler-1472 b,38.1312831,1.9,0.76,1,Transit,Kepler,6159.0,14.666,1479.14
Kepler-1474 b,36.4333452,2.16,0.44,1,Transit,Kepler,5870.0,15.35,1180.9
Kepler-1556 b,8.82713457,1.96,0.4,1,Transit,Kepler,5608.0,15.651,944.54
Kepler-542 b,13.14497566,1.57,0.1,1,Transit,Kepler,5526.0,13.606,436.016
Kepler-1592 b,3.05710069,1.54,0.7,1,Transit,Kepler,6213.0,14.94,1639.47
Kepler-1623 b,4.36128348,1.31,0.31,1,Transit,Kepler,5772.0,15.205,837.481
Kepler-1622 b,10.8118737,1.47,0.68,1,Transit,Kepler,6436.0,13.437,796.477
Kepler-631 b,17.97979059,2.9,0.32,1,Transit,Kepler,6185.0,13.563,761.966
Kepler-1477 b,11.55530021,1.18,0.09,1,Transit,Kepler,5100.0,14.72,680.828
Kepler-1478 b,26.0840594,1.73,0.47,1,Transit,Kepler,5904.0,15.409,1845.58
Kepler-1558 b,3.50470358,0.68,0.06,1,Transit,Kepler,5101.0,13.809,325.737
Kepler-1557 b,3.74032496,1.53,0.5,1,Transit,Kepler,6099.0,15.383,1380.16
Kepler-544 b,21.41616926,2.12,0.19,1,Transit,Kepler,6206.0,13.667,963.18
Kepler-1442 b,81.4162941,3.93,0.41,1,Transit,Kepler,6394.0,12.114,608.68
Kepler-1435 b,4.45343281,0.86,0.12,1,Transit,Kepler,6356.0,12.984,704.211
Kepler-1559 b,0.971915428,0.72,0.07,1,Transit,Kepler,5316.0,14.549,614.827
Kepler-1596 b,66.373379,1.9,0.25,1,Transit,Kepler,5706.0,15.632,2146.23
Kepler-403 d,13.61159129,1.42,0.3,1,Transit,Kepler,6209.0,12.818,840.269
Kepler-1443 b,2.41811321,0.97,0.22,1,Transit,Kepler,6289.0,12.313,593.646
Kepler-1438 b,2.31942009,0.94,0.19,1,Transit,Kepler,5530.0,14.983,1154.13
Kepler-1562 b,64.2737752,3.55,1.0,1,Transit,Kepler,5760.0,15.303,2060.72
Kepler-1561 b,1.005207007,1.09,0.26,1,Transit,Kepler,5957.0,14.734,839.076
Kepler-1598 b,4.34195123,0.95,0.28,1,Transit,Kepler,5940.0,13.929,619.862
Kepler-1445 b,10.60052251,0.96,0.2,1,Transit,Kepler,6150.0,12.407,506.357
Kepler-511 b,296.637865,6.35,1.4,1,Transit,Kepler,5770.0,12.711,651.999
Kepler-1564 b,18.0540381,1.47,0.19,1,Transit,Kepler,5528.0,15.124,908.805
Kepler-1563 b,3.43276598,0.75,0.12,1,Transit,Kepler,5765.0,13.696,616.697
Kepler-1565 b,1.538188437,1.19,0.08,1,Transit,Kepler,4940.0,15.381,629.93
Kepler-1602 b,11.17931605,1.34,0.58,1,Transit,Kepler,6296.0,13.362,629.804
Kepler-1448 b,12.27065865,1.61,0.21,1,Transit,Kepler,5774.0,14.592,768.903
Kepler-1449 b,13.2274528,1.68,0.37,1,Transit,Kepler,5979.0,15.142,2006.48
Kepler-1566 b,0.539915238,0.79,0.08,1,Transit,Kepler,5254.0,14.564,466.586
Kepler-1567 b,153.979578,2.73,0.4,1,Transit,Kepler,5655.0,15.92,1206.11
Kepler-597 b,13.02365861,2.37,0.33,1,Transit,Kepler,5683.0,14.12,663.418
Kepler-1603 b,2.27163926,1.29,0.47,1,Transit,Kepler,6241.0,15.397,2712.58
Kepler-1450 b,54.5094166,1.71,0.13,1,Transit,Kepler,4524.0,15.923,505.829
Kepler-1451 b,35.622233,3.35,0.62,1,Transit,Kepler,5782.0,15.313,1058.72
Kepler-603 d,6.2171292,1.32,0.25,1,Transit,Kepler,5808.0,14.969,1539.63
Kepler-605 c,2.358951515,0.86,0.11,1,Transit,Kepler,5462.0,14.376,556.58
Kepler-1568 b,20.925392,1.3,0.21,1,Transit,Kepler,5956.0,14.138,916.313
Kepler-1606 b,196.435224,2.07,0.23,1,Transit,Kepler,5422.0,15.396,831.287
Kepler-1452 b,42.913751,2.7,0.39,1,Transit,Kepler,6101.0,13.215,996.32
Kepler-1571 b,3.38555488,1.52,0.68,1,Transit,Kepler,6297.0,13.975,675.303
Kepler-1570 b,26.548955,1.07,0.19,1,Transit,Kepler,5550.0,14.242,918.995
Kepler-1572 b,5.49548621,0.94,0.19,1,Transit,Kepler,5618.0,13.879,946.602
Kepler-1607 b,13.6473676,0.92,0.33,1,Transit,Kepler,6116.0,13.969,1286.1
Kepler-1609 b,114.34219,2.22,0.9,1,Transit,Kepler,6132.0,15.159,1826.04
Kepler-1457 b,51.1110243,1.99,0.31,1,Transit,Kepler,5866.0,14.066,889.885
Kepler-1458 b,47.9872764,2.76,0.42,1,Transit,Kepler,5653.0,14.434,544.45
Kepler-217 d,3.88689525,1.32,0.36,1,Transit,Kepler,6341.0,13.155,1104.64
Kepler-625 c,4.1653651,1.05,0.05,1,Transit,Kepler,5789.0,13.395,760.708
Kepler-653 c,0.900376476,0.78,0.13,1,Transit,Kepler,5665.0,13.498,595.634
Kepler-1575 b,2.55314213,1.31,0.2,1,Transit,Kepler,5667.0,15.53,1246.92
Kepler-578 b,1.616883696,2.0,0.18,1,Transit,Kepler,5334.0,14.578,541.432
Kepler-1461 b,29.3494775,2.03,0.09,1,Transit,Kepler,4919.0,15.828,679.106
Kepler-1541 b,8.40691199,1.16,0.1,1,Transit,Kepler,5282.0,13.944,416.692
Kepler-1576 b,6.98471973,1.04,0.29,1,Transit,Kepler,5876.0,13.439,460.91
Kepler-603 b,21.05358596,2.65,0.59,1,Transit,Kepler,5808.0,14.969,1539.63
Kepler-640 b,22.24813967,2.56,0.08,1,Transit,Kepler,5653.0,13.885,557.787
Kepler-722 b,4.093573252,2.63,0.71,1,Transit,Kepler,5863.0,15.489,1239.5
Kepler-634 b,5.16950177,1.89,0.3,1,Transit,Kepler,6075.0,13.626,888.027
Kepler-701 b,10.35533177,2.84,0.22,1,Transit,Kepler,5343.0,15.056,774.152
Kepler-709 b,16.08524954,2.92,0.18,1,Transit,Kepler,5071.0,15.261,664.843
Kepler-1625 b,287.378949,6.06,0.87,1,Transit,Kepler,5677.0,16.227,2310.11
Kepler-1501 b,14.5564533,1.56,0.68,1,Transit,Kepler,6229.0,13.683,749.06
Kepler-1500 b,15.0330105,1.2,0.22,1,Transit,Kepler,5845.0,14.728,1217.82
Kepler-1522 b,1.847889171,1.73,0.23,1,Transit,Kepler,5706.0,14.357,814.125
Kepler-702 b,10.526294063,9.17,0.84,1,Transit,Kepler,5419.0,15.437,992.071
Kepler-641 b,9.48961571,1.85,0.31,1,Transit,Kepler,5713.0,13.807,969.918
Kepler-1626 b,4.13962966,2.02,0.66,1,Transit,Kepler,6826.0,14.357,1368.83
Kepler-609 b,6.521210666,3.35,1.07,1,Transit,Kepler,5971.0,14.96,1065.82
Kepler-724 b,3.314946338,3.29,0.4,1,Transit,Kepler,5437.0,15.284,853.119
Kepler-1504 b,82.304003,2.13,0.23,1,Transit,Kepler,5393.0,15.883,2435.94
Kepler-1505 b,30.8609366,0.93,0.05,1,Transit,Kepler,5686.0,13.043,495.148
Kepler-1524 b,70.9674603,3.54,1.47,1,Transit,Kepler,6179.0,12.802,381.773
Kepler-495 b,3.413036221,5.23,0.42,1,Transit,Kepler,5346.0,14.942,658.924
Kepler-710 b,4.347285527,1.88,0.24,1,Transit,Kepler,5611.0,15.071,1448.34
Kepler-540 b,172.7049784,2.71,0.38,1,Transit,Kepler,5946.0,12.293,390.374
Kepler-1644 b,21.0907758,1.88,0.52,1,Transit,Kepler,5499.0,14.397,629.27
Kepler-1507 b,16.0506213,0.84,0.09,1,Transit,Kepler,5410.0,13.267,320.478
Kepler-1506 b,14.0329154,1.32,0.19,1,Transit,Kepler,5676.0,15.836,2366.02
Kepler-1086 c,161.5163345,2.94,0.11,1,Transit,Kepler,4350.0,16.002,466.084
Kepler-604 b,25.85501786,2.59,0.49,1,Transit,Kepler,5890.0,14.791,1026.49
Kepler-1627 b,7.20283653,3.69,0.49,1,Transit,Kepler,5445.0,13.111,317.437
Kepler-1510 b,84.703921,3.36,1.23,1,Transit,Kepler,6200.0,15.315,1696.25
Kepler-1511 b,23.2382792,1.68,0.69,1,Transit,Kepler,6064.0,13.564,1475.6
Kepler-1526 b,3.908632005,2.43,0.09,1,Transit,Kepler,4601.0,15.935,555.574
Kepler-643 b,16.33889626,10.16,0.35,1,Transit,Kepler,4908.0,13.988,1063.58
Kepler-642 b,4.41745855,2.9,1.3,1,Transit,Kepler,6570.0,13.335,781.582
Kepler-711 b,23.58914398,3.41,0.34,1,Transit,Kepler,5222.0,15.635,624.575
Kepler-726 b,21.80451088,3.26,0.32,1,Transit,Kepler,5452.0,15.362,762.081
Kepler-401 d,184.256405,2.27,0.4,1,Transit,Kepler,6184.0,13.366,965.56
Kepler-1512 b,20.35972599,1.18,0.07,1,Transit,Kepler,4372.0,13.451,162.0
Kepler-1528 b,1.791110205,1.46,0.25,1,Transit,Kepler,5857.0,14.576,817.534
Kepler-1529 b,5.33905686,2.1,0.15,1,Transit,Kepler,5048.0,15.297,661.014
Kepler-1388 d,20.9568158,2.86,0.12,1,Transit,Kepler,4098.0,16.43,453.795
Kepler-622 b,14.28226676,2.13,0.28,1,Transit,Kepler,4201.0,15.052,284.761
Kepler-1530 b,2.5904434,1.64,0.21,1,Transit,Kepler,5477.0,14.15,489.876
Kepler-1530 c,5.3227406,1.65,0.24,1,Transit,Kepler,5477.0,14.15,489.876
Kepler-1632 b,448.303558,2.47,0.84,1,Transit,Kepler,6137.0,13.22,716.76
Kepler-1631 b,4.09513932,1.35,0.2,1,Transit,Kepler,5679.0,15.673,1305.99
Kepler-1534 b,5.71668872,1.89,0.22,1,Transit,Kepler,5442.0,16.429,1107.0
Kepler-1531 b,1.138543376,1.11,0.48,1,Transit,Kepler,6260.0,13.202,666.334
Kepler-1093 c,89.722292,1.96,0.72,1,Transit,Kepler,6166.0,13.781,1072.88
Kepler-714 b,8.098887986,9.67,2.49,1,Transit,Kepler,5995.0,15.43,2083.37
Kepler-1633 b,186.404271,1.58,0.65,1,Transit,Kepler,6256.0,13.516,1114.91
Kepler-713 b,7.411141,2.48,0.5,1,Transit,Kepler,5785.0,15.171,1089.87
Kepler-1480 b,22.12679948,1.67,0.11,1,Transit,Kepler,5156.0,14.703,500.892
Kepler-1479 b,14.53261362,1.83,0.3,1,Transit,Kepler,5796.0,13.914,728.668
Kepler-1481 b,5.94220998,1.23,0.08,1,Transit,Kepler,4908.0,14.929,459.076
Kepler-990 c,0.538354308,1.53,0.35,1,Transit,Kepler,5948.0,14.716,802.163
Kepler-969 c,1.682934604,0.99,0.02,1,Transit,Kepler,5214.0,13.865,390.354
Kepler-489 b,17.276296119,7.72,0.17,1,Transit,Kepler,5014.0,14.221,369.645
Kepler-1532 b,1.093663559,1.35,0.18,1,Transit,Kepler,5559.0,15.293,798.246
Kepler-605 b,3.383538066,1.44,0.17,1,Transit,Kepler,5462.0,14.376,556.58
Kepler-1635 b,469.63111,3.64,0.33,1,Transit,Kepler,5347.0,15.82,1069.45
Kepler-1483 b,9.5085156,1.52,0.66,1,Transit,Kepler,6337.0,14.52,1273.78
Kepler-545 b,13.24934059,2.69,0.3,1,Transit,Kepler,5882.0,14.205,818.001
Kepler-636 b,16.080661147,4.45,0.14,1,Transit,Kepler,5203.0,13.906,310.301
Kepler-1016 c,105.6551369,3.68,0.65,1,Transit,Kepler,5821.0,15.531,1402.82
Kepler-1535 b,138.9442,2.55,0.25,1,Transit,Kepler,6021.0,14.385,897.733
Kepler-600 b,23.67517607,2.9,0.21,1,Transit,Kepler,5279.0,14.846,619.723
Kepler-717 b,4.40840023,2.42,0.25,1,Transit,Kepler,5485.0,15.756,2805.48
Kepler-1485 b,19.9157725,1.47,0.24,1,Transit,Kepler,6087.0,13.411,615.66
Kepler-1484 b,30.4549136,2.11,0.3,1,Transit,Kepler,5730.0,15.351,2879.83
Kepler-1486 b,54.6495759,2.32,0.58,1,Transit,Kepler,5965.0,15.317,1769.14
Kepler-342 e,1.644224613,0.88,0.08,1,Transit,Kepler,6366.0,13.2,781.611
Kepler-582 b,18.49235668,3.68,0.55,1,Transit,Kepler,5564.0,15.097,613.179
Kepler-1129 c,76.5369586,2.73,0.46,1,Transit,Kepler,5831.0,15.661,1183.88
Kepler-1538 b,175.138819,2.82,0.7,1,Transit,Kepler,5837.0,15.551,1125.3
Kepler-644 b,3.173917103,3.15,1.16,1,Transit,Kepler,6747.0,14.031,1318.05
Kepler-1487 b,7.31946363,2.13,0.85,1,Transit,Kepler,6541.0,13.6,1014.62
Kepler-581 b,40.6069821,2.63,0.56,1,Transit,Kepler,5772.0,14.701,703.758
Kepler-1516 b,7.25931979,1.75,0.49,1,Transit,Kepler,5904.0,14.65,1358.95
Kepler-1047 c,3.18897601,0.99,0.13,1,Transit,Kepler,5754.0,13.46,817.647
Kepler-1409 b,0.764864926,1.04,0.08,1,Transit,Kepler,5160.0,15.391,694.89
Kepler-585 b,2.752359753,2.83,0.55,1,Transit,Kepler,5593.0,14.188,585.187
Kepler-1488 b,39.8189932,1.86,0.42,1,Transit,Kepler,5820.0,13.146,905.825
Kepler-697 b,3.709870645,4.13,0.55,1,Transit,Kepler,5513.0,15.888,1277.33
Kepler-1425 b,14.4541302,0.94,0.19,1,Transit,Kepler,5718.0,13.681,863.873
Kepler-1350 c,1.766789062,1.73,0.12,1,Transit,Kepler,3827.0,16.577,340.691
Kepler-719 b,5.007317779,8.52,1.83,1,Transit,Kepler,5777.0,16.128,2497.51
Kepler-1491 b,16.5861762,1.51,0.35,1,Transit,Kepler,5728.0,15.796,2065.59
Kepler-1492 b,16.75255007,1.49,0.28,1,Transit,Kepler,4712.0,14.689,331.553
Kepler-698 b,16.32976218,3.68,0.45,1,Transit,Kepler,5612.0,15.716,1995.57
Kepler-1454 b,47.0319479,1.88,0.19,1,Transit,Kepler,5448.0,15.009,780.566
Kepler-460 c,220.1303357,5.52,2.07,1,Transit,Kepler,6146.0,13.834,1274.01
Kepler-720 b,4.708326542,8.41,1.61,1,Transit,Kepler,5618.0,15.462,1065.37
Kepler-547 b,6.010384289,4.0,0.13,1,Transit,Kepler,4828.0,14.48,378.972
Kepler-1494 b,91.080482,3.07,0.46,1,Transit,Kepler,5659.0,15.372,1285.48
Kepler-1520 b,0.653553572,5.77,0.22,1,Transit,Kepler,4677.0,16.002,607.917
Kepler-1065 c,2.37030743,1.6,0.24,1,Transit,Kepler,5635.0,15.744,1122.48
Kepler-707 b,2.237492751,1.33,0.09,1,Transit,Kepler,5099.0,15.022,591.776
Kepler-602 b,15.28469497,2.09,0.65,1,Transit,Kepler,6062.0,14.72,1159.31
Kepler-606 b,24.31575992,3.31,1.27,1,Transit,Kepler,6161.0,14.895,1215.11
Kepler-721 b,5.392025388,2.64,0.14,1,Transit,Kepler,5075.0,15.963,926.598
Kepler-937 c,153.343364,2.67,0.91,1,Transit,Kepler,6095.0,15.405,1571.46
Kepler-638 b,6.07972888,1.83,0.56,1,Transit,Kepler,5382.0,13.658,991.214
Kepler-1073 c,4.02582254,1.64,0.34,1,Transit,Kepler,5792.0,14.749,809.897
HATS-30 b,3.1743516,13.170575,0.582868,1,Transit,HATSouth,5943.0,12.283,342.14
K2-84 c,27.86,2.03,0.32,1,Transit,K2,5652.0,13.386,284.876
K2-88 b,4.6122,1.23,0.25,1,Transit,K2,3537.0,15.523,110.561
Kepler-615 b,10.35584657,1.74,0.09,1,Transit,Kepler,4655.0,14.623,330.0
Kepler-506 b,6.8834055,2.73,0.06,1,Transit,Kepler,6236.0,11.094,228.439
Kepler-668 b,8.35390639,2.7,0.23,1,Transit,Kepler,5352.0,15.365,784.618
Kepler-669 b,4.125546869,4.83,1.28,1,Transit,Kepler,6038.0,15.742,2063.41
HATS-15 b,1.74748753,12.385945,0.44836,1,Transit,HATSouth,5311.0,14.909,1139.55
HATS-16 b,2.686502,14.5717,1.68135,1,Transit,HATSouth,5738.0,13.957,757.044
K2-89 b,1.096026,0.615,0.08,1,Transit,K2,3691.0,14.162,86.0386
K2-91 b,1.419549,1.1,0.18,1,Transit,K2,3622.0,15.622,62.5785
Kepler-737 b,28.59915399,1.96,0.11,1,Transit,Kepler,3813.0,15.971,205.118
Kepler-670 b,2.816504852,13.18,2.94,1,Transit,Kepler,5709.0,15.162,939.744
Kepler-671 b,4.280958588,2.69,0.49,1,Transit,Kepler,5624.0,15.491,1168.26
K2-5 c,10.93241,2.26,0.62,1,Transit,K2,3930.0,14.974,202.943
K2-5 b,5.73594,1.91,0.44,1,Transit,K2,3930.0,14.974,202.943
Kepler-223 c,9.84564,3.44,0.2,1,Transit,Kepler,5803.0,15.69,1859.71
WASP-98 b,2.96264036,12.823096,0.381106,1,Transit,SuperWASP,5473.0,13.252,281.742
Kepler-223 b,7.38449,2.99,0.18,1,Transit,Kepler,5803.0,15.69,1859.71
Kepler-672 b,38.3774623,2.5,0.32,1,Transit,Kepler,5627.0,15.513,1033.93
Kepler-571 b,4.798599388,2.64,0.32,1,Transit,Kepler,5527.0,14.951,723.875
K2-16 b,7.6188,2.02,0.24,1,Transit,K2,4742.0,14.668,334.967
K2-16 c,19.07863,2.54,1.12,1,Transit,K2,4742.0,14.668,334.967
K2-8 c,5.06416,2.41,0.33,1,Transit,K2,4870.0,14.801,403.513
Kepler-223 d,14.78869,5.24,0.26,1,Transit,Kepler,5803.0,15.69,1859.71
Kepler-653 b,14.70748976,1.95,0.29,1,Transit,Kepler,5665.0,13.498,595.634
Kepler-742 b,8.360868238,3.24,0.11,1,Transit,Kepler,4642.0,15.357,489.253
Kepler-673 b,3.728731093,6.54,0.53,1,Transit,Kepler,5355.0,15.592,918.21
Kepler-154 d,20.54981883,3.84,0.32,1,Transit,Kepler,5769.0,14.646,915.212
HD 87646 b,13.481,12.4,,0,Radial Velocity,Apache Point Observatory,5770.0,8.07,73.58352
Kepler-80 e,4.64489,1.6,0.08,1,Transit,Kepler,4540.0,15.23,369.451
Kepler-654 b,13.72465129,2.07,0.37,1,Transit,Kepler,5865.0,13.762,974.124
Kepler-148 d,51.84688575,8.68,0.52,1,Transit,Kepler,5172.0,15.398,791.163
Kepler-676 b,11.59822172,3.04,0.14,1,Transit,Kepler,3701.0,17.15,295.196
WASP-85 A b,2.6556777,13.89916,0.33627,1,Transit,K2,6112.0,10.72,141.887
Kepler-80 f,0.9867873,1.21,0.06,1,Transit,Kepler,4540.0,15.23,369.451
Kepler-656 b,1.260259094,3.12,0.21,1,Transit,Kepler,5281.0,15.549,890.352
Kepler-655 b,46.4063358,2.71,0.41,1,Transit,Kepler,6170.0,13.568,752.562
Kepler-678 b,7.27503724,5.14,0.66,1,Transit,Kepler,5520.0,15.161,1826.15
Kepler-572 b,17.20523483,2.58,0.18,1,Transit,Kepler,5212.0,14.679,504.667
WASP-114 b,1.5487743,15.008851,0.717376,1,Transit,SuperWASP-North,5940.0,12.685,523.337
WASP-113 b,4.54216874538,15.793481,1.076064,1,Transit,SuperWASP-North,5890.0,11.761,435.156
HD 59686 A b,299.36,12.7,,0,Radial Velocity,Lick Observatory,4658.0,5.44299,89.2721
Kepler-679 b,12.39358604,3.01,0.32,1,Transit,Kepler,5403.0,15.771,922.244
Kepler-680 b,3.689926291,2.42,0.82,1,Transit,Kepler,5890.0,15.321,1492.48
K2-47 b,31.6372,1.89,0.26,1,Transit,K2,5054.0,14.065,349.881
K2-48 b,20.5065,2.24,0.24,1,Transit,K2,4899.0,14.345,313.764
Kepler-617 b,1.682696148,1.32,0.07,1,Transit,Kepler,3712.0,15.549,173.354
Kepler-588 b,4.221625357,2.63,0.5,1,Transit,Kepler,5835.0,14.8,1209.4
Kepler-573 b,22.18329658,2.79,0.36,1,Transit,Kepler,5746.0,14.292,771.471
Kepler-681 b,26.39435646,3.08,0.16,1,Transit,Kepler,5021.0,15.584,686.923
K2-49 b,2.77065,1.93,0.53,1,Transit,K2,4175.0,15.668,457.125
K2-58 b,7.05254,2.68,0.37,1,Transit,K2,5413.0,12.415,181.746
Kepler-1600 b,386.370548,3.13,0.28,1,Transit,Kepler,5214.0,16.076,1030.81
Kepler-727 b,5.154484417,2.53,0.35,1,Transit,Kepler,5441.0,15.453,831.842
Kepler-589 b,16.54964934,2.27,0.18,1,Transit,Kepler,5296.0,14.775,612.803
Kepler-660 b,9.27358194,2.57,0.11,1,Transit,Kepler,4779.0,15.559,568.431
K2-58 c,2.53726,1.62,0.23,1,Transit,K2,5413.0,12.415,181.746
K2-58 d,22.8827,1.71,0.25,1,Transit,K2,5413.0,12.415,181.746
Kepler-560 b,18.47764449,1.72,0.09,1,Transit,Kepler,3556.0,15.66,109.308
Kepler-550 b,8.600104109,4.42,0.34,1,Transit,Kepler,5322.0,14.626,531.944
Kepler-496 b,8.30864937,2.32,0.19,1,Transit,Kepler,5293.0,15.106,605.274
KELT-10 b,4.1662739,15.681391,0.773421,1,Transit,KELT-South,5948.0,10.617,188.404
Kepler-712 c,226.89047,4.85,0.26,1,Transit,Kepler,5148.0,16.161,872.493
K2-59 c,11.2954,2.3,0.29,1,Transit,K2,5055.0,14.266,311.313
K2-59 b,20.6921,2.41,0.31,1,Transit,K2,5055.0,14.266,311.313
Kepler-650 b,3.032145588,2.96,0.51,1,Transit,Kepler,5849.0,13.825,884.378
Kepler-728 b,5.743477265,3.34,0.45,1,Transit,Kepler,5660.0,15.585,1765.23
Kepler-663 b,4.99678284,2.6,0.2,1,Transit,Kepler,5264.0,15.881,1063.09
Kepler-1629 b,3.87595807,0.77,0.15,1,Transit,Kepler,5776.0,12.786,336.09
K2-64 b,6.53044,2.07,0.26,1,Transit,K2,5312.0,14.132,499.891
K2-63 b,20.257,3.22,0.99,1,Transit,K2,6771.0,12.98,517.534
Kepler-729 b,3.166353714,3.58,0.42,1,Transit,Kepler,5633.0,15.567,1921.15
Kepler-487 b,15.358768403,11.42,0.69,1,Transit,Kepler,5444.0,14.882,872.343
Kepler-618 b,3.595769645,2.6,0.78,1,Transit,Kepler,5860.0,15.087,1221.96
WASP-129 b,5.748145,10.42437,0.33627,1,Transit,SuperWASP-South,5900.0,12.179,301.462
WASP-133 b,2.176423,13.56289,0.56045,1,Transit,SuperWASP-South,5700.0,12.891,559.084
K2-69 b,7.06599,2.32,0.36,1,Transit,K2,4127.0,16.024,180.697
K2-68 b,8.05428,1.58,0.23,1,Transit,K2,4746.0,12.987,168.652
Kepler-590 b,5.85296257,4.02,1.09,1,Transit,Kepler,6000.0,14.554,1421.81
Kepler-664 b,2.525593315,2.66,0.68,1,Transit,Kepler,5754.0,15.663,1210.12
K2-75 b,7.8142,2.67,0.32,1,Transit,K2,5995.0,12.803,561.93
K2-71 b,6.98541,2.15,0.33,1,Transit,K2,4006.0,16.14,153.192
Kepler-591 b,81.1694299,3.39,0.55,1,Transit,Kepler,5677.0,14.628,785.137
HATS-25 b,4.2986432,14.12334,1.1209,1,Transit,HATSouth,5715.0,13.172,471.158
HATS-26 b,3.3023881,19.61575,2.35389,1,Transit,HATSouth,6071.0,13.006,861.843
K2-80 b,19.0918,2.01,0.3,1,Transit,K2,5441.0,12.694,200.802
K2-75 c,18.311,2.77,0.38,1,Transit,K2,5995.0,12.803,561.93
Kepler-736 b,3.60147201,2.93,0.17,1,Transit,Kepler,5217.0,15.809,1005.43
Kepler-735 b,11.51516988,2.95,0.16,1,Transit,Kepler,5107.0,15.492,695.059
Kepler-569 b,34.18890521,3.16,0.22,1,Transit,Kepler,5616.0,14.244,638.301
Kepler-592 b,2.820192408,2.39,0.58,1,Transit,Kepler,5913.0,14.846,1153.13
HATS-27 b,4.637038,16.8135,2.2418,1,Transit,HATSouth,6438.0,12.782,816.988
K2-83 c,9.99767,1.483,0.099,1,Transit,K2,3910.0,14.522,125.529
K2-84 b,6.4215,2.41,0.35,1,Transit,K2,5652.0,13.386,284.876
Kepler-562 b,18.009314436,5.21,0.64,1,Transit,Kepler,5575.0,14.908,992.769
Kepler-651 b,21.38521506,2.37,0.22,1,Transit,Kepler,5522.0,14.233,509.408
Kepler-593 b,21.21708973,2.87,0.69,1,Transit,Kepler,5967.0,14.622,973.76
Kepler-570 b,4.301662003,2.45,0.34,1,Transit,Kepler,5496.0,14.451,568.148
Kepler-1650 b,1.53818001,0.96,0.11,1,Transit,Kepler,3410.0,17.07,134.397
K2-178 b,8.747818,3.55790985,0.20414388,1,Transit,K2,5525.0,12.382,214.753
K2-72 c,15.189034,1.16,0.13,1,Transit,K2,3360.47,15.37,66.4321
WASP-53 b,3.3098443,12.038466,0.414733,1,Transit,Multiple Facilities,4953.0,12.591,201.338
K2-60 b,3.00265,7.655747,0.414733,1,Transit,K2,5500.0,12.857,491.87
Kepler-1651 b,9.87863917,1.84,0.11,1,Transit,Kepler,3713.0,13.86,66.4074
BD+03 2562 b,481.9,12.7,,0,Radial Velocity,Multiple Observatories,4095.0,9.577,1070.63
K2-72 e,24.158868,1.29,0.14,1,Transit,K2,3360.47,15.37,66.4321
K2-72 d,7.760178,1.01,0.12,1,Transit,K2,3360.47,15.37,66.4321
K2-81 b,6.102325,1.97,0.13,1,Transit,K2,4674.13,14.314,252.318
WASP-81 b,2.7164762,16.017661,0.571659,1,Transit,Multiple Facilities,5870.0,12.469,398.505
HD 177565 b,44.505,4.0,,0,Radial Velocity,La Silla Observatory,5627.0,6.15,16.9179
K2-201 c,22.779878,3.28568401,0.39804812,1,Transit,K2,5507.0,12.168,197.932
K2-201 b,1.05979,1.40006712,0.13501309,1,Transit,K2,5507.0,12.168,197.932
GJ 1148 b,41.38,11.9,,0,Radial Velocity,W. M. Keck Observatory,3287.0,11.939,11.0143
HD 17674 b,623.8,13.9,,0,Radial Velocity,Haute-Provence Observatory,5904.0,7.535,44.4264
HATS-22 b,4.7228124,10.682177,0.538032,1,Transit,HATSouth,4803.0,13.397,229.518
TYC 4282-00605-1 b,101.54,12.4,,0,Radial Velocity,Roque de los Muchachos Observatory,4300.0,10.465,464.128
K2-206 b,18.294549,2.79522879,0.22325706,1,Transit,K2,5043.0,13.084,244.443
K2-207 b,12.48749,2.60585269,0.36979751,1,Transit,K2,5522.0,13.175,363.064
K2-132 b,9.1751,14.5717,0.78463,1,Transit,K2,4840.0,12.071,609.818
WASP-153 b,3.332609,17.37395,1.1209,1,Transit,SuperWASP,5914.0,12.591,610.176
HATS-23 b,2.1605156,20.84874,3.3627,1,Transit,HATSouth,5780.0,13.84,639.004
HD 219134 b,3.092926,1.602,0.055,1,Radial Velocity,Roque de los Muchachos Observatory,4699.0,5.56911,6.53127
HD 40956 b,578.6,13.2,,0,Radial Velocity,Multiple Observatories,4869.0,6.42794,116.593
Ross 128 b,9.8658,1.11,,0,Radial Velocity,La Silla Observatory,3192.0,11.12,3.37454
K2-219 b,3.901287,1.34762583,0.20196772,1,Transit,K2,5753.0,12.09,325.4
HD 34445 c,214.67,8.42,,0,Radial Velocity,Multiple Observatories,5836.0,7.31,46.0907
HD 219134 d,46.859,1.61,0.02,0,Radial Velocity,Roque de los Muchachos Observatory,4699.0,5.56911,6.53127
HD 219134 f,22.717,1.31,0.02,0,Radial Velocity,Multiple Observatories,4699.0,5.56911,6.53127
OGLE-2016-BLG-1190L b,1220.0,12.3,,0,Microlensing,OGLE,,,6770.0
HD 113996 b,610.2,12.7,,0,Radial Velocity,Bohyunsan Optical Astronomical Observatory,4181.0,4.77044,116.334
K2-213 b,8.13087,1.51398464,0.29814572,1,Transit,K2,5794.0,11.803,389.702
K2-215 b,8.269648,2.12381238,0.25911151,1,Transit,K2,5704.0,12.99,403.964
HD 34445 d,117.87,6.07,,0,Radial Velocity,Multiple Observatories,5836.0,7.31,46.0907
HD 34445 g,5700.0,13.6,,0,Radial Velocity,Multiple Observatories,5836.0,7.31,46.0907
Kepler-20 g,34.94,4.71,,0,Radial Velocity,Multiple Observatories,5495.0,12.61,282.563
NGC 2682 Sand 978 b,511.21,13.3,,0,Radial Velocity,Multiple Observatories,4200.0,9.814,821.918
Kepler-80 g,14.64558,1.13,0.14,1,Transit,Kepler,4540.0,15.23,369.451
K2-217 b,14.074524,3.57854073,0.69817052,1,Transit,K2,5967.0,12.264,381.878
K2-218 b,8.679885,2.56948149,0.27525709,1,Transit,K2,5757.0,12.92,394.083
GJ 3293 c,122.6196,4.87,,0,Radial Velocity,La Silla Observatory,3466.0,11.945,20.1903
GJ 3293 b,30.5987,5.19,,0,Radial Velocity,La Silla Observatory,3466.0,11.945,20.1903
Wolf 1061 b,4.8869,1.21,,0,Radial Velocity,La Silla Observatory,3342.0,10.1,4.30592
K2-80 d,28.867253,2.55211506,0.2762906,1,Transit,K2,5377.0,12.694,200.802
Kepler-1652 b,38.09722,1.6,0.18,1,Transit,Kepler,3638.0,16.86,252.0
Wolf 1061 c,17.8719,1.66,,0,Radial Velocity,La Silla Observatory,3342.0,10.1,4.30592
PSR J2322-2650 b,0.322963997,13.9,,0,Pulsar Timing,Parkes Observatory,,,230.0
HATS-50 b,3.8297015,12.66617,0.840675,1,Transit,HATSouth,5990.0,14.045,756.742
tau Cet f,636.13,1.81,,0,Radial Velocity,Multiple Observatories,5310.0,3.49607,3.60304
WASP-91 b,2.798581,11.54527,0.44836,1,Transit,SuperWASP-South,4920.0,11.98,149.942
HD 9174 b,1179.0,13.7,,0,Radial Velocity,Multiple Observatories,5577.0,8.4,81.4893
HD 68402 b,1103.0,12.6,,0,Radial Velocity,Multiple Observatories,5950.0,9.11,78.4293
GJ 3138 b,1.22003,1.18,,0,Radial Velocity,La Silla Observatory,3717.0,10.8275,28.4712
WASP-105 b,7.87288,10.76064,0.33627,1,Transit,SuperWASP-South,5070.0,12.049,169.272
HD 147873 c,491.54,13.3,,0,Radial Velocity,Multiple Observatories,5972.0,7.96,109.055
HD 128356 b,298.2,13.9,,0,Radial Velocity,Multiple Observatories,4875.0,8.2411,26.1548
GJ 3138 d,257.8,3.23,,0,Radial Velocity,La Silla Observatory,3717.0,10.8275,28.4712
TYC 3318-01333-1 b,562.0,13.1,,0,Radial Velocity,Multiple Observatories,4776.0,9.901,490.61
GJ 625 b,14.628,1.49,,0,Radial Velocity,Multiple Observatories,3499.0,10.066,6.47249
GJ 3323 c,40.54,1.32,,0,Radial Velocity,La Silla Observatory,3159.0,12.57,5.37484
BD+48 740 b,733.0,13.5,,0,Radial Velocity,Multiple Observatories,4534.0,8.69,666.589
K2-21 b,9.325038,1.84,0.1,1,Transit,K2,4222.06,12.851,83.6448
K2-4 b,10.003417,2.1,0.2,1,Transit,K2,4014.73,14.855,231.828
K2-21 c,15.50192,2.49,0.17,1,Transit,K2,4222.06,12.851,83.6448
WASP-141 b,3.310651,13.56289,0.89672,1,Transit,SuperWASP-South,5900.0,12.65,516.543
K2-31 b,1.25785,11.88154,3.92315,1,Transit,K2,5280.0,10.802,110.527
GJ 3293 e,13.2543,1.63,,0,Radial Velocity,La Silla Observatory,3466.0,11.945,20.1903
GJ 3293 d,48.1345,2.67,,0,Radial Velocity,La Silla Observatory,3466.0,11.945,20.1903
K2-149 b,11.332,1.64,0.2,1,Transit,K2,3745.0,14.543,123.676
KELT-21 b,3.6127647,17.777474,0.437151,1,Transit,KELT-North,7598.0,10.484,470.878
K2-125 b,21.750264,2.18,0.19,1,Transit,K2,3654.47,16.4,124.156
V830 Tau b,4.927,14.0,,0,Radial Velocity,Multiple Observatories,4250.0,12.23,130.111
HATS-31 b,3.37796,18.38276,2.46598,1,Transit,HATSouth,6050.0,13.315,773.974
Kepler-150 f,637.2093,3.64,0.52,1,Transit,Kepler,5528.0,15.161,891.092
Qatar-3 b,2.5079204,12.285064,1.56926,1,Transit,Qatar,6007.0,12.929,735.601
K2-160 b,3.705871,3.17824034,0.21418014,1,Transit,K2,5649.0,12.838,315.363
K2-128 b,5.675819,1.42,0.16,1,Transit,K2,4469.51,12.58,114.637
KELT-18 b,2.8717518,17.59813,0.470778,1,Transit,KELT-North,6670.0,10.16,321.376
K2-163 b,6.673117,2.46610713,0.25681072,1,Transit,K2,4937.0,13.078,208.529
K2-165 b,2.354992,1.27443657,0.14459836,1,Transit,K2,5185.0,11.332,134.591
K2-35 c,5.608352,1.93,0.13,1,Transit,K2,4402.71,14.166,252.596
HATS-35 b,1.8209993,16.409976,0.773421,1,Transit,HATSouth,6300.0,12.609,514.555
K2-175 b,9.525988,2.03803688,0.35536293,1,Transit,K2,5909.0,10.836,247.266
K2-165 c,4.382745,1.55409035,0.20925649,1,Transit,K2,5185.0,11.332,134.591
K2-116 b,4.655411,0.69,0.04,1,Transit,K2,4348.35,10.8,49.3855
K2-102 b,9.915615,1.3,0.1,1,Transit,K2,4695.0,13.083,188.175
XO-6 b,3.7650007,23.20263,2.46598,1,Transit,XO,6720.0,10.247,235.479
HD 6434 b,21.998,14.2,,0,Radial Velocity,La Silla Observatory,5769.0,7.72,42.358
HD 68988 b,6.27711,13.4,,0,Radial Velocity,Multiple Observatories,5932.0,8.2,60.8447
HD 220074 b,672.09998,12.2,,0,Radial Velocity,Bohyunsan Optical Astronomical Observatory,3787.0,6.40607,324.54
WASP-58 b,5.01718,16.02887,1.56926,1,Transit,SuperWASP,5800.0,11.652,290.404
K2-231 b,13.841901,2.5,0.2,1,Transit,K2,5695.0,12.768,321.215
HATS-39 b,4.5776348,17.59813,1.34508,1,Transit,HATSouth,6572.0,12.745,878.521
HD 137388 b,330.0,9.32,,0,Radial Velocity,La Silla Observatory,5181.0,8.71,40.4841
HD 13931 b,4218.0,13.2,,0,Radial Velocity,W. M. Keck Observatory,5867.0,7.61,47.3963
HD 75289 b,3.50927,14.2,,0,Radial Velocity,La Silla Observatory,6117.0,6.35,29.1158
WASP-72 b,2.21673,14.45961,2.01762,1,Transit,SuperWASP,6250.0,10.868,434.754
HATS-40 b,3.2642736,17.71022,1.79344,1,Transit,HATSouth,6460.0,13.478,1342.29
HATS-41 b,4.193649,14.90797,3.25061,1,Transit,HATSouth,6424.0,12.678,737.668
HD 142022 A b,1928.0,12.9,,0,Radial Velocity,La Silla Observatory,5421.0,7.7,34.2802
HD 145377 b,103.95,12.8,,0,Radial Velocity,La Silla Observatory,6014.0,9.236,53.4884
HD 76700 b,3.97097,9.6,,0,Radial Velocity,Anglo-Australian Telescope,5644.0,8.16,60.8831
HD 82886 b,705.0,13.3,,0,Radial Velocity,W. M. Keck Observatory,4953.0,7.62,127.061
HD 24040 b,3668.0,12.9,,0,Radial Velocity,W. M. Keck Observatory,5802.0,7.515,46.6224
HD 222155 b,3999.0,13.4,,0,Radial Velocity,Haute-Provence Observatory,5701.0,7.11716,50.6078
HD 158996 b,820.2,12.3,,0,Radial Velocity,Bohyunsan Optical Astronomical Observatory,4069.0,5.72291,283.659
KPS-1 b,1.706291,11.54527,1.45717,1,Transit,Acton Sky Portal Observatory,5165.0,12.97,262.706
HD 154672 b,163.94,12.8,,0,Radial Velocity,Las Campanas Observatory,5743.0,8.21,63.0484
KELT-6 b,7.8457,14.5717,1.00881,1,Transit,KELT,6102.0,10.371,240.726
HAT-P-49 b,2.69155,17.82231,2.01762,1,Transit,HATNet,6820.0,10.205,350.351
K2-155 c,13.85,2.6,0.7,1,Transit,K2,4258.0,12.773,72.7998
HD 158038 b,521.0,13.5,,0,Radial Velocity,W. M. Keck Observatory,4860.0,7.47,94.8625
HR 810 b,302.79999,12.7,,0,Radial Velocity,La Silla Observatory,6167.0,5.4,17.3181
BD-13 2130 b,714.29999,12.5,,0,Radial Velocity,La Silla Observatory,4545.0,10.038,925.214
HD 285507 b,6.0881,13.8,,0,Radial Velocity,Fred Lawrence Whipple Observatory,4503.0,10.49,45.0293
WASP-117 b,10.02165,11.88154,0.78463,1,Transit,SuperWASP,6040.0,10.139,157.963
K2-155 d,40.718,1.9,0.7,1,Transit,K2,4258.0,12.773,72.7998
HD 16175 b,990.0,12.8,,0,Radial Velocity,Lick Observatory,5981.0,7.297,59.859
HD 16141 b,75.523,10.9,,0,Radial Velocity,W. M. Keck Observatory,5757.0,6.834,37.7861
WASP-11 b,3.72247,12.44199,1.1209,1,Transit,SuperWASP,4800.0,11.567,124.73
WASP-13 b,4.35301,13.67498,1.56926,1,Transit,SuperWASP,5950.0,10.424,227.537
WASP-95 b,2.18467,13.78707,1.00881,1,Transit,SuperWASP,5830.0,10.092,137.544
WASP-97 b,2.07276,12.77826,0.67254,1,Transit,SuperWASP,5640.0,10.57,151.068
11 UMi b,516.21997,12.3,,0,Radial Velocity,Thueringer Landessternwarte Tautenburg,4213.0,5.013,125.321
HD 1690 b,533.0,12.5,,0,Radial Velocity,La Silla Observatory,4374.0,9.19,752.615
WASP-14 b,2.24375,15.46842,0.89672,1,Transit,SuperWASP,6475.0,9.745,161.997
WASP-101 b,3.58572,16.02887,1.00881,1,Transit,SuperWASP,6380.0,10.336,201.224
BD-10 3166 b,3.48777,14.1,,0,Radial Velocity,W. M. Keck Observatory,5393.0,10.013,84.4069
GJ 86 b,15.76491,12.9,,0,Radial Velocity,La Silla Observatory,5182.0,6.12,10.7836
WASP-22 b,3.53269,13.78707,1.56926,1,Transit,SuperWASP,6000.0,11.99,317.652
HD 95127 b,482.0,12.4,,0,Radial Velocity,McDonald Observatory,4218.0,8.15,676.579
WASP-82 b,2.70579,18.15858,1.45717,1,Transit,SuperWASP,6480.0,10.073,275.664
HD 204941 b,1733.0,10.1,,0,Radial Velocity,La Silla Observatory,5026.0,8.45,28.7165
WASP-29 b,3.92273,8.63093,0.78463,1,Transit,SuperWASP,4800.0,11.331,87.5953
WASP-26 b,2.7566,13.56289,1.68135,1,Transit,SuperWASP,6034.0,11.297,252.759
K2-164 b,17.355066,3.24925008,0.51526655,1,Transit,K2,5791.0,11.352,375.67
K2-169 b,6.380803,1.27328671,0.10733117,1,Transit,K2,5548.0,12.23,235.867
HAT-P-22 b,3.21222,12.89035,2.12971,1,Transit,HATNet,5302.0,9.763,81.7647
HAT-P-24 b,3.35524,14.5717,2.35389,1,Transit,HATNet,6373.0,11.762,415.344
HD 212301 b,2.24571,14.2,,0,Radial Velocity,La Silla Observatory,6239.0,7.76,54.2304
WASP-38 b,6.87188,13.78707,0.67254,1,Transit,SuperWASP,6180.0,9.391,136.24
K2-170 b,7.576544,1.41817537,0.20164964,1,Transit,K2,5748.0,12.668,392.872
K2-171 b,5.628466,2.68657205,0.40023833,1,Transit,K2,5250.0,12.745,606.128
HAT-P-29 b,5.72319,13.11453,1.45717,1,Transit,HATNet,6087.0,11.825,313.576
HD 213240 b,882.70001,12.8,,0,Radial Velocity,La Silla Observatory,5979.0,6.81,40.8707
WASP-41 b,3.0524,12.3299,0.56045,1,Transit,SuperWASP,5545.0,11.632,163.371
WASP-48 b,2.14363,16.8135,2.2418,1,Transit,SuperWASP,5920.0,11.647,454.144
K2-172 b,14.316941,1.66608079,0.15959489,1,Transit,K2,5569.0,12.5,249.742
K2-172 c,29.62682,3.20569097,0.18890159,1,Transit,K2,5569.0,12.5,249.742
K2-190 b,10.098858,1.35673729,0.17627893,1,Transit,K2,5631.0,11.138,160.679
HAT-P-5 b,2.78849,13.56289,1.1209,1,Transit,HATNet,5960.0,11.954,303.336
HAT-P-6 b,3.85298,16.58932,1.68135,1,Transit,HATNet,6570.0,10.469,275.358
HD 218566 b,225.7,9.32,,0,Radial Velocity,W. M. Keck Observatory,4730.0,8.6,28.8274
HD 240237 b,745.70001,12.2,,0,Radial Velocity,McDonald Observatory,3926.0,8.19,933.377
XO-1 b,3.94153,12.77826,0.78463,1,Transit,XO,5750.0,11.251,163.553
XO-4 b,4.12508,14.01125,0.89672,1,Transit,Lowell Observatory,6397.0,10.814,272.655
K2-191 b,2.858646,1.57889322,0.26523273,1,Transit,K2,5176.0,13.329,287.188
K2-200 b,2.849883,1.3643987,0.143471,1,Transit,K2,5233.0,12.428,184.131
HD 101930 b,70.46,10.6,,0,Radial Velocity,La Silla Observatory,5108.0,8.21,30.0274
HD 2638 b,3.4442,14.3,,0,Radial Velocity,La Silla Observatory,5186.0,9.44,54.9621
HD 30562 b,1157.0,13.6,,0,Radial Velocity,Lick Observatory,5882.0,5.77466,26.1597
KELT-2 A b,4.11379,15.13215,0.89672,1,Transit,KELT,6327.0,8.68,134.058
Pr0201 b,4.4264,14.2,,0,Radial Velocity,Fred Lawrence Whipple Observatory,6174.0,10.445,180.64
K2-173 b,5.868699,1.60826194,0.15968465,1,Transit,K2,5580.0,12.523,228.641
HD 102195 b,4.11377,14.2,,0,Radial Velocity,Kitt Peak National Observatory,5301.0,8.07,29.3386
HD 102117 b,20.8133,8.47,,0,Radial Velocity,La Silla Observatory,5655.0,7.47,39.5792
HD 330075 b,3.38773,14.3,,0,Radial Velocity,La Silla Observatory,5000.0,9.36,45.2989
HD 34445 b,1049.0,13.9,,0,Radial Velocity,W. M. Keck Observatory,5879.0,7.31,46.0907
HD 77338 b,5.7361,4.12,,0,Radial Velocity,La Silla Observatory,5341.0,8.63,45.935
HAT-P-40 b,4.45724,17.03768,1.90553,1,Transit,HATNet,6080.0,11.34,464.469
HD 103197 b,47.84,5.83,,0,Radial Velocity,La Silla Observatory,5250.0,9.4,57.1463
HD 108874 b,394.48123,13.6,,0,Radial Velocity,W. M. Keck Observatory,5600.0,8.76,59.5175
HD 40979 b,264.14999,12.9,,0,Radial Velocity,Multiple Observatories,6165.0,6.75512,34.0883
HD 4203 b,431.88,13.3,,0,Radial Velocity,W. M. Keck Observatory,5596.0,8.7,81.3795
WASP-49 b,2.78174,12.44199,1.23299,1,Transit,SuperWASP,5600.0,11.352,194.553
HD 121504 b,63.33,13.6,,0,Radial Velocity,La Silla Observatory,6027.0,7.54,41.6592
HD 47186 b,4.0845,5.02,,0,Radial Velocity,La Silla Observatory,5657.0,7.63,37.4574
WASP-66 b,4.08605,15.6926,3.13852,1,Transit,SuperWASP,6600.0,11.605,500.258
WASP-67 b,4.61442,12.89035,1.23299,1,Transit,SuperWASP,5200.0,12.537,189.469
K2-197 b,8.357881,2.56,0.16,1,Transit,K2,5667.0,12.199,247.637
HD 185269 b,6.83776,13.8,,0,Radial Velocity,Lick Observatory,5923.0,6.67973,51.9917
HD 181342 b,564.1,13.2,,0,Radial Velocity,W. M. Keck Observatory,4945.0,7.55,120.391
K2-240 b,6.034,2.0,0.2,1,Transit,K2,3810.0,13.372,72.9105
CoRoT-20 c,1675.0,12.2,,0,Radial Velocity,Multiple Observatories,5880.0,14.63,844.061
HD 89345 b,11.8143,7.39794,0.313852,1,Transit,K2,5576.0,9.38,132.345
WASP-158 b,3.656333,11.99363,1.68135,1,Transit,SuperWASP-South,6350.0,12.044,524.993
HD 200964 b,606.3,13.5,,0,Radial Velocity,Lick Observatory,4982.0,6.48605,72.5922
K2-238 b,3.20466,14.5717,1.68135,1,Transit,K2,5630.0,13.973,537.963
WASP-162 b,9.62468,11.209,0.56045,1,Transit,SuperWASP-South,5300.0,12.213,310.841
WASP-168 b,4.153658,16.8135,5.6045,1,Transit,SuperWASP-South,6000.0,12.124,303.941
HD 28678 b,380.2,13.5,,0,Radial Velocity,W. M. Keck Observatory,4972.0,8.38,189.908
HD 30856 b,847.0,13.5,,0,Radial Velocity,W. M. Keck Observatory,4895.0,7.91,131.199
K2-244 b,21.06884,1.75,0.13,1,Transit,K2,5677.0,11.78,212.902
K2-266 b,0.658524,3.3,1.8,1,Transit,K2,4285.0,11.625,77.5586
K2-266 c,7.814,0.705,0.096,1,Transit,K2,4285.0,11.625,77.5586
WASP-173 A b,1.38665318,13.4508,0.67254,1,Transit,SuperWASP-South,5800.0,11.15,232.98
HD 5319 b,637.1,13.5,,0,Radial Velocity,W. M. Keck Observatory,4871.0,8.05,121.405
K2-159 b,12.42205,2.26,0.17,1,Transit,K2,5425.0,11.995,170.998
K2-266 e,19.482,2.73,0.14,1,Transit,K2,4285.0,11.625,77.5586
K2-266 d,14.697,2.93,0.14,1,Transit,K2,4285.0,11.625,77.5586
WASP-147 b,4.60273,12.498035,1.56926,1,Transit,SuperWASP-South,5702.0,12.681,436.098
WASP-160 B b,3.7684952,12.21781,0.526823,1,Transit,SuperWASP-South,5298.0,13.04,288.326
HD 95089 c,1785.0,13.1,,0,Radial Velocity,W. M. Keck Observatory,4918.0,7.92,136.957
K2-166 b,8.52695,2.19,0.2,1,Transit,K2,5960.0,12.081,476.882
HATS-36 b,4.175186,12.92,0.38,1,Transit,HATSouth,5950.0,14.364,856.436
WASP-165 b,3.465509,14.12334,2.12971,1,Transit,SuperWASP-South,5599.0,12.816,602.236
HD 96063 b,362.5,13.7,,0,Radial Velocity,W. M. Keck Observatory,5020.0,8.21,140.065
K2-228 b,2.69828,1.21,0.1,1,Transit,K2,4715.0,13.028,129.46
K2-283 b,1.921036,3.52,0.16,1,Transit,K2,5060.0,14.364,402.915
K2-151 b,3.835476,1.49,0.08,1,Transit,K2,3695.0,14.175,69.4798
K2-281 b,8.687721,8.18,0.21,1,Transit,K2,4812.0,15.048,458.139
K2-216 b,2.1748,1.75,0.17,1,Transit,K2,4503.0,12.403,115.461
HD 5319 c,872.2,13.8,,0,Radial Velocity,W. M. Keck Observatory,4871.0,8.05,121.405
K2-230 b,2.86041,1.96,0.18,1,Transit,K2,5945.0,12.789,540.773
K2-188 b,1.742169,1.35,0.11,1,Transit,K2,5977.0,12.657,446.821
GJ 96 b,73.94,4.67,,0,Radial Velocity,Haute-Provence Observatory,3785.0,9.4,11.9315
HD 94834 b,1576.0,13.7,,0,Radial Velocity,W. M. Keck Observatory,4798.0,7.6,98.1609
K2-153 b,7.51574,2.0,0.21,1,Transit,K2,3845.0,14.96,143.125
HATS-11 b,3.619188,18.03,0.72,1,Transit,HATSouth,6563.0,14.06,944.603
K2-241 b,26.8199,2.55,0.18,1,Transit,K2,5262.0,11.97,149.464
K2-117 c,5.444017,2.06,0.12,1,Transit,K2,3778.0,14.639,101.632
K2-284 b,4.795069,2.78,0.14,1,Transit,K2,4140.0,13.265,107.272
HD 12648 b,133.60001,13.4,,0,Radial Velocity,Bohyunsan Optical Astronomical Observatory,4835.0,6.98656,182.192
K2-243 b,11.54182,2.17,0.14,1,Transit,K2,6570.0,10.971,266.864
K2-117 b,1.2916,2.03,0.1,1,Transit,K2,3778.0,14.639,101.632
K2-312 c,871.32,12.8,,0,Radial Velocity,Roque de los Muchachos Observatory,5959.0,9.452,109.86
K2-245 b,11.89307,4.34,0.19,1,Transit,K2,5793.0,12.755,456.064
K2-270 c,4.400028,2.95,0.16,1,Transit,K2,4877.0,13.847,280.518
HATS-59 b,5.416081,12.621334,0.863093,1,Transit,HATSouth,5670.0,14.033,642.884
KELT-15 b,3.32944,19.50366,2.2418,1,Transit,KELT-South,6003.0,11.39,324.683
K2-247 b,2.25021,2.12,0.19,1,Transit,K2,4667.0,14.857,258.113
EPIC 211945201 b,19.49221,5.76,0.3,1,Transit,K2,6069.0,10.154,181.69
CoRoT-21 b,2.72474,14.5717,1.56926,1,Transit,CoRoT,6200.0,16.058,1398.83419686
70 Vir b,116.688,12.6,,0,Radial Velocity,Lick Observatory,5495.0,4.96808,17.9011
K2-39 b,4.60543,6.27704,1.68135,1,Transit,K2,4881.0,10.831,307.47
K2-248 b,7.17256,2.57,0.2,1,Transit,K2,5528.0,13.497,406.254
K2-276 b,18.718269,3.77,0.21,1,Transit,K2,5139.0,14.654,488.152
HD 102956 b,6.4947,13.8,,0,Radial Velocity,W. M. Keck Observatory,4985.0,7.86,121.89
HD 108863 b,437.7,13.3,,0,Radial Velocity,W. M. Keck Observatory,4878.0,7.71,164.742
HATS-7 b,3.185315,6.310667,0.515614,1,Transit,HATSouth,4985.0,13.347,240.707
K2-252 b,13.81513,1.74,0.17,1,Transit,K2,5152.0,12.93,228.839
K2-188 c,7.810253,2.83,0.15,1,Transit,K2,5977.0,12.657,446.821
HD 131496 b,896.0,13.4,,0,Radial Velocity,W. M. Keck Observatory,4846.0,7.8,131.849
HD 1502 b,428.5,13.2,,0,Radial Velocity,W. M. Keck Observatory,4947.0,8.36,190.953
NGTS-3 A b,1.6753728,16.58932,4.14733,1,Transit,Next-Generation Transit Survey (NGTS),5600.0,14.669,743.972
K2-254 b,4.09639,1.63,0.28,1,Transit,K2,4629.0,14.238,227.775
K2-192 b,4.162817,1.52,0.13,1,Transit,K2,5222.0,12.656,221.753
K2-239 c,7.775,1.0,0.1,1,Transit,K2,3420.0,14.632,31.0849
K2-258 b,19.0921,3.0,0.21,1,Transit,K2,6351.0,13.361,661.873
HD 70642 b,2124.54,13.0,,0,Radial Velocity,Anglo-Australian Telescope,5732.0,7.17,29.276
HATS-69 b,2.2252577,10.592505,0.246598,1,Transit,HATSouth,5137.0,14.074,414.537
HD 117618 b,25.8,8.59,,0,Radial Velocity,Anglo-Australian Telescope,5990.0,7.17,37.7781
NGTS-4 b,1.3373508,3.18,0.26,1,Transit,Next-Generation Transit Survey (NGTS),5143.0,13.138,280.555
K2-295 b,4.024867,10.054473,0.123299,1,Transit,K2,4444.0,13.8941,232.801
Kepler-730 b,6.491682808,12.3299,0.526823,1,Transit,Kepler,5620.0,15.782,1935.04
K2-133 c,4.86784,1.603,0.09,1,Transit,K2,3655.0,14.073,75.1703
K2-133 d,11.02454,2.003,0.107,1,Transit,K2,3655.0,14.073,75.1703
HAT-P-25 b,3.65281514,12.722215,0.538032,1,Transit,HATNet,5519.0,13.146,300.384
HD 89744 b,256.78,12.6,,0,Radial Velocity,Fred Lawrence Whipple Observatory,6291.0,5.73469,38.6364
HD 65216 c,5370.0,13.4,,0,Radial Velocity,La Silla Observatory,5612.0,7.97,35.1205
K2-133 e,26.5841,1.73,0.14,1,Transit,K2,3655.0,14.073,75.1703
EPIC 201497682 b,2.13174,0.692,0.059,1,Transit,K2,4991.0,13.948,253.026
K2-290 c,48.36685,11.276254,0.56045,1,Transit,K2,6302.0,11.114,272.909
HAT-P-34 b,5.452654,13.417173,1.45717,1,Transit,HATNet,6442.0,10.403,249.325
EPIC 201754305 d,2.71578,1.03,0.085,1,Transit,K2,4761.0,14.668,334.967
EPIC 201833600 c,3.96151,1.0,0.12,1,Transit,K2,4326.0,14.705,257.443
HAT-P-36 b,1.32734683,14.313893,0.22418,1,Transit,HATNet,5620.0,12.146,294.419
K2-52 b,3.535055,18.0,2.2,1,Transit,K2,7147.0,15.93,1038.41
K2-53 b,12.20772,2.6,0.1,1,Transit,K2,5263.0,12.634,138.018
K2-293 b,13.1225,2.45,0.35,1,Transit,K2,5532.0,13.44,392.251
TOI-172 b,9.47725,10.816685,0.358688,1,Transit,Transiting Exoplanet Survey Satellite (TESS),5645.0,11.299,342.831
EPIC 206024342 b,4.50756,1.7,0.59,1,Transit,K2,5724.0,13.096,369.888
EPIC 206032309 b,2.87814,1.01,0.24,1,Transit,K2,3489.0,17.89,161.365
HAT-P-9 b,3.92281072,15.614137,0.751003,1,Transit,HATNet,6350.0,12.344,455.203
HATS-24 b,1.3484978,15.636555,0.638913,1,Transit,HATSouth,6125.0,12.915,494.182
K2-90 b,13.733314,2.6,0.1,1,Transit,K2,4484.0,13.707,134.188
K2-294 b,2.50387,1.66,0.21,1,Transit,K2,5612.0,12.649,373.078
GJ 685 b,24.16,2.95,,0,Radial Velocity,Roque de los Muchachos Observatory,3816.0,9.98,14.3155
EPIC 206317286 b,1.58252,0.96,0.11,1,Transit,K2,4752.0,14.005,314.35
K2-308 b,3.38628,9.916,0.985,1,Transit,K2,6100.0,15.072,1314.53
Kepler-9 c,38.9853,8.08,0.54,1,Transit,Kepler,5774.0,13.922,628.257
K2-124 b,6.413651,2.9,0.1,1,Transit,K2,3570.0,16.692,140.385
HD 92788 b,325.803,13.0,,0,Radial Velocity,Multiple Observatories,5744.0,7.31637,34.6538
Kepler-25 c,12.7207,5.217,0.07,1,Transit,Kepler,6354.0,10.769,243.249
WASP-33 b,1.21987,17.855937,0.829466,1,Transit,SuperWASP,7430.0,8.14,121.944
HD 134060 c,1291.5646,5.91,,0,Radial Velocity,La Silla Observatory,5966.0,6.29,24.0125
WASP-177 b,3.071722,17.71022,7.39794,1,Transit,SuperWASP,5017.0,12.312,176.818
WASP-181 b,4.5195064,13.271456,0.795839,1,Transit,SuperWASP,5839.0,12.924,437.495
Kepler-25 b,6.238297,2.748,0.038,1,Transit,Kepler,6354.0,10.769,243.249
WASP-161 b,5.4060425,12.811887,0.728585,1,Transit,SuperWASP-South,6400.0,11.079,343.08
WASP-163 b,1.6096884,13.473218,1.087273,1,Transit,SuperWASP-South,5500.0,12.663,261.386
HD 20781 b,5.3135,1.21,,0,Radial Velocity,La Silla Observatory,5256.0,8.48,35.9715
HD 20003 b,11.8482,3.43,,0,Radial Velocity,La Silla Observatory,5494.0,8.39,41.8316
Kepler-47 c,303.227,4.65,0.09,1,Transit,Kepler,5636.0,15.31,1025.02
Gl 49 b,13.8508,2.24,,0,Radial Velocity,Multiple Observatories,3805.0,9.56,9.8528
HD 21693 b,22.6786,2.8,,0,Radial Velocity,La Silla Observatory,5430.0,7.95,33.255
HD 20781 c,13.8905,2.17,,0,Radial Velocity,La Silla Observatory,5256.0,8.48,35.9715
Kepler-47 d,187.366,7.04,0.66,1,Transit,Kepler,5636.0,15.31,1025.02
LSPM J2116+0234 b,14.4399,3.71,,0,Radial Velocity,Calar Alto Observatory,3475.0,11.961,17.6297
K2-285 e,14.76289,1.95,0.05,1,Transit,K2,4975.0,12.075,154.961
K2-285 d,10.45582,2.48,0.06,1,Transit,K2,4975.0,12.075,154.961
HD 31527 b,16.5535,3.22,,0,Radial Velocity,La Silla Observatory,5898.0,7.49,38.4473
HD 31527 d,271.6737,3.46,,0,Radial Velocity,La Silla Observatory,5898.0,7.49,38.4473
HD 21749 c,7.78993,0.892,0.064,1,Transit,Transiting Exoplanet Survey Satellite (TESS),4640.0,8.08,16.32
HD 114729 b,1121.79,13.9,,0,Radial Velocity,W. M. Keck Observatory,5844.0,6.68,37.8063
K2-286 b,27.359,2.1,0.2,1,Transit,K2,3926.0,12.881,76.1486
Qatar-9 b,1.540731,11.309881,0.156926,1,Transit,Qatar,4309.0,14.023,213.771
HD 126525 b,960.41,10.3,,0,Radial Velocity,La Silla Observatory,5638.0,7.85,37.6506
HD 117207 b,2621.75,13.4,,0,Radial Velocity,W. M. Keck Observatory,5732.0,7.26,32.3547
HD 143361 b,1039.15,12.9,,0,Radial Velocity,Las Campanas Observatory,5507.0,9.2,68.5146
K2-288 B b,31.393463,1.9,0.3,1,Transit,K2,3341.0,13.868,65.6138
HATS-60 b,3.560829,12.923977,0.594077,1,Transit,HATSouth,5688.0,12.662,486.474
HD 20781 e,85.5073,3.83,,0,Radial Velocity,La Silla Observatory,5256.0,8.48,35.9715
HD 45184 c,13.1354,2.91,,0,Radial Velocity,La Silla Observatory,5869.0,6.383,21.9532
HD 152079 b,2918.92,13.2,,0,Radial Velocity,Las Campanas Observatory,5907.0,9.18,87.8888
HATS-62 b,3.2768837,11.825495,0.280225,1,Transit,HATSouth,5416.0,14.171,523.067
HATS-63 b,3.0566527,13.529263,0.437151,1,Transit,HATSouth,5627.0,13.992,623.232
HATS-70 b,1.8882378,15.513256,0.885511,1,Transit,HATSouth,7930.0,12.227,1458.83
K2-264 b,5.840002,2.231,0.151,1,Transit,K2,3660.0,16.701,185.605
HD 103949 b,120.878,3.35,,0,Radial Velocity,Las Campanas Observatory,4792.0,8.7,26.4997
HIP 35173 b,41.516,3.61,,0,Radial Velocity,Las Campanas Observatory,4881.0,9.01,33.1562
HD 23127 b,1211.17,13.5,,0,Radial Velocity,Anglo-Australian Telescope,5843.0,8.58,93.8555
HD 25171 b,1802.29,13.9,,0,Radial Velocity,La Silla Observatory,6125.0,7.77,55.6146
HATS-65 b,3.105161,16.824709,0.56045,1,Transit,HATSouth,6277.0,12.679,493.32
HATS-66 b,3.1414391,15.815899,0.941556,1,Transit,HATSouth,6626.0,14.283,1477.98
HD 1397 b,11.53533,11.500434,0.280225,1,Transit,Transiting Exoplanet Survey Satellite (TESS),5521.0,7.79,79.5702
HD 64114 b,45.791,4.41,,0,Radial Velocity,Las Campanas Observatory,5676.0,7.71,31.5262
HD 206255 b,96.045,6.47,,0,Radial Velocity,Las Campanas Observatory,5635.0,7.62,75.2363
HD 38801 b,685.25,12.5,,0,Radial Velocity,Subaru Telescope,5338.0,8.26,91.4349
HATS-67 b,1.6091788,18.887165,0.526823,1,Transit,HATSouth,6594.0,13.698,960.109
HATS-68 b,3.5862202,13.809488,0.437151,1,Transit,HATSouth,6147.0,12.312,603.955
Gl 378 b,3.822,3.66,,0,Radial Velocity,Haute-Provence Observatory,3879.0,10.03,14.9545
WASP-190 b,5.367753,12.89035,1.00881,1,Transit,WASP-South,6400.0,11.645,542.251
Kepler-1610 c,44.9851885,2.09,0.35,1,Transit,Kepler,5295.0,16.077,864.331
XO-7 b,2.8641424,15.389957,0.291434,1,Transit,XO,6250.0,10.521,234.149
HATS-55 b,4.2042001,14.022459,0.291434,1,Transit,HATSouth,6214.0,13.525,609.838
Kepler-1996 c,92.7297248,2.81,0.2,1,Transit,Kepler,4580.0,15.11,440.561
Kepler-1988 b,11.49500229,1.53,0.3,1,Transit,Kepler,6033.0,12.128,513.426
TOI-813 b,83.8911,6.71,0.38,1,Transit,Transiting Exoplanet Survey Satellite (TESS),5907.0,10.358,263.145
GJ 433 b,7.3705,2.33,,0,Radial Velocity,La Silla Observatory,3461.0,9.81,9.06456
HATS-58 A b,4.2180896,12.273855,0.694958,1,Transit,HATSouth,7175.0,11.572,403.591
HR 5183 b,27000.0,13.1,,0,Radial Velocity,Multiple Observatories,5794.0,6.33432,31.4607
Kepler-1991 b,13.26079792,1.47,0.2,1,Transit,Kepler,5478.0,15.048,855.82
Kepler-1471 c,11.6044881,1.88,0.28,1,Transit,Kepler,5533.0,15.421,978.678
GJ 180 b,17.133,2.43,,0,Radial Velocity,Multiple Observatories,3371.0,10.914,11.9407
WASP-169 b,5.6114118,14.616536,1.68135,1,Transit,WASP-South,6110.0,12.167,627.066
Kepler-1998 b,3.03267135,0.6,0.08,1,Transit,Kepler,5640.0,12.74,340.965
Kepler-164 e,94.886902,4.24,0.69,1,Transit,Kepler,5888.0,14.379,890.758
Kepler-1994 b,4.61225043,0.51,0.06,1,Transit,Kepler,5495.0,12.01,241.991
Kepler-1984 b,1.992812339,6.81,0.75,1,Transit,Kepler,3638.0,16.192,
GJ 433 d,36.059,2.14,,0,Radial Velocity,Multiple Facilities,3461.0,9.81,9.06456
GJ 3082 b,11.949,2.79,,0,Radial Velocity,Multiple Facilities,3910.0,11.041,16.6186
WASP-175 b,3.0652907,13.540472,0.907929,1,Transit,WASP-South,6229.0,12.959,539.36
Kepler-619 d,11.67894236,4.17,1.31,1,Transit,Kepler,6122.0,14.84,900.678
Kepler-1126 c,199.66876,1.45,0.18,1,Transit,Kepler,5678.0,14.221,635.736
EPIC 249893012 b,3.5951,1.95,0.09,1,Transit,K2,5430.0,11.429,321.296
Kepler-1661 b,175.06,3.87,0.06,1,Transit,Kepler,5100.0,14.357,410.607
Kepler-1987 c,3.64830183,1.33,0.12,1,Transit,Kepler,4769.0,15.477,595.683
Kepler-1985 b,3.42064689,2.27,0.25,1,Transit,Kepler,5370.0,15.223,
Kepler-1987 b,2.345863002,1.23,0.11,1,Transit,Kepler,4769.0,15.477,595.683
Kepler-1801 c,116.583183,2.91,0.83,1,Transit,Kepler,5738.0,15.28,839.332
EPIC 249893012 c,15.624,3.67,0.17,1,Transit,K2,5430.0,11.429,321.296
EPIC 249893012 d,35.747,3.94,0.13,1,Transit,K2,5430.0,11.429,321.296
WASP-180 A b,3.409264,13.89916,0.44836,1,Transit,SuperWASP,6600.0,10.655,253.985
WASP-2 b,2.152175,12.116929,0.459569,1,Transit,SuperWASP,5180.0,11.728,153.242
Kepler-949 c,20.99757968,2.97,0.61,1,Transit,Kepler,5211.0,14.718,486.105
Kepler-311 d,232.040326,2.05,0.33,1,Transit,Kepler,5903.0,13.902,778.654
WASP-44 b,2.423804,12.3299,0.907929,1,Transit,SuperWASP,5420.0,13.096,364.512
WASP-45 b,3.126089,10.603714,0.650122,1,Transit,SuperWASP,5150.0,11.801,211.196
Kepler-1834 c,0.766691517,1.22,0.05,1,Transit,Kepler,4821.0,15.18,500.395
HATS-47 b,3.9228038,12.520453,0.156926,1,Transit,HATSouth,4512.0,14.602,300.67
GJ 15 A c,7600.0,6.67,,0,Radial Velocity,Roque de los Muchachos Observatory,3607.0,8.09,3.56228
Kepler-763 c,4.09667624,1.42,0.07,1,Transit,Kepler,4999.0,15.965,962.459
Kepler-347 d,85.517344,3.04,0.45,1,Transit,Kepler,5592.0,14.567,1298.88
EPIC 248847494 b,3650.0,12.44199,0.78463,1,Transit,K2,4898.0,12.353,551.886
WASP-184 b,5.1817,14.90797,1.00881,1,Transit,WASP-South,6000.0,12.771,663.231
WASP-185 b,9.38755,14.01125,0.89672,1,Transit,WASP-South,5900.0,11.101,279.35
Kepler-290 d,0.764017553,0.86,0.12,1,Transit,Kepler,5142.0,15.775,694.627
Kepler-549 d,24.61480613,4.2,0.45,1,Transit,Kepler,5312.0,14.805,635.145
Kepler-865 c,6.20920207,0.89,0.19,1,Transit,Kepler,5440.0,14.635,586.137
TOI-150.01,5.857487,14.067295,0.235389,1,Transit,Transiting Exoplanet Survey Satellite (TESS),6255.0,11.39,336.267
GJ 682 c,57.32,2.89,,0,Radial Velocity,Multiple Observatories,3028.0,10.94,5.00671
Kepler-2000 c,20.6180348,1.57,0.06,1,Transit,Kepler,3757.0,15.642,320.588
Kepler-448 c,2500.0,12.0,,0,Transit Timing Variations,Kepler,6635.0,11.51,399.398
TOI-4562 c,3990.0,12.8,,0,Transit Timing Variations,Multiple Observatories,6096.0,12.14,339.605
HD 50554 d,28.0694,1.41,0.14,1,Transit,Transiting Exoplanet Survey Satellite (TESS),5968.0,6.8561,31.1664
7 CMa b,735.1,13.4,,0,Radial Velocity,Anglo-Australian Telescope,4826.0,3.95,19.8101
Kepler-1983 b,7.32851947,2.33,0.13,1,Transit,Kepler,5135.0,14.518,424.428
NGTS-8 b,2.4997,12.21781,0.33627,1,Transit,Next-Generation Transit Survey (NGTS),5241.0,13.69,428.976
EPIC 205950854 c,8.050722,1.31,0.144,1,Transit,K2,5502.7,12.365,243.935
7 CMa c,996.0,13.9,,0,Radial Velocity,Multiple Observatories,4826.0,3.95,19.8101
Kepler-1990 c,4.06844957,0.98,0.17,1,Transit,Kepler,5751.0,11.946,392.739
HD 220197 b,1728.0,9.32,,0,Radial Velocity,Roque de los Muchachos Observatory,5683.0,8.92,64.411
K2-43 c,2.198884,2.42,0.26,1,Transit,K2,3840.6,15.748,182.536
Kepler-763 d,6.50327035,1.67,0.08,1,Transit,Kepler,4999.0,15.965,962.459
Kepler-1162 c,59.284064,1.81,0.13,1,Transit,Kepler,5225.0,15.749,940.211
HD 213885 b,1.008035,1.745,0.051,1,Transit,Transiting Exoplanet Survey Satellite (TESS),5978.0,7.95,48.0883
Kepler-896 c,29.5422566,3.15,0.73,1,Transit,Kepler,5510.0,15.457,2334.93
Kepler-1982 b,3.82315697,0.77,0.14,1,Transit,Kepler,6202.0,12.696,558.855
HD 213885 c,4.78503,4.71,,0,Radial Velocity,Multiple Observatories,5978.0,7.95,48.0883
HAT-P-69 b,4.7869491,18.786284,0.571659,1,Transit,HATNet,7394.0,9.774,341.263
Kepler-2000 b,6.383159135,2.73,0.1,1,Transit,Kepler,3757.0,15.642,320.588
TOI-763 c,12.2737,2.63,0.12,1,Transit,Transiting Exoplanet Survey Satellite (TESS),5450.0,10.265,95.1274
TOI-905 b,3.739494,13.125739,0.594077,1,Transit,Transiting Exoplanet Survey Satellite (TESS),5570.0,11.08,158.649
TOI-564 b,1.651144,11.43318,7.95839,1,Transit,Transiting Exoplanet Survey Satellite (TESS),5640.0,11.097,199.581
Kepler-29 b,10.33974,2.55,0.12,1,Transit,Kepler,5378.0,15.547,832.532
Kepler-1674 b,62.5611,3.2057749,,1,Transit,Kepler,5473.91,15.697,1012.48
Kepler-1675 b,63.0382,3.12483349,,1,Transit,Kepler,5853.19,13.672,651.117
HD 108236 b,3.795963,1.615,0.051,1,Transit,Transiting Exoplanet Survey Satellite (TESS),5660.0,9.25,64.5978
HD 164922 c,75.74,3.66,,0,Radial Velocity,Multiple Observatories,5390.0,7.01227,22.0016
HD 108236 e,19.590025,3.083,0.052,1,Transit,Transiting Exoplanet Survey Satellite (TESS),5660.0,9.25,64.5978
WASP-150 b,5.644207,11.99363,0.269016,1,Transit,SuperWASP-North,6218.0,12.026,527.995
NGTS-13 b,4.119027,12.800678,0.515614,1,Transit,Next-Generation Transit Survey (NGTS),5819.0,12.744,647.595
Kepler-1685 b,20.4905,2.57673985,,1,Transit,Kepler,5484.0,16.096,1141.89
Kepler-1686 b,9.30987,1.42553017,,1,Transit,Kepler,5714.96,13.661,729.823
NGTS-14 A b,3.5357173,4.976796,0.33627,1,Transit,Next-Generation Transit Survey (NGTS),5187.0,13.268,322.148
HD 13808 b,14.1815,3.35,,0,Radial Velocity,La Silla Observatory,5035.0,8.36,28.2305
Kepler-1687 b,5.77954,1.65623882,,1,Transit,Kepler,4132.0,15.928,417.014
Kepler-1689 b,8.483,0.94678642,,1,Transit,Kepler,5731.43,12.227,294.122
Kepler-462 b,84.6866,3.0,0.2,1,Transit,Kepler,7500.0,11.632,596.625
HD 4760 b,434.0,12.3,,0,Radial Velocity,Multiple Observatories,4076.0,7.51,537.873
HD 110113 c,6.744,2.11384817,4.644325,1,Radial Velocity,La Silla Observatory,5732.0,10.09,106.307
HD 96992 b,514.0,13.7,,0,Radial Velocity,Multiple Observatories,4725.0,8.57,396.082
Kepler-1691 b,3.8482,1.83470985,,1,Transit,Kepler,6000.0,14.893,1267.67
Kepler-1692 b,5.95966,1.11177184,,1,Transit,Kepler,5146.0,14.674,591.019
EPIC 201170410.02,6.7987,1.047,0.276,1,Transit,K2,3648.0,17.6984,134.0
Kepler-160 c,13.699429,3.76,0.23,1,Transit,Kepler,5471.0,14.816,937.013
Kepler-1694 b,3.89526,1.17986031,,1,Transit,Kepler,4954.0,14.901,513.329
Kepler-716 c,3.96999,1.39281536,,1,Transit,Kepler,5012.0,15.314,635.009
EPIC 201757695.02,2.0478,0.90819,0.05861,1,Transit,K2,4520.0,14.974,577.6
HD 110082 b,10.18271,3.2,0.1,1,Transit,Transiting Exoplanet Survey Satellite (TESS),6200.0,9.23,105.096
Kepler-1664 b,14.3868,3.03320653,,1,Transit,Kepler,5735.81,13.621,626.691
Kepler-1001 c,9.18186,1.57799279,,1,Transit,Kepler,5376.0,15.582,928.978
TOI-954 b,3.6849729,9.550068,0.594077,1,Transit,Transiting Exoplanet Survey Satellite (TESS),5710.0,10.343,238.768
K2-329 b,12.4551225,8.675766,0.291434,1,Transit,K2,5282.0,12.697,233.237
HATS-49 b,4.1480467,8.574885,0.145717,1,Transit,HATSouth,4405.0,14.988,324.413
Wendelstein-1 b,2.663416,11.5609626,0.0683749,1,Transit,Haleakala Observatory,4251.0,15.564,305.3
BD-11 4672 c,74.2,4.04,,0,Radial Velocity,Roque de los Muchachos Observatory,4550.0,10.03,27.1665
BD-11 4672 b,1634.0,14.1,,0,Radial Velocity,La Silla Observatory,4550.0,10.03,27.1665
HIP 65 A b,0.9809734,22.75427,6.83749,1,Transit,Transiting Exoplanet Survey Satellite (TESS),4590.0,11.0,61.7856
TOI-481 b,10.33111,11.09691,0.11209,1,Transit,Transiting Exoplanet Survey Satellite (TESS),5735.0,9.972,179.366
TIC 237913194 b,15.168865,12.520453,0.605286,1,Transit,Transiting Exoplanet Survey Satellite (TESS),5788.0,12.144,306.063
TOI-157 b,2.0845435,14.414774,0.257807,1,Transit,Transiting Exoplanet Survey Satellite (TESS),5404.0,12.725,355.683
TOI-169 b,2.2554477,12.172974,0.907929,1,Transit,Transiting Exoplanet Survey Satellite (TESS),5880.0,12.355,407.84
Kepler-1700 b,234.239,2.90129941,,1,Transit,Kepler,6031.0,13.764,717.597
Kepler-1666 b,25.8476,2.88273782,,1,Transit,Kepler,6293.0,15.104,1379.37
Gl 686 b,15.53,2.46,,0,Radial Velocity,Roque de los Muchachos Observatory,3656.0,9.62,8.15728
HD 180617 b,105.911,3.53,,0,Radial Velocity,Calar Alto Observatory,3534.0,9.12,5.91059
HD 158259 e,7.951,2.34,,0,Radial Velocity,Haute-Provence Observatory,5801.89,6.47915,27.0498
HD 158259 c,3.432,2.23,,0,Radial Velocity,Haute-Provence Observatory,5801.89,6.47915,27.0498
HATS-37 A b,4.3315366,6.792654,0.179344,1,Transit,HATSouth,5326.0,12.341,211.896
GJ 687 b,38.142,4.32,,0,Radial Velocity,Lick Observatory,3413.0,9.15,4.54939
GJ 2056 b,69.971,4.17,,0,Radial Velocity,Multiple Observatories,4069.95,10.37,28.4434
TOI-237 b,5.436098,1.44,0.12,1,Transit,Transiting Exoplanet Survey Satellite (TESS),3212.0,16.37,38.0749
HD 216520 c,154.43,3.03,,0,Radial Velocity,Multiple Observatories,5103.0,7.53,19.552
CoRoT-30 b,9.06005,11.309881,0.851884,1,Transit,CoRoT,5650.0,15.571,1032.23
CoRoT-31 b,4.62941,16.36514,3.3627,1,Transit,CoRoT,5700.0,15.479,2005.76
HIP 38594 b,60.722,2.77,,0,Radial Velocity,Multiple Observatories,4086.3,9.75,17.7886
WASP-186 b,5.026799,12.44199,0.33627,1,Transit,SuperWASP,6361.0,10.81,278.514
Kepler-29 c,13.28613,2.34,0.12,1,Transit,Kepler,5378.0,15.547,832.532
Kepler-783 c,7.05395,2.33153725,,1,Transit,Kepler,5411.49,14.153,516.09
Kepler-1667 b,83.5781,2.98385261,,1,Transit,Kepler,5941.54,13.52,626.819
HIP 4845 b,34.15,3.89,,0,Radial Velocity,Multiple Observatories,4010.0,10.06,21.0974
HIP 48714 b,17.818,5.11,,0,Radial Velocity,Multiple Observatories,4015.5,8.99,10.5298
TOI-251 b,4.93777,2.74,0.18,1,Transit,Transiting Exoplanet Survey Satellite (TESS),5875.0,9.887,99.523
HAT-P-68 b,2.29840551,12.016048,0.134508,1,Transit,HATNet,4508.0,13.802,202.152
Kepler-177 b,36.8601,3.5,0.19,1,Transit,Kepler,5732.0,15.171,1435.44
Kepler-36 b,13.86825,1.498,0.061,1,Transit,Kepler,5979.0,11.941,527.956
KOI-1783.01,134.4628,8.86,0.25,1,Transit,Kepler,5922.0,13.978,865.73
Kepler-1668 b,15.434,4.34764405,,1,Transit,Kepler,5542.0,15.792,1335.64
Kepler-598 c,86.4945,3.02420941,,1,Transit,Kepler,5245.0,14.829,681.086
Kepler-1514 c,10.514181,1.1758241,0.0571659,1,Transit,Kepler,6145.0,11.766,397.292
KOI-1783.02,284.215,5.44,0.52,1,Transit,Kepler,5922.0,13.978,865.73
HD 156668 c,811.3,6.17,,0,Radial Velocity,Multiple Observatories,4903.69,8.43,24.3323
HD 211403 b,223.8,12.8,,0,Radial Velocity,Haute-Provence Observatory,6273.0,8.48,83.0919
K2-344 b,3.35585,1.59,0.1,1,Transit,K2,4374.0,13.423,75.1691
HD 24040 c,515.4,9.35,,0,Radial Velocity,Multiple Observatories,5776.49,7.515,46.6224
HD 3765 b,1211.0,8.56,,0,Radial Velocity,Multiple Observatories,5049.8,7.36,17.926
HD 213472 b,17000.0,13.1,,0,Radial Velocity,Multiple Observatories,5729.54,8.17,64.4527
K2-348 c,12.550171,2.67,0.23,1,Transit,K2,5077.0,12.572,201.856
CD Cet b,2.2907,1.82,,0,Radial Velocity,Calar Alto Observatory,3130.0,13.95,8.60715
G 264-012 b,2.30538,1.39,,0,Radial Velocity,Calar Alto Observatory,3326.0,13.078,16.009
K2-352 d,14.871387,2.23,0.13,1,Transit,K2,5791.0,11.125,176.051
K2-339 b,19.507428,1.92,0.19,1,Transit,K2,4857.0,14.487,360.36
K2-282 b,4.169783,2.5,0.2,1,Transit,K2,5499.0,14.21,496.289
K2-156 b,0.813143,1.1,0.09,1,Transit,K2,4460.0,13.4,150.21
TOI-257 b,18.38818,7.16253867,0.14571675,1,Transit,Transiting Exoplanet Survey Satellite (TESS),6095.0,7.57,76.9028
HAT-P-58 b,4.0138379,14.93036229,0.48198617,1,Transit,HATNet,6078.0,12.925,515.59
HAT-P-59 b,4.1419771,12.58768533,0.14571675,1,Transit,HATNet,5678.0,11.64,265.471
K2-268 d,4.528598,1.49,0.14,1,Transit,K2,5106.0,13.848,327.783
TOI-269 b,3.6977104,2.77,0.12,1,Transit,Transiting Exoplanet Survey Satellite (TESS),3514.0,14.37,57.0225
K2-268 f,26.27057,2.23,0.15,1,Transit,K2,5106.0,13.848,327.783
K2-187 b,0.77401,1.2,0.2,1,Transit,K2,5438.0,13.102,330.916
K2-210 b,0.57023,0.86,0.2,1,Transit,K2,5500.0,11.535,176.51
K2-32 b,8.992,5.299,0.191,1,Transit,K2,5271.0,12.304,157.682
K2-32 e,4.34934,1.212,0.052,1,Transit,K2,5271.0,12.304,157.682
HAT-P-64 b,4.007232,19.08889413,0.78462865,1,Transit,HATNet,6457.0,12.855,651.897
Kepler-129 c,82.2,2.52,0.07,1,Transit,Kepler,5770.0,11.809,408.845
K2-331 b,9.398977,1.79,0.14,1,Transit,K2,5994.0,11.305,211.43
EPIC 228836835 b,0.728113,1.1,0.3,1,Transit,K2,3782.0,16.77,150.124
K2-32 c,20.66093,3.134,0.123,1,Transit,K2,5271.0,12.304,157.682
K2-32 d,31.71701,3.484,0.112,1,Transit,K2,5271.0,12.304,157.682
KIC 10068024 b,2.073549,13.4,,0,Orbital Brightness Modulation,Kepler,6118.4,13.144,721.105
K2-350 b,4.163873,1.54,0.15,1,Transit,K2,5789.0,13.449,489.368
K2-353 b,15.466805,5.55,0.22,1,Transit,K2,5698.0,12.337,268.515
K2-137 b,0.179719,0.64,0.1,1,Transit,K2,3697.0,15.94,98.8765
EPIC 206042996 b,5.2986,1.7,0.2,1,Transit,K2,4114.0,16.59,451.769
NGTS-15 b,3.27623,12.32987877,1.12089807,1,Transit,Next-Generation Transit Survey (NGTS),5600.0,14.669,786.485
K2-354 b,3.793306,1.56,0.08,1,Transit,K2,3669.0,15.296,91.722
K2-330 b,13.774798,2.77,0.14,1,Transit,K2,6232.0,9.608,160.125
TOI-1333 b,4.720219,15.647764,0.627704,1,Transit,Transiting Exoplanet Survey Satellite (TESS),6274.0,9.438,200.492
HD 238090 b,13.671,2.52,,0,Radial Velocity,Multiple Observatories,3933.0,9.71,15.2354
NGTS-18 b,3.05125,13.56286665,2.01761653,1,Transit,Next-Generation Transit Survey (NGTS),5610.0,14.588,1096.19
HD 136352 b,11.57797,1.664,0.043,1,Radial Velocity,La Silla Observatory,5664.0,5.65,14.682
K2-336 b,21.194733,1.22,0.09,1,Transit,K2,5424.0,12.803,239.289
GJ 414 A b,50.8,2.63,1.22,0,Radial Velocity,W. M. Keck Observatory,4120.0,8.31,11.8893
BD+55 362 b,265.59,14.0,,0,Radial Velocity,Haute-Provence Observatory,5012.0,9.38,52.5697
HD 136352 d,107.245,2.562,0.088,1,Radial Velocity,La Silla Observatory,5664.0,5.65,14.682
K2-337 b,16.273563,2.62,0.19,1,Transit,K2,5869.0,12.385,421.636
K2-138 c,3.56004,2.299,0.12,1,Transit,K2,5356.3,12.246,202.585
KOI-1831 d,34.169,1.13,0.05,1,Transit,Kepler,5233.0,14.222,501.574
K2-340 b,29.740451,3.36,0.44,1,Transit,K2,5532.0,14.428,738.136
K2-138 d,5.40479,2.39,0.104,1,Transit,K2,5356.3,12.246,202.585
K2-138 e,8.26146,3.39,0.156,1,Transit,K2,5356.3,12.246,202.585
EPIC 212297394 c,5.213965,2.27,0.19,1,Transit,K2,5171.0,14.611,418.395
K2-138 f,12.75758,2.904,0.164,1,Transit,K2,5356.3,12.246,202.585
K2-100 b,1.6739035,3.88,0.16,1,Transit,K2,5945.0,10.651,188.959
TOI-2202 c,24.6744,13.4,,0,Transit Timing Variations,Multiple Observatories,5144.0,13.004,235.933
K2-349 b,9.032178,1.38,0.1,1,Transit,K2,4385.0,14.585,453.567
K2-350 c,19.991944,2.74,0.25,1,Transit,K2,5789.0,13.449,489.368
K2-351 b,7.806164,2.54,0.25,1,Transit,K2,5769.0,14.195,694.734
GJ 740 b,2.37756,1.53,,0,Radial Velocity,Multiple Observatories,3913.0,9.22,11.1017
HD 60292 b,495.4,12.7,,0,Radial Velocity,Bohyunsan Optical Astronomical Observatory,4348.0,6.94657,315.211
K2-185 b,10.616384,1.15,0.07,1,Transit,K2,5788.0,12.235,268.357
EPIC 212587672 c,23.228555,2.32,0.19,1,Transit,K2,6004.0,12.488,320.07
HD 221420 b,10090.0,12.0,,0,Radial Velocity,Anglo-Australian Telescope,5847.0,5.82,31.1415
K2-185 c,52.713494,2.39,0.09,1,Transit,K2,5788.0,12.235,268.357
TOI-1201 b,2.4919863,2.415,0.091,1,Transit,Transiting Exoplanet Survey Satellite (TESS),3476.0,12.26,37.8871
HD 136925 b,4540.0,13.9,,0,Radial Velocity,Multiple Observatories,5773.19,7.91433,47.874
HD 109286 b,520.1,13.2,,0,Radial Velocity,Haute-Provence Observatory,5694.0,8.78,55.4156
Kepler-1771 b,88.64399719,4.05537256,,1,Transit,Kepler,5661.0,13.802,565.752
Kepler-1786 b,78.5460968,3.16305828,,1,Transit,Kepler,5808.0,14.088,863.909
Kepler-1834 b,4.603010178,1.4593834,,1,Transit,Kepler,4821.0,15.18,500.395
TOI-559 b,6.9839095,12.22899794,0.31385146,1,Transit,Transiting Exoplanet Survey Satellite (TESS),5925.0,11.091,233.266
Kepler-418 c,12.21829987,5.22108654,,1,Transit,Kepler,5822.0,14.824,1002.53
Kepler-1801 b,10.44089985,2.70926154,,1,Transit,Kepler,5738.0,15.28,839.332
Kepler-1838 b,12.14680004,1.66049425,,1,Transit,Kepler,5877.0,11.443,451.242
Kepler-1839 b,5.056759834,1.9493759,,1,Transit,Kepler,5926.0,14.935,1136.6
TOI-530 b,6.387597,9.30345398,0.67253884,1,Transit,Transiting Exoplanet Survey Satellite (TESS),3659.0,15.403,148.762
Kepler-1749 b,14.53409958,1.61301783,,1,Transit,Kepler,3957.0,14.95,268.2
Kepler-1841 b,25.88599968,1.48912557,,1,Transit,Kepler,5190.0,14.855,631.7
Kepler-1842 b,14.02639961,2.35388681,,1,Transit,Kepler,5970.0,14.746,923.551
HAT-P-43 b,3.3326414,13.63,0.64,1,Transit,HATNet,5693.0,13.279,528.825
Kepler-1742 b,49.47819901,2.1782413,,1,Transit,Kepler,5776.0,14.512,669.573
Kepler-1743 b,7.649710178,1.59887007,,1,Transit,Kepler,5855.0,12.062,538.807
Kepler-1741 b,2.757590055,1.273,,1,Transit,Kepler,3683.0,16.154,270.739
Kepler-1810 b,101.1330032,3.91815325,,1,Transit,Kepler,5492.0,15.4,1009.87
Kepler-1812 b,7.165219784,2.3249424,,1,Transit,Kepler,6174.0,15.631,1409.19
Kepler-1845 b,11.60649967,2.43836702,,1,Transit,Kepler,4703.0,16.117,710.724
Kepler-1716 b,35.58100128,2.4247685,,1,Transit,Kepler,4894.0,13.129,195.439
K2-95 b,10.1346454,3.31,0.2,1,Transit,K2,3566.0,17.236,179.854
Kepler-1746 b,321.2120056,8.93504475,,1,Transit,Kepler,6018.0,13.572,979.541
Kepler-1745 b,3.016190052,1.92872921,,1,Transit,Kepler,5611.0,14.854,996.105
Kepler-1814 b,2.935359955,2.36961357,,1,Transit,Kepler,4922.0,15.814,726.346
Kepler-1813 b,2.818160057,1.413,,1,Transit,Kepler,5167.0,15.639,
Kepler-1815 b,12.19139957,2.7489262,,1,Transit,Kepler,5516.0,15.621,1006.63
Kepler-1856 b,1.302000046,1.73447868,,1,Transit,Kepler,4948.0,15.621,848.76
K2-101 b,14.6762429,2.0,0.14,1,Transit,K2,4927.0,12.892,188.33
Kepler-1669 c,1.609320045,1.90120972,,1,Transit,Kepler,4224.0,16.473,543.444
Kepler-1165 c,29.96870041,3.36093385,,1,Transit,Kepler,6249.0,14.521,1575.2
Kepler-1816 b,91.50099945,1.9679397,,1,Transit,Kepler,5051.0,14.734,437.823
Kepler-1847 b,11.12969971,2.74516914,,1,Transit,Kepler,6122.0,16.027,1693.86
K2-355 b,5.7385647,2.25,0.22,1,Transit,K2,5790.0,13.707,500.497
K2-356 b,21.0267366,2.29,0.15,1,Transit,K2,5568.0,13.268,355.54
Kepler-1757 b,19.65640068,2.94660251,,1,Transit,Kepler,5288.0,15.817,807.308
Kepler-1758 b,9.977210045,2.57059831,,1,Transit,Kepler,5557.0,15.119,1588.41
Kepler-1819 b,16.48690033,3.90351256,,1,Transit,Kepler,6090.0,15.489,1363.19
Kepler-1817 b,44.29919815,2.27349126,,1,Transit,Kepler,5316.0,15.346,748.569
K2-357 b,16.3488637,3.72,0.23,1,Transit,K2,5794.0,13.748,517.687
K2-358 b,11.2510285,2.68,0.17,1,Transit,K2,5650.0,13.699,480.307
Kepler-1731 b,21.76129913,2.93295657,,1,Transit,Kepler,4859.0,12.742,169.948
Kepler-1762 b,29.53910065,2.76022913,,1,Transit,Kepler,6572.0,15.239,1663.74
Kepler-1820 b,31.03249931,3.11883067,,1,Transit,Kepler,5841.0,15.759,1425.39
Kepler-1821 b,16.45809937,2.59248115,,1,Transit,Kepler,5475.0,14.795,799.699
Kepler-1788 b,2.800120115,2.37850461,,1,Transit,Kepler,4786.0,15.484,560.445
Kepler-1859 b,2.729599953,1.58313575,,1,Transit,Kepler,5887.0,15.178,1331.25
Kepler-1860 b,12.73719978,1.13863767,,1,Transit,Kepler,5420.0,13.569,438.703
K2-184 b,16.9780102,1.47,0.11,1,Transit,K2,5245.0,10.345,75.5857
Kepler-1712 b,13.81499958,2.28372556,,1,Transit,Kepler,3732.0,14.946,156.264
Kepler-1763 b,1.480280042,1.14651332,,1,Transit,Kepler,5897.0,13.634,756.486
Kepler-1764 b,70.46829987,4.55527871,,1,Transit,Kepler,6461.0,14.91,1542.48
Kepler-1790 b,31.58889961,3.1446145,,1,Transit,Kepler,5866.0,14.179,1070.17
Kepler-1791 b,7.720860004,3.12103321,,1,Transit,Kepler,5887.0,13.529,602.218
EPIC 220554210 c,0.70531,1.6,0.1,1,Transit,K2,5499.0,14.21,496.289
K2-273 b,11.7195663,3.05,0.23,1,Transit,K2,5161.0,13.246,308.105
K2-104 b,1.9741954,1.79,0.1,1,Transit,K2,3712.0,15.989,189.289
Kepler-1792 b,4.1957798,2.51990972,,1,Transit,Kepler,5229.0,15.566,601.029
Kepler-1090 c,42.42720032,3.29265785,,1,Transit,Kepler,5330.0,15.31,858.77
EPIC 220492298 b,0.762406,0.99,0.1,1,Transit,K2,5620.0,13.991,624.512
EPIC 206024342 c,0.911724,1.4,0.5,1,Transit,K2,5724.0,13.096,369.888
Kepler-1760 b,38.3260994,2.28995546,,1,Transit,Kepler,5229.0,14.472,
Kepler-1777 b,12.18420029,2.13189678,,1,Transit,Kepler,5771.0,14.112,619.146
K2-275 c,8.4388385,2.21,0.08,1,Transit,K2,4841.0,11.974,123.438
K2-275 b,3.2809626,2.34,0.25,1,Transit,K2,4841.0,11.974,123.438
Kepler-1775 b,85.65399933,3.64762153,,1,Transit,Kepler,5818.0,13.429,657.023
Kepler-1797 b,23.3593998,3.05774442,,1,Transit,Kepler,6244.0,15.421,1338.49
Kepler-1798 b,16.85589981,2.30911251,,1,Transit,Kepler,3967.0,16.391,395.196
TIC 172900988 b,200.452,11.25,0.44,1,Transit,Transiting Exoplanet Survey Satellite (TESS),6050.0,10.141,250.956
HD 93385 d,45.85,2.89,,0,Radial Velocity,La Silla Observatory,5977.0,7.49,43.3475
Kepler-487 d,2.418390036,2.77513568,,1,Transit,Kepler,5422.0,14.882,872.343
Kepler-1822 b,22.13339996,2.64755943,,1,Transit,Kepler,5165.0,15.804,897.597
Kepler-1823 b,21.10339928,2.0861268,,1,Transit,Kepler,6000.0,13.477,724.971
HD 96700 c,19.88,1.69,,0,Radial Velocity,La Silla Observatory,5845.0,6.51,25.4111
HD 96700 d,103.5,3.61,,0,Radial Velocity,La Silla Observatory,5845.0,6.51,25.4111
TOI-2257 b,35.189346,2.194,0.113,1,Transit,Transiting Exoplanet Survey Satellite (TESS),3430.0,15.211,57.7911
Kepler-1769 b,89.1934967,4.465,,1,Transit,Kepler,6071.0,12.487,438.412
Kepler-1778 b,10.08740044,3.01665969,,1,Transit,Kepler,6310.0,15.273,1276.29
Kepler-1824 b,95.61100006,2.38127597,,1,Transit,Kepler,6002.0,14.976,1040.1
HD 189567 b,14.288,2.85,,0,Radial Velocity,La Silla Observatory,5726.0,6.074,17.9055
HD 189567 c,33.688,2.54,,0,Radial Velocity,La Silla Observatory,5726.0,6.074,17.9055
HD 137496 c,479.9,12.6,,0,Radial Velocity,Multiple Observatories,5799.0,9.899,155.317
Kepler-1782 b,5.756229877,2.22927435,,1,Transit,Kepler,4931.0,13.875,305.792
Kepler-1784 b,13.59049988,2.79936489,,1,Transit,Kepler,5442.0,15.423,883.045
Kepler-1828 b,10.2737999,2.11598626,,1,Transit,Kepler,5806.0,14.985,871.81
Kepler-1829 b,5.186719894,2.47887001,,1,Transit,Kepler,5230.0,15.218,679.921
Kepler-1776 b,35.01190186,2.61157023,,1,Transit,Kepler,5872.0,13.68,690.336
Kepler-1709 b,65.70459747,3.12424875,,1,Transit,Kepler,5918.0,11.642,273.946
Kepler-1833 b,6.892129898,1.30027362,,1,Transit,Kepler,6164.0,12.645,591.602
TOI-3362 b,18.09547,12.80065596,0.48198617,1,Transit,Transiting Exoplanet Survey Satellite (TESS),6532.0,10.86,366.987
Kepler-1738 b,7.674630165,2.82472883,,1,Transit,Kepler,6063.0,15.649,1302.87
Kepler-1739 b,7.343709946,2.43056832,,1,Transit,Kepler,5757.0,14.899,783.666
Kepler-1924 b,15.33170033,2.65446572,,1,Transit,Kepler,5726.0,15.084,1910.77
Kepler-1925 b,46.71640015,3.00177922,,1,Transit,Kepler,5856.0,15.382,1771.31
HATS-76 b,1.9416423,12.09449018,0.3474784,1,Transit,HATSouth,4016.0,16.68,385.689
Kepler-1130 d,4.272250175,0.64472273,,1,Transit,Kepler,5450.0,12.509,249.343
Kepler-1802 c,33.13610077,2.322,,1,Transit,Kepler,4245.0,15.905,636.694
Kepler-1942 b,4.626049995,2.1170287,,1,Transit,Kepler,5834.0,14.91,842.492
Kepler-1943 b,4.850180149,1.54869189,,1,Transit,Kepler,6032.0,13.868,1004.55
Kepler-1927 b,73.75039673,3.40627075,,1,Transit,Kepler,6056.0,13.312,1091.0
Kepler-1722 b,9.178569794,2.86719266,,1,Transit,Kepler,5506.0,14.997,772.283
HD 69123 b,1193.3,13.1,,0,Radial Velocity,La Silla Observatory,4842.0,5.77,75.116
Kepler-1266 c,4.86631012,1.68023962,,1,Transit,Kepler,4996.0,16.016,849.312
Kepler-394 d,5.613580227,1.50066814,,1,Transit,Kepler,6398.0,14.948,1058.72
Kepler-1944 b,9.842579842,2.75971163,,1,Transit,Kepler,5585.0,15.582,1076.48
Kepler-1945 b,6.080039978,1.289,,1,Transit,Kepler,4991.0,13.586,
Kepler-1946 b,3.035190105,2.48812698,,1,Transit,Kepler,5505.0,15.508,1002.12
Kepler-1929 b,59.36249924,3.07250761,,1,Transit,Kepler,5786.0,11.788,508.201
Kepler-913 c,5.939119816,3.8580709,,1,Transit,Kepler,6068.0,15.522,991.618
Kepler-324 e,13.97939968,2.03862444,,1,Transit,Kepler,5191.0,14.222,501.574
Kepler-1727 b,9.029299736,3.17321625,,1,Transit,Kepler,5349.0,15.751,894.187
Kepler-1931 b,38.5760994,2.65323514,,1,Transit,Kepler,6167.0,12.671,620.091
Kepler-1530 d,9.20761013,3.27870115,,1,Transit,Kepler,5678.0,14.15,489.876
Kepler-1932 b,0.524177015,1.51482218,,1,Transit,Kepler,5278.0,15.286,713.733
YZ Cet b,2.02087,0.913,,0,Radial Velocity,La Silla Observatory,3151.0,12.074,3.71207
YZ Cet c,3.05989,1.05,,0,Radial Velocity,La Silla Observatory,3151.0,12.074,3.71207
Kepler-281 d,148.2720032,5.93747806,,1,Transit,Kepler,5717.0,15.931,1745.45
Kepler-495 c,5.896609783,1.21936414,,1,Transit,Kepler,5392.0,14.942,658.924
Kepler-501 c,3.622760057,1.68119739,,1,Transit,Kepler,5794.0,14.886,1125.24
Kepler-196 d,122.0800018,2.66065673,,1,Transit,Kepler,5132.0,14.239,451.312
Kepler-1950 b,10.77690029,1.52696349,,1,Transit,Kepler,5455.0,14.845,697.253
Kepler-1899 b,4.095779896,1.55098292,,1,Transit,Kepler,4791.0,16.136,711.509
Kepler-1869 b,8.167360306,1.11955354,,1,Transit,Kepler,5808.0,10.31,113.025
Kepler-1312 c,1.116119981,1.02732734,,1,Transit,Kepler,5721.0,12.491,299.104
Kepler-1952 b,27.21080017,1.23923346,,1,Transit,Kepler,5973.0,13.828,852.062
Kepler-1728 b,4.782999992,2.95501875,,1,Transit,Kepler,5170.0,15.279,651.783
Kepler-1926 b,42.87770081,2.31495961,,1,Transit,Kepler,5256.0,15.8,667.405
Kepler-1729 b,4.220970154,3.89404186,,1,Transit,Kepler,3837.0,15.676,576.181
Kepler-1972 b,7.54425,0.802,0.042,1,Transit,Kepler,5818.0,11.23,287.339
Kepler-1321 d,5.720920086,2.62843782,,1,Transit,Kepler,3640.0,17.5054,769.146
Kepler-1600 c,7.298049927,1.94206512,,1,Transit,Kepler,5119.0,16.076,1030.81
Kepler-1954 b,5.883430004,1.80235934,,1,Transit,Kepler,5840.0,15.875,1373.83
Kepler-1730 b,13.81019974,4.48524519,,1,Transit,Kepler,5942.0,15.478,1427.08
Kepler-1721 b,4.592380047,3.11856756,,1,Transit,Kepler,5351.0,15.085,641.374
Kepler-1887 b,19.94750023,2.92454357,,1,Transit,Kepler,5749.0,15.955,1366.18
Kepler-1958 b,9.328619957,2.05124311,,1,Transit,Kepler,5749.0,15.486,1320.38
Kepler-1726 b,18.39629936,2.50861954,,1,Transit,Kepler,5316.0,13.851,390.552
Kepler-1723 b,39.75289917,2.88046569,,1,Transit,Kepler,6072.0,14.383,811.278
Kepler-1705 b,9.03502,2.03,0.12,1,Transit,Kepler,6312.0,15.8,1633.49
Kepler-1890 b,4.820590019,0.86867375,,1,Transit,Kepler,6046.0,12.916,529.596
Kepler-1892 b,6.331230164,1.83707938,,1,Transit,Kepler,5383.0,15.592,851.595
Kepler-1959 b,6.38669014,1.14315727,,1,Transit,Kepler,5071.0,14.797,479.263
Kepler-1960 b,2.297940016,1.30749704,,1,Transit,Kepler,6371.0,15.181,1527.56
Kepler-457 d,10.6906004,2.98467257,,1,Transit,Kepler,6474.0,14.411,1072.3
Kepler-633 c,23.78319931,2.296,,1,Transit,Kepler,5877.0,13.812,680.54
Kepler-1861 b,40.0306015,2.20677414,,1,Transit,Kepler,5855.0,13.709,829.985
Kepler-1863 b,44.99760056,2.26309256,,1,Transit,Kepler,5871.0,13.64,865.546
Kepler-1895 b,6.070290089,2.11934728,,1,Transit,Kepler,5076.0,15.787,984.187
Kepler-1911 b,5.990799904,1.011,,1,Transit,Kepler,5721.0,12.245,269.912
Kepler-1865 b,2.524009943,1.57686072,,1,Transit,Kepler,5420.0,15.468,922.255
Kepler-1866 b,11.66009998,2.08215108,,1,Transit,Kepler,5791.0,14.418,976.737
Kepler-1897 b,24.22030067,2.81407954,,1,Transit,Kepler,5165.0,16.01,983.174
Kepler-1896 b,44.87020111,3.09935997,,1,Transit,Kepler,6122.0,15.844,1732.91
Kepler-1967 b,7.281690121,0.73022577,,1,Transit,Kepler,4970.0,13.519,249.102
b Cen AB b,1790000.0,12.4,,0,Imaging,Paranal Observatory,,4.01,98.0935
Kepler-1867 b,9.887359619,1.15985997,,1,Transit,Kepler,5693.0,13.549,680.583
Kepler-1868 b,211.0339966,3.14950109,,1,Transit,Kepler,4658.0,14.157,274.18
Kepler-1903 b,17.0678997,2.28642395,,1,Transit,Kepler,6347.0,15.456,1775.44
Kepler-1969 b,6.647520065,1.68161001,,1,Transit,Kepler,6046.0,15.851,1204.54
Kepler-1968 b,7.281099796,1.50004034,,1,Transit,Kepler,5008.0,16.303,750.93
Kepler-1871 b,1.952700019,2.42172881,,1,Transit,Kepler,5741.0,14.822,854.623
Kepler-1872 b,3.825910091,2.38421141,,1,Transit,Kepler,5223.0,15.966,840.182
Kepler-1906 b,7.362689972,2.77615754,,1,Transit,Kepler,5868.0,15.322,1360.63
Kepler-1907 b,5.652450085,0.86973029,,1,Transit,Kepler,5159.0,13.989,292.111
Kepler-1913 b,14.1960001,1.51852059,,1,Transit,Kepler,6214.0,14.814,876.3
HD 79181 b,273.1,14.1,,0,Radial Velocity,Okayama Astrophysical Observatory,4862.0,5.72,103.335
HD 10975 b,283.8,14.3,,0,Radial Velocity,Okayama Astrophysical Observatory,4840.0,5.94188,116.506
HD 99283 b,310.4,13.8,,0,Radial Velocity,Okayama Astrophysical Observatory,4886.0,5.72916,111.093
Kepler-1873 b,0.558842003,1.62573811,,1,Transit,Kepler,5151.0,15.889,820.957
Kepler-1874 b,56.57320023,2.21110724,,1,Transit,Kepler,4701.0,15.434,408.007
Kepler-1909 b,2.391609907,1.09217411,,1,Transit,Kepler,4935.0,15.933,763.662
Kepler-1717 b,30.65279961,2.98929758,,1,Transit,Kepler,6200.0,13.323,1008.79
Kepler-1917 b,12.90240002,1.88971288,,1,Transit,Kepler,5530.0,15.474,909.037
Kepler-1918 b,47.0564003,2.29763023,,1,Transit,Kepler,5889.0,15.533,1030.11
ups Leo b,385.2,14.2,,0,Radial Velocity,Okayama Astrophysical Observatory,4836.0,4.3049,52.5973
HD 219139 b,275.5,14.0,,0,Radial Velocity,Okayama Astrophysical Observatory,4831.0,5.84863,104.935
Kepler-616 d,51.06740189,2.653,,1,Transit,Kepler,6004.0,15.021,945.775
Kepler-534 c,7.378689766,1.227,,1,Transit,Kepler,5936.0,13.387,570.659
Kepler-1919 b,37.88660049,2.62390658,,1,Transit,Kepler,5513.0,16.161,1177.53
Kepler-1488 c,6.158269882,1.65156749,,1,Transit,Kepler,5710.0,13.146,905.825
gam Psc b,555.1,13.6,,0,Radial Velocity,Okayama Astrophysical Observatory,4742.0,3.69252,41.3107
HIP 34222 b,159.986,13.9,,0,Radial Velocity,Cerro Tololo Inter-American Observatory,4050.0,10.14,22.8386
Kepler-1881 b,159.3939972,2.98104391,,1,Transit,Kepler,5135.0,15.898,1057.21
Kepler-1879 b,10.61340046,2.06512018,,1,Transit,Kepler,5865.0,12.825,627.171
Kepler-1934 b,1.419759989,0.91307734,,1,Transit,Kepler,5925.0,12.874,428.514
Kepler-1935 b,3.951400042,2.50271696,,1,Transit,Kepler,5570.0,14.522,904.702
Kepler-1921 b,20.03479958,2.89459458,,1,Transit,Kepler,6120.0,13.103,928.989
HIP 86221 b,2.224,14.0,,0,Radial Velocity,Cerro Tololo Inter-American Observatory,,9.25,29.4898
Kepler-1883 b,103.427002,3.25107395,,1,Transit,Kepler,6208.0,15.642,1377.61
Kepler-1938 b,13.06260014,1.82828927,,1,Transit,Kepler,4522.0,15.246,421.152
TOI-1268 b,8.1577094,9.1,0.6,1,Transit,Transiting Exoplanet Survey Satellite (TESS),5300.0,10.92,109.557
K2-25 b,3.48456408,3.44,0.12,1,Transit,K2,3207.0,16.21,44.9565
TOI-2136 b,7.851928,2.19,0.17,1,Transit,Transiting Exoplanet Survey Satellite (TESS),3342.0,14.32,33.3631
K2-382 b,21.700156,2.072,0.152,1,Transit,K2,5452.0,12.977,278.412
K2-376 b,5.776475,1.736,0.125,1,Transit,K2,5937.0,10.415,161.61
iot Dra b,510.8544,12.4,,0,Radial Velocity,Lick Observatory,4504.0,3.29668,31.32832
CoRoT-35 b,3.22748,18.83108758,1.23298788,1,Transit,CoRoT,6390.0,15.635,1123.21
CoRoT-36 b,5.616531,15.80466279,1.5692573,1,Transit,CoRoT,6730.0,13.126,925.958
K2-383 b,1.865962,1.564,0.118,1,Transit,K2,5129.0,12.689,203.788
K2-366 b,15.937039,2.359,0.187,1,Transit,K2,5601.0,12.636,185.947
iot Dra c,25000.0,12.2,,0,Radial Velocity,La Silla Observatory,4504.0,3.29668,31.32832
K2-373 b,11.02066,2.061,0.147,1,Transit,K2,6138.0,10.47,229.567
K2-367 b,20.645099,2.413,0.225,1,Transit,K2,4348.0,13.794,176.965
HD 160691 d,9.6392,3.23,,0,Radial Velocity,La Silla Observatory,5773.0,5.12,15.5981
K2-384 f,13.62749,2.222,0.091,1,Transit,K2,3623.0,16.12,82.6603
K2-369 b,5.761612,1.313,0.101,1,Transit,K2,5682.0,11.789,185.55
TOI-620 b,5.0988179,3.76,0.15,1,Transit,Transiting Exoplanet Survey Satellite (TESS),3708.0,12.262,33.0231
HD 33142 b,330.0,13.7,,0,Radial Velocity,W. M. Keck Observatory,5025.4,7.96,121.375
K2-384 e,9.715043,1.345,0.139,1,Transit,K2,3623.0,16.12,82.6603
K2-371 b,3.114905,13.024,0.921,1,Transit,K2,4925.0,14.492,442.813
K2-372 b,9.844077,2.945,0.077,1,Transit,K2,5479.0,13.589,463.88
TYC 2187-512-1 b,691.9,12.5,,0,Radial Velocity,Calar Alto Observatory,3734.0,10.58,15.4744
K2-393 b,10.413181,2.352,0.175,1,Transit,K2,5678.0,11.84,265.914
K2-375 b,14.453895,2.243,0.186,1,Transit,K2,5822.0,13.164,696.1
HIP 94235 b,7.713057,3.0,0.32,1,Transit,Transiting Exoplanet Survey Satellite (TESS),5991.0,8.31,58.5146
KOI-984 c,21.512,14.1,,0,Transit Timing Variations,Kepler,5295.0,12.795,252.667
K2-389 c,20.851337,2.04,0.151,1,Transit,K2,5782.0,11.827,259.208
K2-390 b,3.312792,4.662,0.313,1,Transit,K2,5558.0,13.611,456.122
HD 73583 b,6.398042,2.79,0.1,1,Transit,Transiting Exoplanet Survey Satellite (TESS),4511.0,9.67,31.5666
HD 103891 b,1919.0,13.2,,0,Radial Velocity,La Silla Observatory,6072.0,6.59451,55.5213
HD 105779 b,2412.0,14.1,,0,Radial Velocity,La Silla Observatory,5792.0,8.65,55.2411
HD 33142 d,89.9,9.32,,0,Radial Velocity,Multiple Observatories,5025.4,7.96,121.375
HD 19615 b,402.0,12.6,,0,Radial Velocity,Bohyunsan Optical Astronomical Observatory,4263.0,6.55594,265.155
K2-391 b,4.622654,1.371,0.284,1,Transit,K2,5543.0,12.527,507.94
HD 73583 c,18.87974,2.39,0.1,1,Transit,Transiting Exoplanet Survey Satellite (TESS),4511.0,9.67,31.5666
GJ 411 b,12.9394,1.45,,0,Radial Velocity,Haute-Provence Observatory,3719.0,7.49,5.675773
TOI-1064 c,12.226574,2.651,0.043,1,Transit,Transiting Exoplanet Survey Satellite (TESS),4734.0,10.938,68.0726
K2-316 b,1.133,1.33,0.1,1,Transit,K2,3436.0,17.14,112.486
HD 95735 c,2946.0,3.76,,0,Radial Velocity,Multiple Observatories,3719.0,7.49,5.675773
TOI-2669 b,6.2034,19.72780603,1.79343691,1,Transit,Transiting Exoplanet Survey Satellite (TESS),4800.0,10.916,393.443
TOI-4329 b,2.9223,16.81347105,2.12970633,1,Transit,Transiting Exoplanet Survey Satellite (TESS),6000.0,12.724,717.128
K2-397 b,3.572326,2.417,0.187,1,Transit,K2,5387.0,11.865,199.354
K2-316 c,5.26,1.83,0.13,1,Transit,K2,3436.0,17.14,112.486
TOI-2046 b,1.4971842,16.14093221,1.23298788,1,Transit,Transiting Exoplanet Survey Satellite (TESS),6250.0,11.552,289.668
Kepler-1656 c,1919.0,14.0,,0,Radial Velocity,W. M. Keck Observatory,5569.0,11.64,185.875
TOI-206 b,0.7363104,1.3,0.05,1,Transit,Transiting Exoplanet Survey Satellite (TESS),3383.0,14.938,47.7465
K2-398 c,18.787839,5.098,0.154,1,Transit,K2,5946.0,13.287,606.992
K2-319 b,26.68,2.79,0.11,1,Transit,K2,5440.0,12.213,209.071
TOI-1693 b,1.7666957,1.41,0.1,1,Transit,Transiting Exoplanet Survey Satellite (TESS),3499.0,12.962,30.7947
K2-402 b,17.27474,2.678,0.213,1,Transit,K2,5716.0,13.032,523.055
K2-323 b,24.93,2.1,0.09,1,Transit,K2,3710.0,14.935,118.318
HD 81040 b,1002.7,12.6,,0,Radial Velocity,Multiple Observatories,5755.0,7.72,34.4341
HD 171238 b,1515.0,12.5,,0,Radial Velocity,La Silla Observatory,5467.0,8.61,44.8113
HD 87883 b,3006.0,12.7,,0,Radial Velocity,Lick Observatory,4980.0,7.56,18.2912
TOI-2411 b,0.7826942,1.68,0.11,1,Transit,Transiting Exoplanet Survey Satellite (TESS),4099.0,11.272,59.5362
K2-404 b,13.115365,2.53,0.084,1,Transit,K2,3748.0,14.622,121.63
K2-325 b,6.93,2.2,0.14,1,Transit,K2,3287.0,17.77,111.638
HD 106515 A b,3626.0,12.1,,0,Radial Velocity,La Silla Observatory,5362.0,7.971,34.0915
K2-406 b,22.549406,4.602,0.311,1,Transit,K2,5784.0,9.465,85.3751
K2-326 b,1.256,2.28,0.18,1,Transit,K2,3924.0,15.982,282.308
TOI-5153 b,20.33003,11.88151954,0.44835923,1,Transit,Transiting Exoplanet Survey Satellite (TESS),6300.0,11.932,390.484
NGTS-20 b,54.18915,11.99360935,0.44835923,1,Transit,Transiting Exoplanet Survey Satellite (TESS),5980.0,11.233,382.898
HD 29021 b,1365.0,12.9,,0,Radial Velocity,Haute-Provence Observatory,5560.0,7.76,30.9939
K2-407 c,9.22453,1.36,0.096,1,Transit,K2,5563.0,11.969,218.376
K2-199 b,3.2253993,1.73,0.05,1,Transit,K2,4491.0,12.358,107.518
Ross 508 b,10.77,1.83,,0,Radial Velocity,Subaru Telescope,3071.0,14.18,11.2103
K2-387 b,28.735327,7.322,0.268,1,Transit,K2,3572.0,16.147,266.318
K2-374 b,4.521953,1.593,0.061,1,Transit,K2,5789.0,12.783,359.439
HD 136118 b,1187.59765,12.3,,0,Radial Velocity,Multiple Observatories,6097.0,6.9456,51.4359
HD 140901 b,9.02378,4.07,,0,Radial Velocity,Multiple Observatories,5610.0,6.01,15.2528
HD 93351 c,14010.2941,12.3,,0,Radial Velocity,Multiple Observatories,5408.0,9.12,56.163
GJ 2030 b,2.38129,2.03,,0,Radial Velocity,Multiple Observatories,5485.0,6.20902,37.0788
TOI-2570 b,2.9887615,13.64132951,0.39231432,1,Transit,Transiting Exoplanet Survey Satellite (TESS),5771.0,12.569,361.857
HD 113337 b,317.58639,13.1,,0,Radial Velocity,Haute-Provence Observatory,6774.0,6.02078,36.18
HIP 97233 b,1062.26506,12.1,,0,Radial Velocity,Multiple Observatories,5020.0,7.34,102.275
HD 144899 b,40.43914,4.77,,0,Radial Velocity,Multiple Observatories,6126.0,8.97,115.665
HD 142 A d,108.45299,10.9,,0,Radial Velocity,Multiple Observatories,6245.0,5.7,26.1853
GJ 2030 c,25533.11353,12.3,,0,Radial Velocity,Multiple Observatories,5485.0,6.20902,37.0788
GJ 3222 b,10.66669,3.4,,0,Radial Velocity,Multiple Observatories,5257.46,6.9,18.23817
GJ 680 b,17281.66514,12.0,,0,Radial Velocity,Multiple Observatories,3563.0,10.129,9.67315
TOI-3540 A b,3.119999,23.53885947,,1,Transit,Transiting Exoplanet Survey Satellite (TESS),5810.0,11.514,
TOI-3331 A b,2.0180231,12.97999965,0.48198617,1,Transit,Transiting Exoplanet Survey Satellite (TESS),5609.0,11.635,217.193
TOI-3693 b,9.088516,12.59889431,0.32506044,1,Transit,Transiting Exoplanet Survey Satellite (TESS),5321.0,11.948,176.436
HD 145934 b,2751.53433,13.4,,0,Radial Velocity,W. M. Keck Observatory,4823.75,8.495,227.881
HD 151450 b,21.89288,6.94,,0,Radial Velocity,Multiple Observatories,6091.98,7.43,43.6002
HD 149806 b,16521.52778,12.3,,0,Radial Velocity,Multiple Observatories,5352.05,7.08308,20.2727
HD 151450 c,18144.76236,12.8,,0,Radial Velocity,Multiple Observatories,6091.98,7.43,43.6002
HD 115404 A b,10.49488,6.09,,0,Radial Velocity,Multiple Observatories,5019.17,6.50066,10.9816
TOI-2196 b,1.1947268,3.51,0.15,1,Transit,Transiting Exoplanet Survey Satellite (TESS),5634.0,12.297,259.947
HD 191806 b,1603.38923,12.5,,0,Radial Velocity,Haute-Provence Observatory,6010.0,8.09,65.6668
HD 153557 c,15.27018,4.36,,0,Radial Velocity,Multiple Observatories,4837.0,7.83,17.9412
HD 153557 d,40654.64809,11.9,,0,Radial Velocity,Multiple Observatories,4837.0,7.83,17.9412
HD 12235 c,36336.70679,12.5,,0,Radial Velocity,Multiple Observatories,5986.0,5.88051,31.7627
HD 56414 b,29.04992,3.71,0.2,1,Transit,Transiting Exoplanet Survey Satellite (TESS),8500.0,9.217,272.217
GJ 896 A b,284.39,13.3,,0,Astrometry,Very Long Baseline Array,3345.0,10.05,6.26022
GJ 676 A c,13921.42302,12.3,,0,Radial Velocity,Paranal Observatory,3734.0,9.58,16.0272
HD 219828 c,4789.87297,12.2,,0,Radial Velocity,Multiple Facilities,5891.0,8.04,73.114
HD 72892 b,39.44603,12.8,,0,Radial Velocity,Multiple Observatories,5688.0,8.83,69.7311
HD 155918 b,1.87567,2.67,,0,Radial Velocity,Multiple Observatories,5771.84,7.0,27.561
TOI-2048 b,13.79019,2.61,0.17,1,Transit,Transiting Exoplanet Survey Satellite (TESS),5185.0,11.431,116.567
HD 111232 b,1169.13202,12.6,,0,Radial Velocity,La Silla Observatory,5512.0,7.59,28.9571
HD 10697 b,1075.3799,12.8,,0,Radial Velocity,W. M. Keck Observatory,5641.0,6.28262,33.1205
HD 125612 b,557.69994,13.2,,0,Radial Velocity,W. M. Keck Observatory,5900.0,8.31,57.6207
HIP 67537 b,2523.64713,12.3,,0,Radial Velocity,Multiple Observatories,4985.0,6.43,116.046
HD 156098 c,7841.5839,12.8,,0,Radial Velocity,Multiple Observatories,6419.19,5.53,48.249
HD 156098 b,21.85849,4.12,,0,Radial Velocity,Multiple Observatories,6419.19,5.53,48.249
HD 168863 b,14773.93272,12.7,,0,Radial Velocity,Multiple Observatories,4905.0,9.35,39.8979
HIP 19976 b,50.65905,4.94,,0,Radial Velocity,Multiple Observatories,4316.0,10.48,40.2707
HD 203387 c,2481.07227,12.6,,0,Radial Velocity,Multiple Observatories,5174.32,4.28,61.7477
HIP 35965 b,26125.56497,12.6,,0,Radial Velocity,Multiple Observatories,4836.0,10.18,50.1677
HD 125612 c,4.15466,4.07,,0,Radial Velocity,La Silla Observatory,5900.0,8.31,57.6207
HD 125612 d,2822.72698,12.7,,0,Radial Velocity,La Silla Observatory,5900.0,8.31,57.6207
HD 156279 c,4818.25358,12.5,,0,Radial Velocity,W. M. Keck Observatory,5453.0,8.07,36.1945
HD 27894 d,5019.54244,12.7,,0,Radial Velocity,La Silla Observatory,4875.0,9.36,43.8214
HD 181234 b,7593.40512,12.5,,0,Radial Velocity,La Silla Observatory,5386.0,8.59,47.7458
HD 18143 b,10.2851,3.28,,0,Radial Velocity,Multiple Observatories,5078.0,7.518,22.5243
HIP 948 b,24955.45756,12.1,,0,Radial Velocity,Multiple Observatories,4497.0,9.92,34.8523
HD 139357 b,1124.79139,12.1,,0,Radial Velocity,Thueringer Landessternwarte Tautenburg,4700.0,5.97272,112.09
HD 25015 b,6134.427,12.5,,0,Radial Velocity,La Silla Observatory,5160.0,8.87,37.433
HD 188641 b,14583.81038,11.9,,0,Radial Velocity,Multiple Observatories,5897.32,7.34,64.3399
HD 168443 b,58.11187,12.6,,0,Radial Velocity,W. M. Keck Observatory,5491.0,6.92122,39.6245
HD 156279 b,133.40355,12.5,,0,Radial Velocity,Haute-Provence Observatory,5453.0,8.07,36.1945
HD 168443 c,1753.1096,12.2,,0,Radial Velocity,W. M. Keck Observatory,5491.0,6.92122,39.6245
GJ 229 A c,121.93268,2.87,,0,Radial Velocity,Multiple Facilities,3564.0,8.15,5.75624
HD 81817 b,1021.20159,12.0,,0,Radial Velocity,Bohyunsan Optical Astronomical Observatory,4140.0,4.26489,269.126
HD 204313 e,7325.64666,12.2,,0,Radial Velocity,Multiple Observatories,5767.0,7.99,47.7945
HD 169830 c,1818.82339,12.6,,0,Radial Velocity,La Silla Observatory,6300.0,5.9,37.6048
HIP 56640 b,2675.57603,12.7,,0,Radial Velocity,Multiple Observatories,4769.0,7.94,122.324
HD 213519 b,11.12214,2.99,,0,Radial Velocity,Multiple Observatories,5840.0,7.68,41.0014
HD 217786 c,2.52221,2.61,,0,Radial Velocity,Multiple Observatories,5966.0,7.78,55.4847
TOI-3629 b,3.936551,8.29464572,0.22417961,1,Transit,Transiting Exoplanet Survey Satellite (TESS),3870.0,14.639,130.091
HD 183263 c,4667.97841,12.5,,0,Radial Velocity,W. M. Keck Observatory,5948.0,7.86,54.1955
HD 66428 c,10478.84437,13.5,,0,Radial Velocity,Multiple Observatories,5716.0,8.25,53.2817
HD 80869 b,1752.92067,12.8,,0,Radial Velocity,Haute-Provence Observatory,5837.0,8.48,85.3951
HD 25912 b,41.83156,6.9,,0,Radial Velocity,Multiple Observatories,5920.58,8.2,49.1661
HD 217958 b,2560.19774,14.2,,0,Radial Velocity,Multiple Observatories,5930.64,8.05,61.7957
HD 25912 c,26308.65619,12.2,,0,Radial Velocity,Multiple Observatories,5920.58,8.2,49.1661
HD 109988 b,17132.15854,12.1,,0,Radial Velocity,Multiple Observatories,5185.97,8.9,42.5279
HD 28192 b,14.23283,12.2,,0,Radial Velocity,Multiple Observatories,5919.87,8.06,49.8063
HD 43197 c,9295.9735,12.6,,0,Radial Velocity,Multiple Observatories,5508.0,8.98,62.4112
HD 38529 b,14.3099,14.1,,0,Radial Velocity,Multiple Observatories,5697.0,5.92848,42.3538
HD 38529 c,2127.60566,12.5,,0,Radial Velocity,Multiple Observatories,5697.0,5.92848,42.3538
HD 110537 b,24469.67342,11.9,,0,Radial Velocity,Multiple Observatories,5718.0,7.83,45.0858
HD 56957 b,5859.08992,12.8,,0,Radial Velocity,Multiple Observatories,5743.0,7.57,61.4925
HD 62364 c,74839.94555,12.0,,0,Radial Velocity,Multiple Observatories,6255.0,7.32,53.112
TOI-712 c,51.69906,2.701,0.092,1,Transit,Transiting Exoplanet Survey Satellite (TESS),4622.0,10.838,58.6212
TOI-712 d,84.8396,2.474,0.09,1,Transit,Transiting Exoplanet Survey Satellite (TESS),4622.0,10.838,58.6212
HD 43197 b,308.92072,14.2,,0,Radial Velocity,La Silla Observatory,5508.0,8.98,62.4112
HD 4113 b,526.5239,13.5,,0,Radial Velocity,La Silla Observatory,5688.0,7.88,41.8727
HD 111232 c,26472.44623,12.2,,0,Radial Velocity,Multiple Observatories,5512.0,7.59,28.9571
HD 62549 b,14306.88519,12.6,,0,Radial Velocity,Multiple Observatories,5930.46,7.72,49.3305
HD 73267 b,1257.99159,13.0,,0,Radial Velocity,La Silla Observatory,5387.0,8.9,50.4093
HD 11505 b,32669.22247,12.6,,0,Radial Velocity,Multiple Observatories,5757.15,7.43,38.9679
HD 80913 b,10839.83341,12.0,,0,Radial Velocity,Multiple Observatories,6013.24,7.49,61.3603
HD 81817 c,622.97802,12.0,,0,Radial Velocity,Multiple Observatories,4140.0,4.26489,269.126
TOI-2207 b,8.001968,11.1529358,0.31385146,1,Transit,Transiting Exoplanet Survey Satellite (TESS),6101.0,11.316,373.345
HD 86264 b,1488.79123,12.5,,0,Radial Velocity,Lick Observatory,6210.0,7.41,67.8107
HD 8673 b,1644.69097,12.3,,0,Radial Velocity,Thueringer Landessternwarte Tautenburg,6389.05,6.331,37.8619
HD 127506 b,65.78395,5.67,,0,Radial Velocity,Multiple Observatories,4595.32,8.7,22.5279
HD 135872 b,2422.32597,12.8,,0,Radial Velocity,Multiple Observatories,4992.0,7.28103,82.4251
HD 86065 b,25775.78859,12.5,,0,Radial Velocity,Multiple Observatories,4927.56,9.36,40.3661
HD 88072 b,18538.79293,12.6,,0,Radial Velocity,Multiple Observatories,5785.33,7.55,35.9098
HD 93351 b,2.45946,1.69,,0,Radial Velocity,Multiple Observatories,5408.0,9.12,56.163
TOI-2421 b,4.3474032,10.36830715,0.39231432,1,Transit,Transiting Exoplanet Survey Satellite (TESS),5607.0,11.419,327.927
HD 142 c,10159.64279,12.4,,0,Radial Velocity,Anglo-Australian Telescope,6245.0,5.7,26.1853
TOI-2583 A b,4.5207265,14.4595851,0.44835923,1,Transit,Transiting Exoplanet Survey Satellite (TESS),5936.0,12.586,566.189
TOI-2796 b,4.8084983,17.26183028,,1,Transit,Transiting Exoplanet Survey Satellite (TESS),5764.0,12.475,350.343
TOI-2096 b,3.1190633,1.243,0.077,1,Transit,Transiting Exoplanet Survey Satellite (TESS),3300.0,15.92,48.4809
GJ 338 B b,24.422,3.25,,0,Radial Velocity,Calar Alto Observatory,4014.0,7.7,6.33256
TOI-2842 b,3.5514058,12.84549188,0.57165802,1,Transit,Transiting Exoplanet Survey Satellite (TESS),5910.0,12.59,460.995
TOI-4603 b,7.24599,11.67975789,0.42594127,1,Transit,Transiting Exoplanet Survey Satellite (TESS),6264.0,9.24,225.643
MASCARA-1 b,2.14877381,17.90074218,0.20176165,1,Transit,Multiple Observatories,7490.0,8.28,182.273
K2-38 b,4.01593,1.54,0.14,1,Transit,K2,5731.0,11.344,192.69
TOI-3364 b,5.8768918,12.22899794,0.42594127,1,Transit,Transiting Exoplanet Survey Satellite (TESS),5706.0,11.875,277.899
K2-414 b,4.3696,1.219,0.1004,1,Transit,K2,4343.0,14.289,260.036
TOI-4582 b,31.034,10.53644186,1.00880826,1,Transit,Transiting Exoplanet Survey Satellite (TESS),5190.0,11.27,383.846
TOI-942 c,10.156272,4.67,0.34,1,Transit,Transiting Exoplanet Survey Satellite (TESS),4969.0,11.982,152.601
TOI-733 b,4.884765,1.992,0.085,1,Transit,Transiting Exoplanet Survey Satellite (TESS),5585.0,9.44,75.2092
Kepler-20 c,10.8540774,2.894,0.036,1,Transit,Kepler,5495.0,12.61,282.563
HIP 21152 b,22000.0,12.0,,0,Imaging,Multiple Observatories,6655.0,6.37009,43.4073
TOI-3976 A b,6.607662,12.27383387,0.40352331,1,Transit,Transiting Exoplanet Survey Satellite (TESS),5975.0,12.403,516.087
TOI-4087 b,3.1774835,13.04725353,0.28022452,1,Transit,Transiting Exoplanet Survey Satellite (TESS),6060.0,12.107,301.676
TOI-942 b,4.32421,3.89,0.25,1,Transit,Transiting Exoplanet Survey Satellite (TESS),4969.0,11.982,152.601
TOI-4791 b,4.28088,12.44196858,0.56044903,1,Transit,Transiting Exoplanet Survey Satellite (TESS),6058.0,11.541,328.802
EPIC 229004835 b,16.141132,2.332,0.08,1,Transit,K2,5868.0,10.23,121.971
HD 23472 b,17.667087,2.0,0.11,1,Transit,Transiting Exoplanet Survey Satellite (TESS),4684.0,9.73,39.0341
HD 191939 c,28.579743,3.195,0.075,1,Transit,Transiting Exoplanet Survey Satellite (TESS),5348.0,8.97,53.6089
TIC 279401253 b,76.8,11.2089807,0.44835923,1,Transit,Transiting Exoplanet Survey Satellite (TESS),5951.0,11.938,285.584
HD 23472 c,29.79749,1.87,0.12,1,Transit,Transiting Exoplanet Survey Satellite (TESS),4684.0,9.73,39.0341
HD 23472 f,12.1621839,1.137,0.084,1,Transit,Transiting Exoplanet Survey Satellite (TESS),4684.0,9.73,39.0341
TIC 279401253 c,155.3,12.6,,0,Transit,Multiple Observatories,5951.0,11.938,285.584
TOI-1811 b,3.7130765,11.14172682,0.28022452,1,Transit,Transiting Exoplanet Survey Satellite (TESS),4766.0,11.966,128.23
HD 23472 d,3.97664,0.75,0.067,1,Transit,Transiting Exoplanet Survey Satellite (TESS),4684.0,9.73,39.0341
HD 23472 e,7.90754,0.818,0.08,1,Transit,Transiting Exoplanet Survey Satellite (TESS),4684.0,9.73,39.0341
HATS-54 b,2.5441765,11.37711541,0.26901554,1,Transit,HATSouth,5621.0,13.937,748.585
HD 45364 c,345.43,14.2,,0,Radial Velocity,La Silla Observatory,5466.0,8.08,34.354
NGTS-23 b,4.0764326,14.20177855,0.33626942,1,Transit,Next-Generation Transit Survey (NGTS),6057.0,14.126,1074.95
NGTS-24 b,3.4678796,13.60770257,0.65012088,1,Transit,Next-Generation Transit Survey (NGTS),5820.0,13.214,683.062
NGTS-25 b,2.823093,11.46678726,0.39231432,1,Transit,Next-Generation Transit Survey (NGTS),5321.0,14.333,521.233
TOI-2497 b,10.655669,11.14172682,0.61649394,1,Transit,Transiting Exoplanet Survey Satellite (TESS),7360.0,9.547,285.289
TOI-5542 b,75.12375,11.30986153,0.40352331,1,Transit,Transiting Exoplanet Survey Satellite (TESS),5700.0,12.42,348.849
TOI-2338 b,22.65398,11.2089807,0.22417961,1,Transit,Transiting Exoplanet Survey Satellite (TESS),5581.0,12.483,313.996
PZ Tel b,44000.0,11.9,,0,Imaging,W. M. Keck Observatory,5169.0,8.43,47.0648
TOI-2364 b,4.0197517,8.60849718,0.25780656,1,Transit,Transiting Exoplanet Survey Satellite (TESS),5306.0,12.234,219.614
TOI-969 c,1700.0,12.4,,0,Radial Velocity,Multiple Observatories,4435.0,11.646,77.2554
K2-3 d,44.55603,1.458,0.056,1,Transit,K2,3844.0,12.168,44.0727
K2-3 c,24.646729,1.582,0.057,1,Transit,K2,3844.0,12.168,44.0727
HD 111998 b,810.0,12.9,,0,Radial Velocity,La Silla Observatory,6557.0,6.11006,33.2237
HIP 70849 b,3649.0,12.9,,0,Radial Velocity,La Silla Observatory,4105.0,10.421,24.0572
HD 114783 c,4352.0,13.4,,0,Radial Velocity,W. M. Keck Observatory,5135.0,7.56,21.0628
Kepler-409 b,68.9583216,1.199,0.043,1,Transit,Kepler,5421.0,9.636,68.173
Kepler-20 f,19.578328,0.952,0.047,1,Transit,Kepler,5495.0,12.61,282.563
TOI-411 c,9.573083,2.328,0.038,1,Transit,Transiting Exoplanet Survey Satellite (TESS),6169.0,8.270001,62.7792
HD 140901 c,14386.0,13.4,,0,Radial Velocity,Multiple Observatories,5610.0,6.01,15.2528
Kepler-102 c,7.071392,0.567,0.028,1,Transit,Kepler,4909.0,12.072,107.796
K2-416 b,13.102,2.66,0.19,1,Transit,K2,3746.0,14.794,120.311
TOI-411 b,4.040295,1.362,0.04,1,Transit,Transiting Exoplanet Survey Satellite (TESS),6169.0,8.270001,62.7792
HIP 54597 b,3274.0,13.3,,0,Radial Velocity,La Silla Observatory,4799.0,9.83,39.7429
HD 75302 b,4356.0,12.8,,0,Radial Velocity,La Silla Observatory,5697.46,7.45,30.3288
Kepler-68 c,9.605027,0.979,0.019,1,Transit,Kepler,5847.0,10.077,144.166
HD 15906 b,10.924709,2.24,0.08,1,Transit,Transiting Exoplanet Survey Satellite (TESS),4757.0,9.78,45.5621
HIP 81208 C b,104100.0,12.3,,0,Imaging,Paranal Observatory,,,147.533
HD 108202 b,2990.0,13.1,,0,Radial Velocity,La Silla Observatory,4556.03,10.26,38.6846
Kepler-323 b,1.678328,1.381,0.035,1,Transit,Kepler,6004.0,12.78,454.883
HD 15906 c,21.583298,2.93,0.07,1,Transit,Transiting Exoplanet Survey Satellite (TESS),4757.0,9.78,45.5621
TOI-622 b,6.402513,9.2362001,0.31385146,1,Transit,Transiting Exoplanet Survey Satellite (TESS),6400.0,8.995,123.297
TOI-4201 b,3.5819194,13.67495645,0.44835923,1,Transit,Transiting Exoplanet Survey Satellite (TESS),3794.0,15.163,189.011
HD 99492 b,17.0503,5.44,,0,Radial Velocity,W. M. Keck Observatory,4929.0,7.56727,18.2038
Kepler-454 b,10.5737534,2.37,0.13,1,Transit,Kepler,5687.0,11.567,230.869
Kepler-109 b,6.4816307,2.49,0.11,1,Transit,Kepler,5950.0,12.398,474.861
GJ 1252 b,0.5182331,1.193,0.074,1,Transit,Transiting Exoplanet Survey Satellite (TESS),3458.0,12.68,20.373
HAT-P-2 c,8500.0,12.4,,0,Radial Velocity,Multiple Observatories,6412.0,8.72,127.774
TOI-858 B b,3.2797178,14.06727078,0.43715025,1,Transit,Transiting Exoplanet Survey Satellite (TESS),5842.0,11.183,250.489
K2-36 b,1.422614,1.43,0.08,1,Transit,K2,4916.0,11.726,109.749
K2-36 c,5.340888,3.2,0.3,1,Transit,K2,4916.0,11.726,109.749
Kepler-538 b,81.73778,2.215,0.04,1,Transit,Kepler,5534.0,11.27,155.956
TOI-1235 b,3.444714,1.69,0.08,1,Transit,Transiting Exoplanet Survey Satellite (TESS),3997.0,11.495,39.6345
TOI-1052 b,9.139703,2.87,0.29,1,Transit,Transiting Exoplanet Survey Satellite (TESS),6146.0,9.511,129.804
K2-110 b,13.86375,2.592,0.098,1,Transit,K2,5010.0,11.985,116.474
TOI-2018 b,7.435583,2.268,0.069,1,Transit,Transiting Exoplanet Survey Satellite (TESS),4174.0,10.25,27.9956
TOI-1052 c,35.806,6.48,,0,Radial Velocity,Multiple Observatories,6146.0,9.511,129.804
TOI-519 b,1.2652328,11.54525012,0.33626942,1,Transit,Transiting Exoplanet Survey Satellite (TESS),3322.0,17.35,115.557
TOI-244 b,7.397225,1.52,0.12,1,Transit,Transiting Exoplanet Survey Satellite (TESS),3433.0,12.861,22.0337
TOI-4184 b,4.9019804,2.43,0.21,1,Transit,Transiting Exoplanet Survey Satellite (TESS),3238.0,17.12,69.3649
TOI-470 b,12.19148,4.34,0.29,1,Transit,Transiting Exoplanet Survey Satellite (TESS),5190.0,11.171,130.46
TOI-1470 b,2.527093,2.18,0.04,1,Transit,Transiting Exoplanet Survey Satellite (TESS),3709.0,13.459,51.9503
Kepler-21 b,2.7858212,1.639,0.019,1,Transit,Kepler,6305.0,8.25,108.522
Kepler-78 b,0.35500745,1.201,0.028,1,Transit,Kepler,5058.0,11.717,124.376
WISE J033605.05-014350.4 b,2560.0,12.6,,0,Imaging,James Webb Space Telescope (JWST),415.0,,
HD 6860 b,663.87,11.9,,0,Radial Velocity,Bohyunsan Optical Astronomical Observatory,3802.0,2.06763,61.12469
TOI-1470 c,18.08816,2.47,0.02,1,Transit,Transiting Exoplanet Survey Satellite (TESS),3709.0,13.459,51.9503
K2-12 b,8.28246,2.44,0.3,1,Transit,K2,5672.0,12.38,326.381
GJ 649 b,600.1,10.8,,0,Radial Velocity,W. M. Keck Observatory,3734.0,9.7,10.3796
HD 36384 b,490.0,12.7,,0,Radial Velocity,Bohyunsan Optical Astronomical Observatory,3940.0,6.18839,209.309
K2-2016-BLG-0005L b,4700.0,13.7,,0,Microlensing,K2,,,5200.0
GJ 849 b,1925.31,13.9,,0,Radial Velocity,W. M. Keck Observatory,3467.0,10.41,8.80058
GJ 849 c,5990.0,13.8,,0,Radial Velocity,W. M. Keck Observatory,3467.0,10.41,8.80058
Kepler-68 b,5.39875259,2.357,0.023,1,Transit,Kepler,5847.0,10.077,144.166
Kepler-107 d,7.95839,0.86,0.06,1,Transit,Kepler,5854.0,12.543,525.997
TOI-139 b,11.07085,2.4566,0.2122,1,Transit,Transiting Exoplanet Survey Satellite (TESS),4570.0,10.55,42.4061
HD 62364 b,5138.0,12.1,,0,Radial Velocity,Multiple Observatories,6255.0,7.32,53.112
BD-210397 b,1891.0,14.0,,0,Radial Velocity,La Silla Observatory,4051.0,9.84,23.7324
WASP-79 b,3.662392,17.14974047,0.44835923,1,Transit,SuperWASP,6600.0,10.044,246.69
Kepler-454 d,4073.0,13.3,,0,Radial Velocity,Roque de los Muchachos Observatory,5687.0,11.567,230.869
HD 74698 b,15.017,5.12,,0,Radial Velocity,La Silla Observatory,5783.0,7.78,52.0648
HD 74698 c,3449.0,14.0,,0,Radial Velocity,La Silla Observatory,5783.0,7.78,52.0648
GJ 9404 b,13.4586,3.48,,0,Radial Velocity,Roque de los Muchachos Observatory,3811.0,10.62,23.8839
GJ 832 b,3853.0,13.8,,0,Radial Velocity,Anglo-Australian Telescope,3472.0,8.66,4.96435
Kepler-323 c,3.5538229,1.57,0.04,1,Transit,Kepler,6004.0,12.78,454.883
TOI-5803 b,5.38305,3.2732,0.1251,1,Transit,Transiting Exoplanet Survey Satellite (TESS),5134.0,10.655,84.0126
TOI-1680 b,4.8026345,1.466,0.063,1,Transit,Transiting Exoplanet Survey Satellite (TESS),3225.0,15.87,37.2209
HD 100777 b,383.0,13.7,,0,Radial Velocity,La Silla Observatory,5533.0,8.42,49.5336
HD 215497 c,566.0,13.0,,0,Radial Velocity,La Silla Observatory,5113.0,8.96,40.5468
Kepler-107 c,4.901452,1.597,0.026,1,Transit,Kepler,5854.0,12.543,525.997
K2-3 b,10.0546535,2.078,0.076,1,Transit,K2,3844.0,12.168,44.0727
Kepler-107 b,3.1800218,1.536,0.025,1,Transit,Kepler,5854.0,12.543,525.997
Kepler-122 d,21.587475,2.2,0.44,1,Transit,Kepler,6050.0,14.403,1027.45
HD 167677 b,1820.0,13.2,,0,Radial Velocity,Multiple Facilities,5474.0,8.9,54.3258
HD 165131 b,2342.6,12.1,,0,Radial Velocity,Multiple Facilities,5870.0,8.42,57.4263
HIP 39017 b,31000.0,12.0,,0,Imaging,Multiple Observatories,7201.0,6.96076,66.3217
Kepler-415 c,8.708,2.01,0.15,1,Transit,Kepler,4362.0,16.142,530.487
omi UMa b,1569.81,13.0,,0,Radial Velocity,Okayama Astrophysical Observatory,5075.0,3.35214,54.9149
omi CrB b,187.01,13.7,,0,Radial Velocity,Okayama Astrophysical Observatory,4769.0,5.5052,84.7883
TOI-544 b,1.548352,2.018,0.076,1,Transit,Transiting Exoplanet Survey Satellite (TESS),4169.0,10.777,41.1166
Teegarden's Star d,26.13,0.954,,0,Radial Velocity,Multiple Observatories,3034.0,15.13,3.83078
TOI-782 b,8.0240015,2.734,0.085,1,Transit,Transiting Exoplanet Survey Satellite (TESS),3370.0,14.83,52.5122
HD 4732 c,3184.2,13.1,,0,Radial Velocity,Multiple Observatories,4898.0,5.9,54.7841
HD 4732 b,371.74,13.4,,0,Radial Velocity,Multiple Observatories,4898.0,5.9,54.7841
ome Ser b,278.59,14.0,,0,Radial Velocity,Okayama Astrophysical Observatory,4724.0,5.21644,76.7556
TOI-2010 b,141.834025,11.81426566,0.30264248,1,Transit,Transiting Exoplanet Survey Satellite (TESS),5929.0,9.849,109.19
TOI-1273 b,4.631296,11.09689089,2.46597575,1,Transit,Transiting Exoplanet Survey Satellite (TESS),5690.0,10.98,177.118
TOI-904 b,10.8772,2.426,0.163,1,Transit,Transiting Exoplanet Survey Satellite (TESS),3770.2,12.588,46.0891
HD 2952 b,312.08,13.9,,0,Radial Velocity,Okayama Astrophysical Observatory,4853.0,5.9258,110.103
TOI-2416 b,8.275479,9.86390302,0.22417961,1,Transit,Transiting Exoplanet Survey Satellite (TESS),5808.0,13.019,557.733
TOI-2373 b,13.33668,10.42435205,0.22417961,1,Transit,Transiting Exoplanet Survey Satellite (TESS),5651.0,13.251,508.686
TOI-904 c,83.9997,2.167,0.13,1,Transit,Transiting Exoplanet Survey Satellite (TESS),3770.2,12.588,46.0891
TOI-4860 b,1.5227591,8.7,0.4,1,Transit,Transiting Exoplanet Survey Satellite (TESS),3260.0,16.47,80.1423
TOI-4633 c,271.9445,3.2,0.2,1,Transit,Transiting Exoplanet Survey Satellite (TESS),5800.0,9.017,95.2016
gam Lib b,414.88,13.7,,0,Radial Velocity,Okayama Astrophysical Observatory,4879.0,3.90672,47.4017
HD 47366 b,360.08,13.4,,0,Radial Velocity,Okayama Astrophysical Observatory,4866.0,6.11151,84.3552
HD 47366 c,677.53,13.5,,0,Radial Velocity,Okayama Astrophysical Observatory,4866.0,6.11151,84.3552
Kepler-100 e,60.888588,5.27,,0,Radial Velocity,W. M. Keck Observatory,5884.0,11.055,304.645
NGTS-27 b,3.3704181,15.64773706,0.42594127,1,Transit,Transiting Exoplanet Survey Satellite (TESS),5700.0,13.523,942.122
HD 134606 d,966.5,7.59,,0,Radial Velocity,Multiple Observatories,5576.0,6.86,26.7909
HATS-2 b,1.35413379,12.57647635,0.26901554,1,Transit,HATSouth,5227.0,13.565,341.925
TOI-5398 c,4.77271,3.52,0.19,1,Transit,Transiting Exoplanet Survey Satellite (TESS),6000.0,10.059,130.855
HD 134606 f,26.915,2.24,,0,Radial Velocity,Multiple Observatories,5576.0,6.86,26.7909
HD 134606 e,4.3203,1.33,,0,Radial Velocity,Multiple Observatories,5576.0,6.86,26.7909
TOI-238 c,8.465651,2.18,0.18,1,Radial Velocity,Multiple Observatories,5059.0,10.748,80.5407
Kepler-1513 c,841.4,11.0,,0,Transit Timing Variations,Multiple Observatories,5491.0,13.071,349.247
HIP 66074 b,310.9,12.9,,0,Astrometry,European Space Agency (ESA) Gaia Satellite,4300.0,10.25,35.4438
HAT-P-19 b,4.00878322,11.29865255,0.15692573,1,Transit,HATNet,4962.0,12.826,202.078
Kepler-849 b,394.62508,8.08167508,0.30264248,1,Transit,Kepler,5950.0,12.878,822.134
TOI-1853 b,1.2436258,3.46,0.08,1,Transit,Transiting Exoplanet Survey Satellite (TESS),4985.0,12.178,165.105
TOI-5126 b,5.4588385,4.74,0.16,1,Transit,Transiting Exoplanet Survey Satellite (TESS),6150.0,10.141,160.414
Kepler-1513 b,160.8842,8.594,0.036,1,Transit,Kepler,5491.0,13.071,349.247
HAT-P-51 b,4.21802091,13.50682174,0.19055267,1,Transit,HATNet,5453.0,13.51,440.089
Kepler-553 c,328.24017,11.57887706,0.35868738,1,Transit,Kepler,5191.0,15.034,728.525
Kepler-111 c,224.77833,7.0840758,0.25780656,1,Transit,Kepler,5914.0,13.543,657.223
14 And b,186.76,13.1,,0,Radial Velocity,Okayama Astrophysical Observatory,4888.0,5.23133,75.4392
18 Del b,982.85,12.5,,0,Radial Velocity,Okayama Astrophysical Observatory,4980.0,5.51048,76.222
GJ 724 b,5.101284,3.27,,0,Radial Velocity,Calar Alto Observatory,3799.0,10.638,16.9658
Kepler-553 b,4.030467,4.74139884,0.17934369,1,Transit,Kepler,5191.0,15.034,728.525
6 Lyn b,919.86,13.4,,0,Radial Velocity,Okayama Astrophysical Observatory,4941.0,5.87307,54.6599
4 UMa b,270.27,12.6,,0,Radial Velocity,Thueringer Landessternwarte Tautenburg,4415.0,4.5801,73.4603
TOI-4641 b,22.09341,8.18255591,0.2914335,1,Transit,Transiting Exoplanet Survey Satellite (TESS),6560.0,7.51,86.3501
CI Tau c,25.2,13.0,,0,Radial Velocity,Multiple Observatories,3807.0,13.642,157.998
TOI-1994 b,4.0337142,13.67495645,0.91913642,1,Transit,Transiting Exoplanet Survey Satellite (TESS),7700.0,10.514,515.603
TOI-4515 b,15.266446,12.17,0.43,1,Transit,Transiting Exoplanet Survey Satellite (TESS),5433.0,11.938,193.499
HD 145457 b,176.13,13.2,,0,Radial Velocity,Subaru Telescope,4757.0,6.57226,135.292
HD 167042 b,417.67,13.6,,0,Radial Velocity,Lick Observatory,4919.0,5.98796,49.6633
LHS 1678 c,3.694284,0.941,0.051,1,Transit,Transiting Exoplanet Survey Satellite (TESS),3490.0,12.6,19.8782
HD 173416 b,322.03,13.4,,0,Radial Velocity,Xinglong Station,4683.0,6.04188,132.184
HD 32518 b,157.35,13.2,,0,Radial Velocity,Thueringer Landessternwarte Tautenburg,4580.0,6.43005,122.115
HS Psc b,3.986,13.6,,0,Radial Velocity,McDonald Observatory,4203.0,10.769,37.6604
HD 81688 b,183.93,13.5,,0,Radial Velocity,Okayama Astrophysical Observatory,4797.0,5.39755,85.7183
kap CrB b,1253.68,13.3,,0,Radial Velocity,Lick Observatory,4840.0,4.79734,30.0651
TOI-4559 b,3.965991,1.415,0.126,1,Transit,Transiting Exoplanet Survey Satellite (TESS),3558.0,13.115,31.6354
11 Com b,323.21,12.2,,0,Radial Velocity,Xinglong Station,4874.0,4.72307,93.1846
nu Oph b,529.93,12.0,,0,Radial Velocity,Okayama Astrophysical Observatory,4887.0,3.31216,46.2107
TOI-4377 b,4.378081,15.10970598,0.90792744,1,Transit,Transiting Exoplanet Survey Satellite (TESS),4974.0,11.707,455.82
HD 76920 b,415.891,13.1,,0,Radial Velocity,Multiple Observatories,4664.0,7.83,184.031
75 Cet b,696.62,13.3,,0,Radial Velocity,Okayama Astrophysical Observatory,4809.0,5.3532,82.9613
LHS 3154 b,3.71778,3.69,,0,Radial Velocity,McDonald Observatory,2861.0,17.65,15.7606
TOI-1269 b,4.2529913,2.40144286,0.15036543,1,Transit,Transiting Exoplanet Survey Satellite (TESS),5499.0,11.618,172.138
Kepler-23 d,15.27,2.206,0.057,1,Transit,Kepler,5828.0,13.567,835.756
TOI-3919 b,7.433234,12.31866979,0.582867,1,Transit,Transiting Exoplanet Survey Satellite (TESS),6100.0,12.858,604.591
TOI-1288 b,2.6998279,4.96846551,0.10805813,1,Transit,Transiting Exoplanet Survey Satellite (TESS),5388.0,10.445,114.865
GJ 238 b,1.7446999,0.566,0.014,1,Transit,Transiting Exoplanet Survey Satellite (TESS),3485.0,11.62,15.2142
Kepler-49 c,10.91,2.444,0.083,1,Transit,Kepler,4095.6,15.655,311.222
TOI-5232 b,4.0966692,12.778238,0.57165802,1,Transit,Transiting Exoplanet Survey Satellite (TESS),6500.0,12.246,609.388
TOI-1410.01,1.21687,3.10083009,0.22026793,1,Transit,Transiting Exoplanet Survey Satellite (TESS),4635.0,11.111,72.7512
TOI-1386 b,25.8401,6.2163865,0.20643815,1,Transit,Transiting Exoplanet Survey Satellite (TESS),5735.0,10.61,146.858
TOI-6029 b,5.7987,14.39233122,1.09848011,1,Transit,Transiting Exoplanet Survey Satellite (TESS),6223.0,12.858,603.119
Kepler-128 c,22.8,1.521,0.047,1,Transit,Kepler,6072.0,11.693,396.379
TOI-1451 b,16.537944,2.61143902,0.13407193,1,Transit,Transiting Exoplanet Survey Satellite (TESS),5801.0,9.584,91.9362
TIC 4672985 b,69.048,11.5004142,0.75100171,1,Transit,Transiting Exoplanet Survey Satellite (TESS),5757.0,11.501,253.385
TOI-5218 b,4.291452,9.86,0.39,1,Transit,Transiting Exoplanet Survey Satellite (TESS),4230.0,16.044,377.483
Kepler-305 d,16.74,2.76,0.12,1,Transit,Kepler,5090.0,15.851,868.477
TOI-1601 b,5.33175,14.19902343,0.64857111,1,Transit,Transiting Exoplanet Survey Satellite (TESS),5982.0,10.66,336.608
TOI-1444 b,0.4702743,1.41792246,0.0467336,1,Transit,Transiting Exoplanet Survey Satellite (TESS),5460.0,10.936,125.463
TOI-1736 b,7.073076,3.18175535,0.12195694,1,Transit,Transiting Exoplanet Survey Satellite (TESS),5636.0,8.953,88.9482
TOI-5634 A b,2.2035373,10.42,0.62,1,Transit,Transiting Exoplanet Survey Satellite (TESS),3896.0,16.854,306.144
TOI-1683.01,3.0575356,2.6382,0.276387,1,Transit,Transiting Exoplanet Survey Satellite (TESS),4402.0,10.97,51.1884
TOI-1298 b,4.537143,9.65807033,0.19896656,1,Transit,Transiting Exoplanet Survey Satellite (TESS),5752.0,11.889,319.036
TOI-1751 b,37.46852,2.9507845,0.11061818,1,Transit,Transiting Exoplanet Survey Satellite (TESS),5970.0,9.327,113.335
K2-419 A b,20.35847252,10.55,0.39,1,Transit,K2,3711.0,16.52,268.685
TOI-2095 b,17.66484,1.25,0.07,1,Transit,Transiting Exoplanet Survey Satellite (TESS),3759.0,13.19,41.9176
HIP 97166 b,10.288914,2.4801338,0.07271432,1,Transit,Transiting Exoplanet Survey Satellite (TESS),5216.0,9.92,65.9501
TOI-1776 b,2.799868,1.21612741,0.0898466,1,Transit,Transiting Exoplanet Survey Satellite (TESS),5785.0,8.26,44.647
Kepler-963 c,0.919783,0.6,0.2,1,Transit,Kepler,5169.47,15.091,771.494
BD-14 3065 b,4.2889731,21.59,1.05,1,Transit,Transiting Exoplanet Survey Satellite (TESS),6935.0,11.1,589.423
HIP 97166 c,16.432,2.75,,0,Radial Velocity,Multiple Observatories,5216.0,9.92,65.9501
TOI-1794 b,8.765528,3.29701268,0.16656615,1,Transit,Transiting Exoplanet Survey Satellite (TESS),5631.0,10.32,155.791
TOI-663 c,4.6955507,2.26,0.1,1,Transit,Transiting Exoplanet Survey Satellite (TESS),3681.0,13.667,64.2308
TOI-1842 b,9.5739181,12.3485023,0.27917829,1,Transit,Transiting Exoplanet Survey Satellite (TESS),6039.0,9.815,223.465
TOI-1824 b,22.808533,2.7438269,0.08672208,1,Transit,Transiting Exoplanet Survey Satellite (TESS),5165.0,9.721,59.4314
SPECULOOS-3 b,0.71912603,0.977,0.022,1,Transit,SPECULOOS Southern Observatory,2800.0,17.8,
TOI-3071 b,1.266938,7.16,0.57,1,Transit,Transiting Exoplanet Survey Satellite (TESS),6177.0,12.383,485.219
TOI-2019 b,15.3444,5.33275337,0.26371361,1,Transit,Transiting Exoplanet Survey Satellite (TESS),5626.0,10.263,198.007
TIC 139270665 c,1010.0,12.9,,0,Radial Velocity,Lick Observatory,5844.0,10.385,189.875
HD 48948 b,7.34013,2.06,,0,Radial Velocity,Roque de los Muchachos Observatory,4593.0,8.58,16.9043
HD 93963 A c,3.6451389,3.11976057,0.13502367,1,Transit,Transiting Exoplanet Survey Satellite (TESS),5908.0,9.182,82.3432
HD 93963 A b,1.0376109,1.46954368,0.07347231,1,Transit,Transiting Exoplanet Survey Satellite (TESS),5908.0,9.182,82.3432
TOI-815 c,34.976145,2.62,0.1,1,Transit,Transiting Exoplanet Survey Satellite (TESS),4869.0,10.217,59.7117
HD 48948 c,38.06,2.6,,0,Radial Velocity,Roque de los Muchachos Observatory,4593.0,8.58,16.9043
HD 48948 d,151.92,3.24,,0,Radial Velocity,Roque de los Muchachos Observatory,4593.0,8.58,16.9043
HIP 8152 c,19.60562,2.52442508,0.14962921,1,Transit,Transiting Exoplanet Survey Satellite (TESS),5618.0,10.07,101.694
HIP 8152 b,10.751014,2.53625843,0.15691518,1,Transit,Transiting Exoplanet Survey Satellite (TESS),5618.0,10.07,101.694
TOI-1669 b,500.0,14.1,,0,Radial Velocity,W. M. Keck Observatory,5497.0,10.218,111.276
TOI-329 b,5.70439,4.94057819,0.29202617,1,Transit,Transiting Exoplanet Survey Satellite (TESS),5614.0,11.262,284.388
TOI-480 b,6.866196,2.85372018,0.13233983,1,Transit,Transiting Exoplanet Survey Satellite (TESS),6174.0,7.28,54.5306
TOI-1410 c,47.56,5.63,,0,Radial Velocity,W. M. Keck Observatory,4635.0,11.111,72.7512
TOI-757 b,17.46819,2.5,0.1,1,Transit,Transiting Exoplanet Survey Satellite (TESS),5278.0,9.743,60.3418
TOI-1450 A c,5.0688,1.13,,0,Transit,Gemini Observatory,3437.0,12.28,22.4467
TOI-1855 b,1.36414864,18.49481816,5.82866996,1,Transit,Transiting Exoplanet Survey Satellite (TESS),5359.0,11.197,176.833
TOI-3261 b,0.8831331,3.82,0.42,1,Transit,Transiting Exoplanet Survey Satellite (TESS),5068.0,13.261,300.141
TOI-669 b,3.945152,2.58606487,0.13042739,1,Transit,Transiting Exoplanet Survey Satellite (TESS),5597.0,10.606,142.867
HD 25463 b,7.0491423,2.54535814,0.1117151,1,Transit,Transiting Exoplanet Survey Satellite (TESS),6353.0,6.91134,45.6181
HD 73344 b,15.611,2.884,0.082,1,Transit,K2,6252.6,6.89351,35.26
TOI-2368 b,5.1750073,10.83908434,0.40352331,1,Transit,Transiting Exoplanet Survey Satellite (TESS),5360.0,12.486,210.915
TOI-2107 b,2.4545467,13.57407563,0.39231432,1,Transit,Transiting Exoplanet Survey Satellite (TESS),5627.0,12.0363,236.705
TOI-1248 b,4.3601561,6.8084859,0.116716,1,Transit,Transiting Exoplanet Survey Satellite (TESS),5205.0,11.806,168.735
TOI-837 b,8.3249113,9.16894621,0.38110534,1,Transit,Transiting Exoplanet Survey Satellite (TESS),5995.0,10.635,142.488
SWEEPS-11 b,1.796,12.666,2.354,1,Transit,Hubble Space Telescope,,19.83,8500.0
Kepler-24 c,12.33,2.514,0.098,1,Transit,Kepler,6028.0,15.04,1156.81
Kepler-57 b,5.72,3.135,0.09,1,Transit,Kepler,5187.9,15.017,644.14
TOI-3321 b,3.6525145,15.55806521,0.78462865,1,Transit,Transiting Exoplanet Survey Satellite (TESS),5850.0,11.076,285.895
TOI-1744.01,22.341702927,2.68,0.263,1,Transit,Transiting Exoplanet Survey Satellite (TESS),6179.0,9.543,114.39
K2-360 c,9.79692,4.02,,0,Radial Velocity,Multiple Observatories,5679.0,11.746,232.1
WASP-132 b,7.1335164,10.09929161,0.42594127,1,Transit,SuperWASP-South,4686.0,11.938,122.91
TOI-469.01,13.6308205,3.41,0.046,1,Transit,Transiting Exoplanet Survey Satellite (TESS),5289.0,9.49,68.192
K2-260 b,2.62669762,18.41635529,0.65012088,1,Transit,K2,6860.0,12.624,663.834
K2-237 b,2.18053332,16.06246934,0.62770292,1,Transit,K2,6180.0,11.602,314.995
TOI-1772.01,8.054246874,2.905,0.328,1,Transit,Transiting Exoplanet Survey Satellite (TESS),5583.0,9.955,97.7562
WASP-132 c,1.01153624,1.841,0.094,1,Transit,Transiting Exoplanet Survey Satellite (TESS),4686.0,11.938,122.91
BD-17 63 b,655.57,12.8,,0,Radial Velocity,La Silla Observatory,4714.0,9.62,34.4603
K2-261 b,11.6334681,9.26982704,0.36989636,1,Transit,K2,5490.0,10.612,213.283
K2-321 b,2.2979749,2.05124347,0.16813471,1,Transit,K2,3750.0,13.677,77.6888
TOI-1777.01,14.650111974,2.246,0.279,1,Transit,Transiting Exoplanet Survey Satellite (TESS),5859.0,9.31,79.7665
HD 20794 d,89.68,2.04,,0,Radial Velocity,La Silla Observatory,5368.0,4.26,6.00278
HD 175167 b,1175.0,12.3,,0,Radial Velocity,Las Campanas Observatory,5635.0,8.01,71.0863
Kepler-289 d,66.0282,3.03,0.08,1,Transit,Kepler,5990.0,14.142,704.438
Kepler-289 c,125.8723,11.23,0.21,1,Transit,Kepler,5990.0,14.142,704.438
K2-167 b,9.978541,2.36509493,0.21297063,1,Transit,K2,6310.0,8.24,80.8994
K2-265 b,2.36902,1.70824866,0.11208981,1,Transit,K2,5420.0,11.187,138.671
Kepler-289 b,34.5383,2.49,0.07,1,Transit,Kepler,5990.0,14.142,704.438
KELT-24 b,5.55149296,12.71098411,0.30264248,1,Transit,KELT-North,6426.0,8.34,96.5173
TOI-3568 b,4.417965,5.3,0.27,1,Transit,Transiting Exoplanet Survey Satellite (TESS),4969.0,12.879,197.906
K2-57 b,9.0073,2.30905002,0.16813471,1,Transit,K2,4413.0,14.414,264.213
K2-54 b,9.7833,2.6116925,0.21297063,1,Transit,K2,3990.0,14.542,174.955
TOI-4638.01,10.283918787,2.933,0.376,1,Transit,Transiting Exoplanet Survey Satellite (TESS),5700.0,11.657,168.248
TOI-5076 b,23.443162,3.48935569,0.09975993,1,Transit,Transiting Exoplanet Survey Satellite (TESS),4780.0,10.9,82.857
K2-77 b,8.2000844,2.4996027,0.16813471,1,Transit,K2,5160.0,12.224,141.731
K2-180 b,8.865663,2.46597575,0.10984801,1,Transit,K2,5365.0,12.557,203.896
TOI-2458 c,16.553,3.18,,0,Radial Velocity,La Silla Observatory,6005.0,9.202,112.958
K2-97 b,8.407115,13.45077684,1.23298788,1,Transit,K2,4673.0,12.486,878.43
K2-182 b,4.7369696,2.71257333,0.11096891,1,Transit,K2,5128.0,11.833,154.83
Kepler-105 b,5.4122034,2.53,0.07,1,Transit,Kepler,5933.0,12.981,459.223
TOI-2537 b,94.1022,11.25381662,0.66132986,1,Transit,Transiting Exoplanet Survey Satellite (TESS),4870.0,13.236,184.986
K2-98 b,10.1367349,5.06645928,0.31385146,1,Transit,K2,6260.0,12.216,518.625
K2-114 b,11.390931,10.59248676,0.32506044,1,Transit,K2,4899.0,14.55,475.758
TOI-4994 b,21.491984,8.54124329,0.33626942,1,Transit,Transiting Exoplanet Survey Satellite (TESS),5640.0,12.652,329.304
Kepler-105 c,7.12592,1.44,0.04,1,Transit,Kepler,5933.0,12.981,459.223
TOI-2295 c,966.5,12.8,,0,Radial Velocity,Haute-Provence Observatory,5730.0,9.595,126.279
TOI-5110 b,30.158577,11.98240037,0.60528496,1,Transit,Transiting Exoplanet Survey Satellite (TESS),6160.0,11.06,392.259
TOI-2537 c,1920.0,12.7,,0,Radial Velocity,Multiple Observatories,4870.0,13.236,184.986
K2-115 b,20.2729914,11.80305668,0.33626942,1,Transit,K2,5870.0,13.444,413.591
K2-277 b,6.326768,2.18575124,0.20176165,1,Transit,K2,5680.0,10.364,113.123
TOI-406 c,3.307441,1.32,0.12,1,Transit,Transiting Exoplanet Survey Satellite (TESS),3392.0,13.773,31.0597
TOI-5005 b,6.3085044,6.25,0.24,1,Transit,Transiting Exoplanet Survey Satellite (TESS),5749.0,11.867,207.891
HD 86728 b,31.1515,3.03,,0,Radial Velocity,Multiple Observatories,5610.0,5.37988,14.9202
TOI-5688 A b,2.94815527,10.3,0.6,1,Transit,Transiting Exoplanet Survey Satellite (TESS),3713.0,15.78,226.318
HD 222237 b,14892.0,12.8,,0,Radial Velocity,Multiple Observatories,4751.0,7.09,11.4469
HD 21520 b,25.1292,2.697,0.09,1,Transit,Transiting Exoplanet Survey Satellite (TESS),5871.0,9.17,79.208
TOI-2768 b,1.50801,2.63,0.45,1,Transit,Transiting Exoplanet Survey Satellite (TESS),4008.0,12.66,78.4525
TOI-1174 b,8.953487683,2.562,0.252,1,Transit,Transiting Exoplanet Survey Satellite (TESS),5030.0,10.964,94.6375
TOI-2981 b,3.601501,13.4,0.42,1,Transit,Transiting Exoplanet Survey Satellite (TESS),5940.0,13.361,527.789
TOI-1180 b,9.686760378,3.072,0.27,1,Transit,Transiting Exoplanet Survey Satellite (TESS),4738.0,11.017,72.0238
TOI-5713 b,10.441989,1.77,0.17,1,Transit,Transiting Exoplanet Survey Satellite (TESS),3225.0,15.355,40.8668
TOI-6002 b,10.904821,1.65,0.22,1,Transit,Transiting Exoplanet Survey Satellite (TESS),3229.0,14.6,32.0266
HD 135694 b,15.923475568,2.857,0.227,1,Transit,Transiting Exoplanet Survey Satellite (TESS),5712.0,9.08,73.8713
TOI-1295 b,3.1968838,15.69257298,0.89671846,1,Transit,Transiting Exoplanet Survey Satellite (TESS),6280.0,11.303,388.227
TOI-6130 b,2.392679,14.3474953,0.33626942,1,Transit,Transiting Exoplanet Survey Satellite (TESS),6110.0,11.21,220.882
TOI-1437 b,18.840942,2.24,0.23,1,Transit,Transiting Exoplanet Survey Satellite (TESS),6008.0,9.173,103.297
HD 183579 b,17.471291,3.49,0.07,1,Transit,Transiting Exoplanet Survey Satellite (TESS),5784.0,8.67,57.2651
K2-203 b,9.6952,1.26549392,0.10200172,1,Transit,K2,5026.0,12.391,166.147
TOI-6651 b,5.056973,5.09,0.27,1,Transit,Transiting Exoplanet Survey Satellite (TESS),5940.0,10.242,212.128
TOI-1630.01,12.055734733,2.417,0.228,1,Transit,Transiting Exoplanet Survey Satellite (TESS),5504.0,9.624,66.0929
TOI-1467 b,5.97114713,1.92,0.171,1,Transit,Transiting Exoplanet Survey Satellite (TESS),3834.0,12.293,37.4418
TOI-1659.01,5.877556328,2.255,0.254,1,Transit,Transiting Exoplanet Survey Satellite (TESS),5977.0,10.078,122.494
HD 101581 c,6.20401,0.99,0.07,1,Transit,Transiting Exoplanet Survey Satellite (TESS),4675.0,7.77,12.7781
K2-208 b,4.19097,1.67462172,0.12329879,1,Transit,K2,5500.0,12.577,256.887
TOI-1716.01,8.082376554,3.143,0.409,1,Transit,Transiting Exoplanet Survey Satellite (TESS),5879.0,9.406,104.158
TOI-6038 A b,5.8267311,6.41,0.2,1,Transit,Transiting Exoplanet Survey Satellite (TESS),6110.0,9.913,179.147
HIP 116454 b,9.1004157,2.469,0.1,1,Transit,K2,5048.0,10.19,62.4491
TOI-2420 b,5.842641,15.02003414,0.82946457,1,Transit,Transiting Exoplanet Survey Satellite (TESS),5707.0,11.574,435.174
K2-225 b,15.8723,3.60929179,0.28022452,1,Transit,K2,5520.0,11.836,357.778
TOI-1739 b,8.303341406,1.946,0.226,1,Transit,Transiting Exoplanet Survey Satellite (TESS),4814.0,10.692,70.9819
HD 73344 d,5823.0,13.2,,0,Radial Velocity,Multiple Observatories,6148.0,6.89351,35.26
TOI-2485 b,11.23479,12.1393261,0.50440413,1,Transit,Transiting Exoplanet Survey Satellite (TESS),6016.4,11.935,397.953
K2-7 b,28.6781,4.03523305,0.30264248,1,Transit,K2,5700.0,13.453,738.553
HD 118203 c,5103.0,12.4,,0,Radial Velocity,Multiple Observatories,5742.0,8.05,92.2589
TOI-4734 b,6.235633,10.9175472,0.28022452,1,Transit,Transiting Exoplanet Survey Satellite (TESS),6070.0,12.358,563.068
TOI-1453 c,6.5886982,2.224,0.095,1,Transit,Transiting Exoplanet Survey Satellite (TESS),4975.0,11.113,78.7415
TOI-3493 b,8.1594667,3.22,0.08,1,Transit,Transiting Exoplanet Survey Satellite (TESS),5844.0,9.317,96.7224
TOI-2969 b,1.8237146,12.32987877,0.89671846,1,Transit,Transiting Exoplanet Survey Satellite (TESS),4738.0,12.796,163.996
TOI-5300 b,2.262196,9.86390302,0.89671846,1,Transit,Transiting Exoplanet Survey Satellite (TESS),4610.0,13.869,162.51
TOI-4794 b,3.5658116,14.35870428,0.49319515,1,Transit,Transiting Exoplanet Survey Satellite (TESS),6390.0,12.563,543.008
TOI-2443 b,15.66858,2.363,0.066,1,Transit,Transiting Exoplanet Survey Satellite (TESS),4375.0,9.51,23.9258
OGLE-2016-BLG-0007L b,14200.0,1.09,,0,Microlensing,OGLE,,,4300.0
TOI-5340 b,4.9394392,15.07607904,0.57165802,1,Transit,Transiting Exoplanet Survey Satellite (TESS),5990.0,12.399,532.629
AT2021ueyL b,4168.69,13.6,,0,Microlensing,Multiple Observatories,3680.0,,1040.0
Kepler-10 c,45.294301,2.355,0.022,1,Transit,Kepler,5708.0,11.043,185.506
TOI-2407 b,2.702969,4.26,0.26,1,Transit,Transiting Exoplanet Survey Satellite (TESS),3530.0,14.68,92.4366
TOI-5386 A b,3.62156552,14.70618268,0.32506044,1,Transit,Transiting Exoplanet Survey Satellite (TESS),6094.0,11.554,394.486
TOI-2015 c,5.582796,2.93,,0,Transit Timing Variations,Multiple Observatories,3297.0,16.11,47.3444
TOI-2015 b,3.348237,3.309,0.013,1,Transit,Transiting Exoplanet Survey Satellite (TESS),3297.0,16.11,47.3444
GJ 3998 b,2.65033,1.39,,0,Radial Velocity,Roque de los Muchachos Observatory,3726.0,10.844,18.1459
TOI-1117 b,2.22816,2.46,0.13,1,Transit,Transiting Exoplanet Survey Satellite (TESS),5635.0,11.016,167.598
GJ 3998 c,13.727,2.5,,0,Radial Velocity,Roque de los Muchachos Observatory,3726.0,10.844,18.1459
TOI-640 b,5.003777,19.2794468,0.56044903,1,Transit,Transiting Exoplanet Survey Satellite (TESS),6460.0,10.51,341.997
K2-157 d,66.5,5.16,,0,Radial Velocity,Paranal Observatory,5334.0,12.942,298.373
TOI-1117 c,4.579,2.91,,0,Radial Velocity,La Silla Observatory,5635.0,11.016,167.598
TOI-1117 d,8.665,3.27,,0,Radial Velocity,La Silla Observatory,5635.0,11.016,167.598
Proxima Cen d,5.12338,0.692,,0,Radial Velocity,La Silla Observatory,2900.0,11.01,1.30119
Proxima Cen b,11.18465,1.02,,0,Radial Velocity,European Southern Observatory,2900.0,11.01,1.30119
TIC 88785435 b,10.508843,5.03,0.21,1,Transit,Transiting Exoplanet Survey Satellite (TESS),3998.0,13.259,122.386
TOI-1238 c,3.294736,2.11,0.14,1,Transit,Transiting Exoplanet Survey Satellite (TESS),4089.0,12.796,70.7145
TOI-1238 b,0.764597,1.21,0.11,1,Transit,Transiting Exoplanet Survey Satellite (TESS),4089.0,12.796,70.7145
KOI-1843.03,0.1768913,0.61,0.12,1,Transit,Kepler,3584.0,15.295,134.311
TOI-5143 c,5.2097118,16.25302201,2.01761653,1,Transit,Transiting Exoplanet Survey Satellite (TESS),5183.0,11.935,181.38
TOI-1803 b,6.293287,2.99,0.08,1,Transit,Transiting Exoplanet Survey Satellite (TESS),4687.0,11.871,119.24
TOI-5882 b,7.148972,11.46678726,0.50440413,1,Transit,Transiting Exoplanet Survey Satellite (TESS),5920.0,11.315,416.104
TOI-4465 b,101.94054,14.01122587,0.89671846,1,Transit,Transiting Exoplanet Survey Satellite (TESS),5545.0,10.427,121.139
TOI-1478 b,10.1802117,11.99360935,1.79343691,1,Transit,Transiting Exoplanet Survey Satellite (TESS),5597.0,10.723,152.892
HIP 67851 b,89.23,13.7,,0,Radial Velocity,Multiple Observatories,4840.0,6.17,64.1181
HIP 67851 c,3128.41,12.7,,0,Radial Velocity,Multiple Observatories,4840.0,6.17,64.1181
TOI-2346 b,3.3312029,16.11851425,0.48198617,1,Transit,Transiting Exoplanet Survey Satellite (TESS),6480.0,12.366,437.484
HD 94890 b,824.61,13.3,,0,Radial Velocity,La Silla Observatory,4867.0,4.6,61.7012
HD 87816 b,484.17,12.7,,0,Radial Velocity,La Silla Observatory,4989.0,6.5,133.233
TOI-2886 b,1.60200105,18.6405349,0.45956821,1,Transit,Transiting Exoplanet Survey Satellite (TESS),6240.0,12.265,413.673
TOI-2876 b,6.2996431,9.6397234,0.33626942,1,Transit,Transiting Exoplanet Survey Satellite (TESS),5271.0,12.401,225.744
TOI-2986 b,3.2783662,9.292245,0.25780656,1,Transit,Transiting Exoplanet Survey Satellite (TESS),5906.0,12.633,563.149
WASP-116 b,6.6132,13.67495645,0.67253884,1,Transit,SuperWASP,6250.0,12.517,559.243
HD 102888 b,252.06,12.8,,0,Radial Velocity,La Silla Observatory,4990.0,6.48,126.484
HD 94890 c,2492.19,12.5,,0,Radial Velocity,La Silla Observatory,4867.0,4.6,61.7012
TOI-3135 b,3.7065585,13.65253849,0.33626942,1,Transit,Transiting Exoplanet Survey Satellite (TESS),5890.0,11.79,221.673
Gaia-4 b,571.3,12.4,,0,Astrometry,European Space Agency (ESA) Gaia Satellite,4034.0,12.405,73.4829
WASP-188 b,5.748916,14.81827249,0.57165802,1,Transit,SuperWASP,6850.0,12.165,675.281
WASP-154 b,3.811678,10.76062147,0.67253884,1,Transit,SuperWASP,4774.0,13.191,215.501
TIC 434398831 b,3.685504,3.51,0.22,1,Transit,Transiting Exoplanet Survey Satellite (TESS),5638.0,11.682,217.011
TOI-3464 b,3.6515568,13.7646283,0.6389119,1,Transit,Transiting Exoplanet Survey Satellite (TESS),6370.0,12.731,597.774
HR 858 c,5.973865,1.979,0.054,1,Transit,Transiting Exoplanet Survey Satellite (TESS),6354.0,6.38,31.964
WASP-197 b,5.167228,14.44837612,0.54924005,1,Transit,SuperWASP,6050.0,11.565,483.675
WASP-102 b,2.709813,14.90794433,0.56044903,1,Transit,SuperWASP,5990.0,12.667,535.689
TOI-3486 b,2.21778105,10.5700688,0.33626942,1,Transit,Transiting Exoplanet Survey Satellite (TESS),4930.0,12.329,154.715
TOI-2328 b,17.10197,9.97599282,0.33626942,1,Transit,Transiting Exoplanet Survey Satellite (TESS),5525.0,12.331,231.782
TOI-3837 b,11.88865,10.87271128,0.56044903,1,Transit,Transiting Exoplanet Survey Satellite (TESS),5905.0,11.673,311.705
Gl 410 b,6.02,2.83,,0,Radial Velocity,Mauna Kea Observatory,3842.0,9.57,11.9324
HD 219666 b,6.034468,4.898,0.06,1,Transit,Transiting Exoplanet Survey Satellite (TESS),5540.0,9.809,94.1719
TOI-3682 b,3.3462406,12.80065596,0.40352331,1,Transit,Transiting Exoplanet Survey Satellite (TESS),5703.0,11.678,404.211
TOI-6628 b,18.18424,10.98480109,0.67253884,1,Transit,Transiting Exoplanet Survey Satellite (TESS),5463.0,12.9,320.527
Kepler-289 e,330.0716,2.94,0.46,1,Transit,Kepler,5990.0,14.142,704.438
TOI-4214 b,3.4913885,10.68215861,0.35868738,1,Transit,Transiting Exoplanet Survey Satellite (TESS),6370.0,11.79,346.881
GJ 581 c,12.9211,2.5,,0,Radial Velocity,La Silla Observatory,3500.0,10.57,6.2981
G 192-15 c,1219.0,3.87,,0,Radial Velocity,Calar Alto Observatory,2999.0,14.64,9.53114
G 268-110 b,1.43263,1.13,,0,Radial Velocity,Calar Alto Observatory,,14.7,
GJ 3512 c,2354.0,14.3,,0,Radial Velocity,Multiple Observatories,3141.0,15.18,9.48637
HD 28471 b,3.1649,1.75,,0,Radial Velocity,La Silla Observatory,5766.0,7.89,43.6455
HD 28471 c,6.1245,2.26,,0,Radial Velocity,La Silla Observatory,5766.0,7.89,43.6455
NGTS-32 b,3.31211,15.91675259,0.33626942,1,Transit,Next-Generation Transit Survey (NGTS),5680.0,13.588,837.457
HD 143811 AB b,117000.0,15.69257298,1.12089807,0,Imaging,Paranal Observatory,6791.0,8.91,136.608
AF Lep b,8905.0,13.0,,0,Imaging,Paranal Observatory,6140.0,6.332,26.8564
TOI-238 b,1.273099,1.559,0.047,1,Transit,Transiting Exoplanet Survey Satellite (TESS),5059.0,10.748,80.5407
HD 152843 b,11.62071,3.05,0.11,1,Transit,Transiting Exoplanet Survey Satellite (TESS),6310.0,8.855,107.898
HD 28471 d,11.681,2.06,,0,Radial Velocity,La Silla Observatory,5766.0,7.89,43.6455
HD 152843 c,19.502104,5.94,0.18,1,Transit,Transiting Exoplanet Survey Satellite (TESS),6310.0,8.855,107.898
TOI-6054.02,12.563636,2.82,0.17,1,Transit,Transiting Exoplanet Survey Satellite (TESS),6047.0,8.020001,79.407
WASP-110 b,3.7784022,13.19297028,0.31385146,1,Transit,Paranal Observatory,5392.0,12.762,274.96
K2-233 d,24.3681,2.363,0.062,1,Transit,K2,4796.0,10.883,67.5062
K2-233 c,7.06024,1.272,0.038,1,Transit,K2,4796.0,10.883,67.5062
WASP-4 b,1.338230994,15.12091496,0.12329879,1,Transit,SuperWASP,5436.0,12.483,267.206
Kepler-391 b,7.4175,2.5,0.29,1,Transit,Kepler,5038.0,13.177,869.236
GJ 251 b,14.237,1.79,,0,Radial Velocity,W. M. Keck Observatory,3342.0,9.89,5.58057
TOI-1438 b,5.13967,3.04,0.19,1,Transit,Transiting Exoplanet Survey Satellite (TESS),5230.0,10.957,110.513
GJ 536 c,32.761,2.3,,0,Radial Velocity,Multiple Facilities,3641.0,9.71,10.4092
TOI-1438 c,9.428089,2.75,0.14,1,Transit,Transiting Exoplanet Survey Satellite (TESS),5230.0,10.957,110.513
Kepler-391 c,20.501,2.88,0.33,1,Transit,Kepler,5038.0,13.177,869.236
TOI-756 b,1.2392495,2.81,0.1,1,Transit,Transiting Exoplanet Survey Satellite (TESS),3657.0,14.607,86.1759
TOI-756 c,149.4,13.0,,0,Radial Velocity,La Silla Observatory,3657.0,14.607,86.1759
HD 224018 d,138.0731,2.4,0.1,1,Transit,K2,5784.0,9.715,105.48
TOI-2141 c,5.4624,2.35,,0,Radial Velocity,Roque de los Muchachos Observatory,5635.0,9.46,77.682
TOI-6448 b,14.844261,8.47398941,0.76221069,1,Transit,Transiting Exoplanet Survey Satellite (TESS),5910.0,12.886,386.879
K2-214 b,8.59656,2.51,0.14,1,Transit,K2,5875.0,11.806,300.64
TOI-1203.01,25.502672,2.918,0.046,1,Transit,Transiting Exoplanet Survey Satellite (TESS),5737.0,8.59,64.9943
TOI-2093 c,53.81149,2.3,0.12,1,Transit,Transiting Exoplanet Survey Satellite (TESS),4426.0,11.925,82.7982
K2-10 b,19.30553,3.773,0.088,1,Transit,K2,5533.0,12.429,272.36
TOI-1203 b,4.1572888,1.52,0.045,1,Radial Velocity,La Silla Observatory,5737.0,8.59,64.9943
TOI-1203 c,13.0766,2.2,,0,Radial Velocity,La Silla Observatory,5737.0,8.59,64.9943
HIP 18606 b,674.94,14.0,,0,Radial Velocity,Multiple Observatories,4860.0,5.83308,47.0288
HIP 111909 c,893.63,13.9,,0,Radial Velocity,Multiple Observatories,4891.0,7.37,88.077
TIC 257060897 b,3.66003639,17.26183028,0.48198617,1,Transit,Transiting Exoplanet Survey Satellite (TESS),5993.0,11.814,505.703
BD+37 3172 b,1887.76,12.4,,0,Radial Velocity,McDonald Observatory,4500.0,9.162,454.251
TOI-654.01,1.527561,2.378,0.089,1,Transit,Transiting Exoplanet Survey Satellite (TESS),3521.0,14.54,57.7553
K2-37 b,4.4434,1.39,0.1,1,Transit,K2,5352.0,12.573,179.943
K2-37 d,14.09229,2.31,0.21,1,Transit,K2,5352.0,12.573,179.943
K2-55 b,2.849271,4.43,0.29,1,Transit,K2,4300.0,13.519,159.522
TOI-5261 b,4.1509768,11.60129502,0.47077719,1,Transit,Transiting Exoplanet Survey Satellite (TESS),5790.0,12.68,377.054
TOI-4773 b,1.7452851,15.22179579,0.54924005,1,Transit,Transiting Exoplanet Survey Satellite (TESS),6740.0,12.075,492.888
BD+42 2315 b,123.05,14.2,,0,Radial Velocity,McDonald Observatory,4500.0,9.723,610.715
Ross 176 b,5.0066338,1.84,0.08,1,Transit,Transiting Exoplanet Survey Satellite (TESS),4041.0,11.524,46.4488
K2-62 c,16.19697,1.99,0.19,1,Transit,K2,4455.0,12.391,112.467
K2-61 b,2.57336,1.92,0.11,1,Transit,K2,5748.0,13.173,405.732
TOI-6420 b,6.961508,11.93756445,0.72858375,1,Transit,Transiting Exoplanet Survey Satellite (TESS),6020.0,12.994,634.712
TOI-5350 b,7.581367,12.41955062,0.42594127,1,Transit,Transiting Exoplanet Survey Satellite (TESS),6220.0,11.953,277.419
TOI-5817 b,15.61031,3.08,0.14,1,Transit,Transiting Exoplanet Survey Satellite (TESS),5770.0,8.64,80.7542
K2-73 b,7.49556,2.58,0.13,1,Transit,K2,5867.0,11.345,269.183
TOI-5799 b,4.164507,1.733,0.096,1,Transit,Transiting Exoplanet Survey Satellite (TESS),3452.0,13.29,27.8123
TOI-1346 b,1.7622538,2.39,0.16,1,Transit,Transiting Exoplanet Survey Satellite (TESS),5099.0,11.693,115.45
TOI-1346 c,5.502558,2.23,0.14,1,Transit,Transiting Exoplanet Survey Satellite (TESS),5099.0,11.693,115.45
K2-105 b,8.26726,3.4,0.12,1,Transit,K2,5373.0,11.752,197.989
TOI-5799 c,14.010449,1.76,0.11,1,Transit,Transiting Exoplanet Survey Satellite (TESS),3452.0,13.29,27.8123
TOI-6223 b,3.855219,5.07,0.22,1,Transit,Transiting Exoplanet Survey Satellite (TESS),3895.0,14.22,133.122
KOI-351 g,210.73514,7.718,0.206,1,Transit,Kepler,6031.13,13.883,848.254
HD 63433 c,20.5438281,2.692,0.108,1,Transit,Transiting Exoplanet Survey Satellite (TESS),5553.0,6.92035,22.4035
HD 17156 b,21.2164294,12.26262489,0.3474784,1,Radial Velocity,Subaru Telescope,6046.0,8.17,78.0863
TOI-6000 b,0.448959,0.94,0.05,1,Transit,Transiting Exoplanet Survey Satellite (TESS),3419.0,15.454,75.7664
K2-189 c,6.67932,2.31,0.14,1,Transit,K2,5442.0,12.398,242.113
GJ 317 b,695.69,13.3,,0,Radial Velocity,W. M. Keck Observatory,3496.0,12.4,15.1968
TOI-6303 b,9.485236,11.59,0.61,1,Transit,Transiting Exoplanet Survey Satellite (TESS),3977.0,14.639,152.219
LHS 1903 d,12.566287,2.5,0.078,1,Transit,Transiting Exoplanet Survey Satellite (TESS),3664.0,12.23,35.6917
LHS 1903 e,29.31773,1.732,0.059,1,Transit,CHaracterising ExOPlanets Satellite (CHEOPS),3664.0,12.23,35.6917
WASP-120 b,3.61126721,15.58048317,0.89671846,1,Transit,SuperWASP,6450.0,10.96,381.174
WASP-140 b,2.23598448,14.23540549,0.67253884,1,Transit,SuperWASP-South,5300.0,11.118,117.598
HD 85426 c,35.73,3.19,,0,Radial Velocity,Multiple Observatories,5746.0,8.25,53.974
TOI-1774.01,16.70988,2.78,0.05,1,Transit,Transiting Exoplanet Survey Satellite (TESS),5746.0,8.25,53.974
PDS 70 b,43500.0,21.96960217,2.24179614,0,Imaging,Paranal Observatory,4109.0,12.032,113.064
HD 176986 d,61.376,2.49,,0,Radial Velocity,Multiple Observatories,4931.0,8.42,27.7843
TOI-6692 b,131.125,11.67975789,0.56044903,1,Transit,Transiting Exoplanet Survey Satellite (TESS),5890.0,11.434,312.903
TOI-4342 b,5.5382592,2.329,0.086,1,Transit,Transiting Exoplanet Survey Satellite (TESS),3866.0,12.669,61.5204
TOI-5489 b,3.15222,1.4,0.05,1,Transit,Transiting Exoplanet Survey Satellite (TESS),3547.0,13.824,45.0907
HD 208487 b,129.36,14.3,,0,Radial Velocity,Anglo-Australian Telescope,6134.0,7.47,45.147
TOI-5716 b,6.7663,0.96,0.05,1,Transit,Transiting Exoplanet Survey Satellite (TESS),3436.0,15.83,39.4122
HD 181433 d,6896.1,13.2,,0,Radial Velocity,La Silla Observatory,4918.0,8.4,26.8762
DMPP-1 b,17.812,4.26,,0,Radial Velocity,La Silla Observatory,6196.0,7.98,62.5388
HD 202206 b,256.26,12.1,,0,Radial Velocity,La Silla Observatory,5764.23,8.08,45.9665
TOI-4940 b,25.867811,6.61,0.37,1,Transit,Transiting Exoplanet Survey Satellite (TESS),5504.0,12.448,345.659
TOI-5734 b,6.1841876,2.1,0.12,1,Transit,Transiting Exoplanet Survey Satellite (TESS),4750.0,9.613,32.5102
GJ 480 b,9.5536,2.91,,0,Radial Velocity,Multiple Observatories,3509.0,11.49,14.2358
DMPP-1 d,3.1417,2.02,,0,Radial Velocity,La Silla Observatory,6196.0,7.98,62.5388
DMPP-2 b,5.203,14.2,,0,Radial Velocity,Multiple Facilities,6500.0,8.57,137.94
K2-19 d,2.50827,1.044,0.064,1,Transit,K2,5350.0,13.024,289.827
NGTS-35 b,25.241192,10.9,0.65,1,Transit,Transiting Exoplanet Survey Satellite (TESS),4717.0,13.059,183.078
TOI-2267 c,3.4950412,1.14,0.13,1,Transit,Transiting Exoplanet Survey Satellite (TESS),3030.0,15.56,22.55
TOI-2267 b,2.28909,1.0,0.11,1,Transit,Transiting Exoplanet Survey Satellite (TESS),3030.0,15.56,22.55
HD 39194 c,14.0309,2.65,,0,Radial Velocity,La Silla Observatory,5205.0,8.09,26.4131
DMPP-3 A b,5.59,1.44,,0,Radial Velocity,La Silla Observatory,5138.0,9.1,46.8917
TOI-5007 b,2.543371,11.07447293,0.3474784,1,Transit,Transiting Exoplanet Survey Satellite (TESS),3793.0,15.327,203.352
TOI-7166 b,12.92063621,2.01,0.06,1,Transit,Transiting Exoplanet Survey Satellite (TESS),3099.0,15.79,35.4153
TOI-375 b,9.45469,10.77183045,0.49319515,1,Transit,Transiting Exoplanet Survey Satellite (TESS),5259.9,11.516,396.213
TOI-5422 b,5.377219,9.10169233,0.3474784,1,Transit,Transiting Exoplanet Survey Satellite (TESS),5820.0,11.499,346.141
HD 28185 b,385.92,12.8,,0,Radial Velocity,La Silla Observatory,5602.0,7.8,39.3809
XO-3 b,3.19152309,14.79585452,0.28022452,1,Transit,XO,6970.0,9.854,213.053
DMPP-6 c,36.441,3.74,,0,Radial Velocity,Multiple Observatories,6182.09,7.71,54.6303
TOI-7510 b,11.530869,7.31,0.23,1,Transit,Transiting Exoplanet Survey Satellite (TESS),5720.0,11.989,249.006
TOI-5788 c,16.213362,2.272,0.039,1,Transit,Transiting Exoplanet Survey Satellite (TESS),5615.0,10.153,97.614
TOI-5788 b,6.340758,1.528,0.075,1,Transit,Transiting Exoplanet Survey Satellite (TESS),5615.0,10.153,97.614
DMPP-9 b,12.733,3.89,,0,Radial Velocity,Multiple Observatories,6092.0,9.22,109.539
HD 72659 c,35500.0,12.1,,0,Radial Velocity,Multiple Observatories,5929.0,7.46,51.8949
HD 95338 b,55.082694,4.27174254,0.03923143,1,Radial Velocity,Las Campanas Observatory,5097.0,8.62,36.9941
TOI-1243 b,4.6594779,2.33,0.12,1,Transit,Transiting Exoplanet Survey Satellite (TESS),3515.0,13.427,43.1865
TOI-5938 b,2.260424,3.82,0.11,1,Transit,Transiting Exoplanet Survey Satellite (TESS),4650.0,12.31,114.035
TOI-7009 b,2.3206612,3.71,0.15,1,Transit,Transiting Exoplanet Survey Satellite (TESS),4080.0,14.161,184.12
HD 28109 b,22.891054,2.69,0.23,1,Transit,Transiting Exoplanet Survey Satellite (TESS),6189.0,9.42,139.611
TOI-5388.01,2.5946748,0.99,0.07,1,Transit,Transiting Exoplanet Survey Satellite (TESS),3440.0,12.728,18.5226
HD 100508 b,5681.0,13.7,,0,Radial Velocity,Las Campanas Observatory,5419.0,7.74,32.7548
HD 114386 c,444.0,13.4,,0,Radial Velocity,Las Campanas Observatory,4895.0,8.73,27.9243
HD 28109 d,84.2899,3.11,0.15,1,Transit,Transiting Exoplanet Survey Satellite (TESS),6189.0,9.42,139.611
TOI-6716 b,4.7185898,0.982,0.067,1,Transit,Transiting Exoplanet Survey Satellite (TESS),3110.0,14.8,18.8873
HD 154345 b,3280.0,13.7,,0,Radial Velocity,W. M. Keck Observatory,5468.0,6.76,18.284
HD 217107 b,7.1270166,13.6,,0,Radial Velocity,Lick Observatory,5622.0,6.155,20.0619
TOI-1472 b,6.36338574,4.058,0.098,1,Transit,Transiting Exoplanet Survey Satellite (TESS),5100.0,11.302,121.84
TOI-1648 b,7.331602,2.54,0.14,1,Transit,Transiting Exoplanet Survey Satellite (TESS),4850.0,10.43,69.835
HD 164604 b,653.9,12.3,,0,Radial Velocity,Las Campanas Observatory,4663.0,9.62,39.3633
HD 164604 c,5387.0,12.5,,0,Radial Velocity,Las Campanas Observatory,4663.0,9.62,39.3633
HIP 54515 b,33000.0,12.2,,0,Imaging,Subaru Telescope,8100.0,6.807,82.8101
TOI-1518 b,1.90261131,21.05046575,0.47077719,1,Transit,Multiple Observatories,7299.0,8.952,225.888
GJ 4274 b,1.6339,1.53,,0,Radial Velocity,Mauna Kea Observatory,3228.0,13.31,7.23556
LHS 1903 b,2.1555098,1.382,0.046,1,Transit,Transiting Exoplanet Survey Satellite (TESS),3664.0,12.23,35.6917
LHS 1903 c,6.226185,2.046,0.078,1,Transit,Transiting Exoplanet Survey Satellite (TESS),3664.0,12.23,35.6917
TOI-1080 b,3.9652482,1.2,0.058,1,Transit,Transiting Exoplanet Survey Satellite (TESS),3065.0,15.349,25.559
TOI-2145 b,10.261128,12.24020692,0.33626942,1,Transit,Transiting Exoplanet Survey Satellite (TESS),6206.0,9.07,224.731
TIC 231949697 b,0.90720448719,1.52831855,0.34944237,1,Transit,Transiting Exoplanet Survey Satellite (TESS),3451.32,13.188,50.2408
HD 202772 A b,3.3088775,18.2370116,0.78462865,1,Transit,Transiting Exoplanet Survey Satellite (TESS),6442.0,8.324,161.498
TOI-4588 b,13.11881173651,2.92922558,0.32112619,1,Transit,Kepler,7746.12,9.24,225.181
TOI-4513 b,9.76042253684,2.34587608,0.27093052,1,Transit,Transiting Exoplanet Survey Satellite (TESS),5623.93,10.696,102.609
TIC 24750448 b,3.59159193029,2.43722231,0.31643391,1,Transit,Transiting Exoplanet Survey Satellite (TESS),4545.43,13.518,178.146
TOI-4127 b,56.3987,12.07,0.5,1,Transit,Transiting Exoplanet Survey Satellite (TESS),6096.0,11.441,319.632
TOI-697 b,8.60788713593,2.35859364,0.20903984,1,Transit,Transiting Exoplanet Survey Satellite (TESS),5681.95,10.004,93.7714
TOI-4561 b,8.93547936706,1.77789214,0.26732078,1,Transit,Transiting Exoplanet Survey Satellite (TESS),5537.93,12.153,179.008
TIC 24750448 c,10.14385270726,3.09028272,0.42332739,1,Transit,Transiting Exoplanet Survey Satellite (TESS),4545.43,13.518,178.146
GJ 1137 c,9.6412,2.11,,0,Radial Velocity,La Silla Observatory,5033.8,8.3,28.5159
TIC 87422071 b,11.364929,10.8615023,0.97518132,1,Transit,Transiting Exoplanet Survey Satellite (TESS),6150.0,11.982,384.758
TOI-883 b,10.05771848538,7.17166228,0.47668767,1,Transit,Transiting Exoplanet Survey Satellite (TESS),5713.15,9.957,102.637
TOI-4640 b,2.68566015238,2.84326517,0.2691204,1,Transit,Transiting Exoplanet Survey Satellite (TESS),5743.01,11.63,245.089
TIC 38828280 b,4.85558984762,2.62701629,0.83334438,1,Transit,Transiting Exoplanet Survey Satellite (TESS),5046.63,13.692,286.415
TIC 147027702 b,44.40523,10.92875618,0.72858375,1,Transit,Transiting Exoplanet Survey Satellite (TESS),6410.0,11.286,457.186
TIC 245076932 b,21.61389,10.87271128,0.53803107,1,Transit,Transiting Exoplanet Survey Satellite (TESS),6130.0,11.727,303.96
TOI-921 b,5.12871907628,3.53409617,0.45814199,1,Transit,Transiting Exoplanet Survey Satellite (TESS),6011.66,11.813,294.015
TOI-4930 b,6.78130241498,6.93277225,0.56664636,1,Transit,Transiting Exoplanet Survey Satellite (TESS),5624.72,12.704,413.757
TIC 62895484 b,2.83985434327,3.49391667,0.34644116,1,Transit,Transiting Exoplanet Survey Satellite (TESS),5520.79,12.658,294.857
TOI-941 b,8.51460888787,6.51165317,0.4529866,1,Transit,Transiting Exoplanet Survey Satellite (TESS),5745.88,11.456,263.386
TOI-5159 b,5.83639428843,1.54732112,0.14990024,1,Transit,Transiting Exoplanet Survey Satellite (TESS),5156.16,9.369,55.1788
TIC 86380416 b,6.0408643461,2.4123612,0.29307308,1,Transit,Transiting Exoplanet Survey Satellite (TESS),5723.74,11.835,244.68
K2-19 b,7.9193,7.0,0.2,1,Transit,K2,5322.0,13.024,289.827
TOI-5335 b,3.61365988443,4.02422162,0.84491911,1,Transit,Transiting Exoplanet Survey Satellite (TESS),5528.92,13.428,331.289
TIC 88692598 b,2.64909436758,1.81295951,0.20824409,1,Transit,Transiting Exoplanet Survey Satellite (TESS),3483.17,13.953,73.5258
TOI-1752 b,0.9351861,1.693,0.068,1,Transit,Transiting Exoplanet Survey Satellite (TESS),3762.0,14.62,103.021
TOI-1269 c,9.23786144195,2.22999162,0.2429504,1,Transit,Transiting Exoplanet Survey Satellite (TESS),5554.02,11.618,172.138
TOI-5486 b,2.02470073205,3.96824928,0.40461614,1,Transit,Transiting Exoplanet Survey Satellite (TESS),3750.17,14.297,89.6811
TIC 139702105 b,6.83601903383,2.45316949,0.29500474,1,Transit,Transiting Exoplanet Survey Satellite (TESS),5742.35,9.651,91.7884
TOI-5624 c,7.885385,2.474,0.042,1,Transit,Transiting Exoplanet Survey Satellite (TESS),5327.0,10.81,101.913
TOI-1718 b,5.58703768615,4.10824994,0.2740553,1,Transit,Transiting Exoplanet Survey Satellite (TESS),5304.91,8.96,52.3044
TOI-5532 b,5.6539659431,2.52763693,0.64556628,1,Transit,Transiting Exoplanet Survey Satellite (TESS),4208.45,13.072,90.9985
TIC 161045582 b,8.85577189959,2.24566738,0.25949107,1,Transit,Transiting Exoplanet Survey Satellite (TESS),5683.87,10.642,162.246
TOI-1232 c,30.356,8.88,,0,Transit Timing Variations,Transiting Exoplanet Survey Satellite (TESS),5823.0,12.68,328.604
TOI-1732 b,4.11923678339,2.49549787,0.26967151,1,Transit,Transiting Exoplanet Survey Satellite (TESS),4201.93,12.889,74.7599
TOI-5605 b,5.91340454843,2.52611303,0.34360463,1,Transit,Transiting Exoplanet Survey Satellite (TESS),4583.79,12.073,95.0735
TOI-1756 b,2.78301736297,1.94225664,0.34679104,1,Transit,Transiting Exoplanet Survey Satellite (TESS),3891.86,13.88,86.7159
TOI-5630 b,3.22118452536,2.37117553,0.20543259,1,Transit,Transiting Exoplanet Survey Satellite (TESS),5385.64,10.896,134.047
TIC 206466666 b,9.10486865159,2.14817673,0.29725335,1,Transit,Transiting Exoplanet Survey Satellite (TESS),4620.3,12.476,127.837
TOI-198 b,10.215213,1.36,0.13,1,Transit,Transiting Exoplanet Survey Satellite (TESS),3801.0,11.688,23.7262
gam Cep b,904.0,12.5,,0,Radial Velocity,Multiple Observatories,4775.0,3.23006,14.1024
HD 7449 b,1270.55195,12.6,,0,Radial Velocity,La Silla Observatory,6024.0,7.5,38.662
HATS-34 b,2.1061619,14.36991326,0.71737476,1,Transit,HATSouth,5456.0,13.857,508.842
TOI-3894 b,4.33454,15.27784069,0.61649394,1,Transit,Transiting Exoplanet Survey Satellite (TESS),5990.0,11.992,417.365
TOI-5301 b,5.858858,13.09208946,0.85188253,1,Transit,Transiting Exoplanet Survey Satellite (TESS),6260.0,11.738,629.161
NGTS-33 b,2.827972,18.38272835,0.78462865,1,Transit,Transiting Exoplanet Survey Satellite (TESS),7437.0,11.604,437.855
TOI-5926 b,3.81122794237,7.56807148,0.99612024,1,Transit,Transiting Exoplanet Survey Satellite (TESS),5388.92,12.593,275.103
TIC 290487717 b,3.400818229,6.63777941,0.74098205,1,Transit,Transiting Exoplanet Survey Satellite (TESS),5328.97,13.492,395.574
TOI-672 b,3.633581,5.31,0.24,1,Transit,Transiting Exoplanet Survey Satellite (TESS),3810.0,13.576,66.9071
TOI-2071 b,5.67395386982,2.56484195,0.22555937,1,Transit,Transiting Exoplanet Survey Satellite (TESS),5755.41,11.541,231.311
TOI-4156 c,12.82282706375,2.92303762,0.33738824,1,Transit,Transiting Exoplanet Survey Satellite (TESS),5971.64,11.504,213.719
TIC 356227008 b,2.96147448702,2.39024009,0.34361461,1,Transit,Transiting Exoplanet Survey Satellite (TESS),5731.86,12.996,387.609
TOI-2518 b,6.89797425216,2.26838675,0.26231558,1,Transit,Transiting Exoplanet Survey Satellite (TESS),5751.2,10.954,160.825
TOI-6393 b,9.53176110329,2.75958542,0.35078393,1,Transit,Transiting Exoplanet Survey Satellite (TESS),5008.2,12.513,186.229
EPIC 220674823 b,0.57130782,1.606,0.034,1,Transit,K2,5578.0,12.101,244.59
EPIC 220674823 c,13.340603,2.712,0.071,1,Transit,K2,5578.0,12.101,244.59
TOI-2654 b,2.96760425926,7.94454164,0.56556315,1,Transit,Transiting Exoplanet Survey Satellite (TESS),4594.08,14.131,248.964
TOI-6699 b,5.32005926761,2.32645266,0.41117107,1,Transit,Transiting Exoplanet Survey Satellite (TESS),4705.1,11.51,85.8463
K2-111 c,15.6748,3.34,,0,Radial Velocity,Multiple Observatories,5775.0,11.13,200.394
TOI-4156 b,4.46189034133,2.53823825,0.27851908,1,Transit,Transiting Exoplanet Survey Satellite (TESS),5971.64,11.504,213.719
TOI-7333 b,6.26449803661,2.09469416,0.20576569,1,Transit,Transiting Exoplanet Survey Satellite (TESS),4586.87,13.102,157.217
rho CrB e,12.904,1.75,,0,Radial Velocity,Lowell Observatory,5817.0,5.40816,17.4671
K2-79 b,10.995039,4.15,0.19,1,Transit,K2,5897.0,12.152,256.011
K2-111 b,5.3518963,1.837,0.076,1,Transit,K2,5775.0,11.13,200.394
TOI-4363 b,2.11867592279,1.76689273,0.24906585,1,Transit,Transiting Exoplanet Survey Satellite (TESS),4278.45,12.678,77.7751
HD 5388 b,772.5,13.1,,0,Radial Velocity,La Silla Observatory,6297.0,6.73,53.0661
Kepler-79 b,13.48451,3.51,0.1,1,Transit,Kepler,6389.0,14.036,1020.72
Kepler-79 c,27.4026,3.76,0.11,1,Transit,Kepler,6389.0,14.036,1020.72
HD 16760 b,466.08,12.1,,0,Radial Velocity,Multiple Facilities,5518.0,8.7,50.17561
TOI-3457 b,32.600268,10.64,0.25,1,Transit,Transiting Exoplanet Survey Satellite (TESS),6300.0,12.44,370.666
TOI-6884 b,4.808264,10.39072511,0.57165802,1,Transit,Transiting Exoplanet Survey Satellite (TESS),6330.0,11.985,562.376
TOI-4602.01,3.9812999,2.45,0.23,1,Transit,Transiting Exoplanet Survey Satellite (TESS),5966.0,8.32,63.0637
TOI-791 b,139.29931,11.13051784,0.36989636,1,Transit,Transiting Exoplanet Survey Satellite (TESS),6294.0,11.093,341.221
eps Eri b,2680.0,13.8,,0,Radial Velocity,Multiple Observatories,5020.38,3.71548,3.2026
TOI-791 c,232.0157,12.94637271,0.44835923,1,Transit,Transiting Exoplanet Survey Satellite (TESS),6294.0,11.093,341.221
HD 190360 b,2887.5,13.5,,0,Radial Velocity,Haute-Provence Observatory,5560.0,5.738,16.0069
HD 190360 c,17.11625,5.53,,0,Radial Velocity,W. M. Keck Observatory,5560.0,5.738,16.0069
HD 190360 d,88.69,3.48,,0,Radial Velocity,Multiple Facilities,5560.0,5.738,16.0069
TOI-3664 b,3.2974839,13.69737442,0.33626942,1,Transit,Transiting Exoplanet Survey Satellite (TESS),5593.0,13.883,464.748
TOI-4034 b,1.8020932,17.71018951,0.22417961,1,Transit,Transiting Exoplanet Survey Satellite (TESS),5891.0,13.262,745.145
HD 126105 b,524.0,13.5,,0,Radial Velocity,Multiple Facilities,4875.0,7.32,82.8811
TIC 52059926 b,175.532,10.71,0.52,1,Transit,Transiting Exoplanet Survey Satellite (TESS),4505.0,13.724,216.581
TOI-4427 b,4.6182621,13.09208946,0.31385146,1,Transit,Transiting Exoplanet Survey Satellite (TESS),5347.0,11.983,198.251
TOI-2049 b,5.303468,16.64533634,0.79583763,1,Transit,Transiting Exoplanet Survey Satellite (TESS),6164.0,11.413,571.487
TOI-4458 b,3.9393792,12.40834163,0.25780656,1,Transit,Transiting Exoplanet Survey Satellite (TESS),6151.0,11.172,505.432
TOI-159 b,3.7628396,18.18,0.16,1,Transit,Transiting Exoplanet Survey Satellite (TESS),7287.0,11.021,347.593
COCONUTS-2 b,402000000.0,12.57647635,0.0560449,0,Imaging,NASA Infrared Telescope Facility (IRTF),3552.0,11.298,10.8864
HD 30177 c,11320.0,12.9,,0,Radial Velocity,Multiple Observatories,5680.0,8.41,55.5867
TOI-1710 b,24.28336,5.06,0.06,1,Transit,Transiting Exoplanet Survey Satellite (TESS),5775.0,9.545,81.2271
K2-370 b,2.1408093,2.67,0.05,1,Transit,K2,5662.0,11.109,144.202
HIP 8923 b,5160.0,12.5,,0,Radial Velocity,Multiple Facilities,5980.0,8.24,65.9957
TOI-201 c,2890.0,10.4,0.3,1,Transit Timing Variations,Transiting Exoplanet Survey Satellite (TESS),6423.0,9.07,113.825
XO-2 S d,4696.0,13.0,,0,Radial Velocity,Multiple Observatories,5325.0,11.196,151.398
TOI-237 c,1.74486147,1.206,0.035,1,Transit,La Silla Observatory,3226.0,16.37,38.0749
Kepler-484 b,10.045569313,2.28,0.07,1,Transit,Kepler,5668.0,13.077,382.136
Kepler-758 c,4.75793986,1.69,0.37,1,Transit,Kepler,6228.0,14.379,1502.32
TOI-4311 b,0.9902738,1.376,0.077,1,Transit,Transiting Exoplanet Survey Satellite (TESS),5063.0,11.388,134.988
TOI-2147 b,26.20518,10.5,0.3,1,Transit,Transiting Exoplanet Survey Satellite (TESS),5983.0,11.098,282.108
TOI-6019 b,14.547952,12.3,0.3,1,Transit,Transiting Exoplanet Survey Satellite (TESS),5561.0,10.791,260.342
Kepler-929 b,0.921032135,1.11,0.27,1,Transit,Kepler,5869.0,14.738,1311.23
Kepler-1767 b,59.65829849,3.01299077,,1,Transit,Kepler,5243.0,16.206,820.506
Kepler-223 e,19.72567,4.6,0.27,1,Transit,Kepler,5803.0,15.69,1859.71
Kepler-1127 b,5.12330347,1.96,0.31,1,Transit,Kepler,5664.0,15.162,842.459
Kepler-1793 b,8.779999733,3.79037518,,1,Transit,Kepler,5191.0,15.949,1189.88
HD 141937 b,662.37,12.4,,0,Radial Velocity,La Silla Observatory,5870.0,7.25,33.3622
Kepler-1367 b,1.574090272,0.92,0.07,1,Transit,Kepler,4106.0,16.012,401.484
Kepler-1900 b,2.986229897,1.62314676,,1,Transit,Kepler,6173.0,15.502,1540.43
Kepler-1364 b,13.32196237,2.15,0.8,1,Transit,Kepler,6805.0,13.196,1056.9
Kepler-482 b,56.35418576,2.36,0.37,1,Transit,Kepler,4871.0,14.049,313.068
Kepler-1646 b,4.48558383,1.23,0.28,1,Transit,Kepler,3299.0,16.8419,127.591
HD 6718 b,2476.0,13.3,,0,Radial Velocity,La Silla Observatory,5746.0,8.45,51.3444
Kepler-32 c,8.7522,2.0,0.2,1,Transit,Kepler,3900.0,16.36,323.847
K2-177 b,14.155185,2.1162048,0.28262597,1,Transit,K2,6063.0,12.681,492.167
Kepler-259 c,36.924931,2.7,1.31,1,Transit,Kepler,5938.0,15.378,1002.14
K2-183 b,0.469285,1.1,0.1,1,Transit,K2,5482.0,12.867,329.041
Kepler-222 d,28.081912,3.69,1.63,1,Transit,Kepler,5433.0,15.407,758.854
Kepler-165 c,15.31299,2.23,1.35,1,Transit,Kepler,5211.0,15.05,560.885
K2-263 b,50.819172,2.513,0.11,1,Transit,K2,5368.0,11.568,162.481
Kepler-166 d,1.554003928,1.73,0.15,1,Transit,Kepler,5350.0,14.857,603.53
Kepler-52 b,7.8773565,2.1,,1,Transit,Kepler,4075.0,15.513,321.542
K2-186 b,41.474219,3.17207779,0.26358217,1,Transit,K2,5784.0,12.413,330.739
K2-195 c,28.482786,2.57581891,0.27157754,1,Transit,K2,5712.0,12.524,315.014
K2-187 e,13.606629,1.9,0.3,1,Transit,K2,5438.0,13.102,330.916
K2-187 c,2.871512,1.4,0.2,1,Transit,K2,5438.0,13.102,330.916
K2-189 b,2.58812,1.403,0.079,1,Transit,K2,5442.0,12.398,242.113
K2-280 b,19.89526,7.5,0.44,1,Transit,K2,5500.0,12.524,391.537
K2-381 c,16.034656,2.0,0.184,1,Transit,K2,4473.0,12.883,145.701
Kepler-229 b,6.252972,2.2,0.78,1,Transit,Kepler,5120.0,16.22,826.265
K2-222 b,15.3889274,2.275,0.1,1,Transit,K2,5942.0,9.543,101.321
K2-220 b,13.68186,2.37,0.14,1,Transit,K2,5612.0,11.873,233.514
Kepler-491 b,4.225384512,8.92,0.8,1,Transit,Kepler,5582.0,14.178,630.785
Kepler-197 b,5.599308,1.02,0.04,1,Transit,Kepler,6004.0,11.775,330.575
Kepler-216 b,7.693641,2.35,0.46,1,Transit,Kepler,6091.0,14.054,1187.47
K2-176 b,5.329439,1.49090097,0.12341971,1,Transit,K2,5428.0,12.909,247.302
Kepler-1732 b,32.31240082,4.09903273,,1,Transit,Kepler,5821.0,14.884,1289.41
14 Her b,1766.41,12.5,,0,Radial Velocity,W. M. Keck Observatory,5338.0,6.61935,17.9323
16 Cyg B b,798.5,13.5,,0,Radial Velocity,Multiple Observatories,5750.0,6.215,21.1397
K2-368 d,20.201085,1.948,0.152,1,Transit,K2,4663.0,13.581,206.608
Kepler-261 b,10.381227,2.18,0.14,1,Transit,Kepler,5098.0,13.738,317.499
CoRoT-4 b,9.20205,13.34,0.67,1,Transit,CoRoT,6190.0,13.652,726.412
K2-224 c,10.09489,2.41,0.16,1,Transit,K2,5620.0,12.7,275.255
K2-368 c,9.660186,1.361,0.114,1,Transit,K2,4663.0,13.581,206.608
24 Sex c,883.0,13.9,,0,Radial Velocity,Lick Observatory,5098.0,6.4535,72.0691
CoRoT-7 b,0.85359163,1.68135,0.11209,1,Transit,CoRoT,5275.0,11.728,159.906
K2-226 b,3.27109,1.53899305,0.10312262,1,Transit,K2,5288.0,12.337,211.265
K2-227 b,13.621832,1.66551298,1.22117412,1,Transit,K2,5673.0,12.015,187.234
CoRoT-7 c,3.698,2.83,,0,Radial Velocity,CoRoT,5256.0,11.728,159.906
eps Tau b,585.82,12.7,,0,Radial Velocity,Okayama Astrophysical Observatory,4877.0,3.523,47.52852
gam1 Leo b,428.5,12.5,,0,Radial Velocity,Bohyunsan Optical Astronomical Observatory,4330.0,1.99509,39.8883
K2-229 b,0.584216,1.0,0.02,1,Transit,K2,5315.0,10.985,102.564
Kepler-752 b,18.82747265,2.81,0.26,1,Transit,Kepler,5373.0,15.864,1232.29
CoRoT-9 b,95.272656,11.948794,0.840675,1,Transit,CoRoT,5625.0,13.637,412.98
K2-343 b,2.787174,1.65,0.16,1,Transit,K2,3804.0,16.01,166.169
51 Peg b,4.2307966,14.1,,0,Radial Velocity,Haute-Provence Observatory,5761.0,5.45309,15.4614
K2-331 c,22.996591,2.72,0.14,1,Transit,K2,5994.0,11.305,211.43
EPIC 212624936 c,11.811437,2.3,0.5,1,Transit,K2,5765.0,13.976,561.929
K2-334 b,5.113981,5.65,0.36,1,Transit,K2,6502.0,11.842,371.823
K2-379 b,8.777247,2.181,0.363,1,Transit,K2,4603.0,13.265,182.207
61 Vir d,123.01,5.11,,0,Radial Velocity,Multiple Observatories,5577.0,4.6955,8.50332
K2-202 b,3.405164,2.30165603,0.18443149,1,Transit,K2,5491.0,13.354,300.397
K2-343 c,7.676972,2.02,0.1,1,Transit,K2,3804.0,16.01,166.169
K2-342 b,11.561052,2.03,0.13,1,Transit,K2,5920.0,11.338,208.357
Kepler-260 b,8.187399,2.01,0.55,1,Transit,Kepler,5250.0,14.253,627.365
K2-381 d,26.803023,1.689,0.18,1,Transit,K2,4473.0,12.883,145.701
K2-381 b,7.9389334,1.075,0.142,1,Transit,K2,4473.0,12.883,145.701
K2-348 b,4.688418,3.26,0.22,1,Transit,K2,5077.0,12.572,201.856
K2-384 d,6.679582,1.392,0.118,1,Transit,K2,3623.0,16.12,82.6603
81 Cet b,1005.57,13.1,,0,Radial Velocity,Okayama Astrophysical Observatory,4734.0,5.64307,101.26
K2-352 c,8.234885,1.92,0.13,1,Transit,K2,5791.0,11.125,176.051
K2-384 c,4.194766,1.191,0.053,1,Transit,K2,3623.0,16.12,82.6603
BD+14 4559 b,268.94,13.8,,0,Radial Velocity,McDonald Observatory,4864.0,9.78,49.352
K2-204 b,7.055908,3.17214154,0.17934369,1,Transit,K2,5783.0,12.985,577.235
Kepler-1736 b,37.81029892,3.8765856,,1,Transit,Kepler,6085.0,14.808,1430.0
K2-205 b,26.672263,1.99552771,0.26954694,1,Transit,K2,5890.0,12.45,405.301
Kepler-8 b,3.5224991,15.871944,0.594077,1,Transit,Kepler,6213.0,13.598,1021.87
K2-209 b,2.080615,0.86850263,0.10481089,1,Transit,K2,4720.0,11.061,76.4986
Kepler-745 b,9.93143556,2.16,0.58,1,Transit,Kepler,5849.0,15.427,1780.38
K2-211 b,0.669561,1.33162691,0.08743005,1,Transit,K2,5117.0,13.1547,272.297
Kepler-262 c,21.853722,1.64,0.68,1,Transit,Kepler,5841.0,14.478,613.129
Kepler-119 b,2.422082,3.6,1.37,1,Transit,Kepler,5595.0,14.375,701.996
K2-394 b,5.095717,1.692,0.136,1,Transit,K2,4938.0,12.768,98.0152
CoRoT-19 b,3.89713,14.46,0.34,1,Transit,CoRoT,6090.0,14.135,790.663
Kepler-748 b,7.40742793,2.52,0.65,1,Transit,Kepler,5934.0,15.37,1705.99
HD 113538 b,663.2,13.2,,0,Radial Velocity,La Silla Observatory,4462.0,9.05,16.2817
Kepler-112 b,8.408878,2.36,0.57,1,Transit,Kepler,5544.0,13.927,513.206
HD 114386 b,937.70001,13.6,,0,Radial Velocity,La Silla Observatory,4836.0,8.73,27.9243
HD 136418 b,464.29999,13.3,,0,Radial Velocity,W. M. Keck Observatory,4989.0,7.849,105.168
GJ 676 A b,1051.44521,12.8,,0,Radial Velocity,La Silla Observatory,3734.0,9.58,16.0272
HAT-P-31 b,5.00542,12.21781,1.68135,1,Transit,HATNet,6065.0,11.667,344.05
HD 11506 b,1617.7,12.9,,0,Radial Velocity,W. M. Keck Observatory,6123.0,7.51,51.261
HD 11506 c,223.92,14.0,,0,Radial Velocity,W. M. Keck Observatory,6123.0,7.51,51.261
GJ 581 e,3.1481,1.38,,0,Radial Velocity,La Silla Observatory,3500.0,10.57,6.2981
HAT-P-35 b,3.646706,14.930388,1.098482,1,Transit,HATNet,6096.0,12.389,506.965
HD 116029 b,670.0,13.6,,0,Radial Velocity,W. M. Keck Observatory,4819.0,7.88,123.245
HD 142245 b,1299.0,13.1,,0,Radial Velocity,W. M. Keck Observatory,4922.0,7.46,97.2305
GJ 876 b,61.1166,13.3,,0,Radial Velocity,Multiple Observatories,3293.74,10.16,4.67517
HD 118203 b,6.1349779,12.778238,0.32506044,1,Radial Velocity,Haute-Provence Observatory,5742.0,8.05,92.2589
HD 142 b,351.43394,12.7,,0,Radial Velocity,Anglo-Australian Telescope,6245.0,5.7,26.1853
GJ 876 d,1.93778,2.51,,0,Radial Velocity,W. M. Keck Observatory,3293.74,10.16,4.67517
GJ 876 e,124.26,3.92,,0,Radial Velocity,W. M. Keck Observatory,3293.74,10.16,4.67517
HD 100655 b,157.57001,13.5,,0,Radial Velocity,Bohyunsan Optical Astronomical Observatory,4891.0,6.4421,137.178
Kepler-744 b,12.06222443,1.62,0.12,1,Transit,Kepler,5594.0,13.718,449.964
HD 10180 f,122.744,5.24,,0,Radial Velocity,La Silla Observatory,5911.0,7.33,38.9607
HD 126614 b,1257.25303,12.7,,0,Radial Velocity,W. M. Keck Observatory,5568.0,8.81,73.0961
HD 12661 b,262.70862,13.3,,0,Radial Velocity,Multiple Observatories,5645.0,7.43,37.8478
HAT-P-15 b,10.8635,11.88154,0.78463,1,Transit,HATNet,5568.0,12.41,192.516
HAT-P-16 b,2.77596727,14.68376472,0.67253884,1,Transit,HATNet,6140.0,10.911,226.637
Kepler-764 b,7.33683936,1.64,0.2,1,Transit,Kepler,5557.0,15.555,1047.84
Kepler-123 b,17.232366,2.94,0.57,1,Transit,Kepler,6089.0,14.129,1021.66
HD 104985 b,199.68,12.8,,0,Radial Velocity,Okayama Astrophysical Observatory,4738.0,5.79389,100.576
HD 104067 b,55.851,9.2,,0,Radial Velocity,La Silla Observatory,4952.0,7.92,20.3632
HD 13189 b,471.60001,12.4,,0,Radial Velocity,Thueringer Landessternwarte Tautenburg,4175.0,7.57,497.823
HD 106252 b,1535.0,12.5,,0,Radial Velocity,Lick Observatory,5874.0,7.41,38.185
HD 132406 b,908.0,12.8,,0,Radial Velocity,Haute-Provence Observatory,5766.0,8.45,70.7832
HD 108874 c,1624.0,13.8,,0,Radial Velocity,W. M. Keck Observatory,5551.0,8.76,59.5175
HD 10647 b,989.2,13.8,,0,Radial Velocity,W. M. Keck Observatory,6218.0,5.52,17.3357
HD 134060 b,3.2696,3.16,,0,Radial Velocity,La Silla Observatory,5966.0,6.29,24.0125
HAT-P-21 b,4.12448,12.44199,1.79344,1,Transit,HATNet,5588.0,11.459,277.278
HD 37124 c,885.5,14.1,,0,Radial Velocity,W. M. Keck Observatory,5698.64,7.68,31.6634
HD 159868 b,1184.1,13.3,,0,Radial Velocity,Anglo-Australian Telescope,5534.0,7.24,55.8503
HD 187085 b,1019.74,13.9,,0,Radial Velocity,Anglo-Australian Telescope,6117.0,7.22,45.8993
HD 216437 b,1359.0,13.0,,0,Radial Velocity,Anglo-Australian Telescope,5909.0,6.04,26.6902
HD 187123 c,3810.0,13.2,,0,Radial Velocity,W. M. Keck Observatory,5790.0,7.83,45.9548
HD 216770 b,118.45,14.1,,0,Radial Velocity,La Silla Observatory,5399.0,8.11,36.6625
HD 18742 b,766.0,13.1,,0,Radial Velocity,W. M. Keck Observatory,4940.0,7.81,162.685
HD 21693 c,53.7357,4.34,,0,Radial Velocity,La Silla Observatory,5430.0,7.95,33.255
HD 162020 b,8.4282,12.5,,0,Radial Velocity,La Silla Observatory,4723.0,9.1,30.8248
HD 190647 b,1176.45,13.4,,0,Radial Velocity,La Silla Observatory,5656.0,7.78,54.4738
HD 190984 b,4885.0,13.0,,0,Radial Velocity,La Silla Observatory,5988.0,8.76,148.187
HD 192263 b,24.3556,14.2,,0,Radial Velocity,La Silla Observatory,4976.0,7.79,19.6359
HD 217786 b,1301.36009,12.3,,0,Radial Velocity,La Silla Observatory,5966.0,7.78,55.4847
HD 217107 c,5138.7,12.9,,0,Radial Velocity,Lick Observatory,5622.0,6.155,20.0619
HD 41004 B b,1.3283,12.1,,0,Radial Velocity,La Silla Observatory,5036.0,8.6078,41.5504
HD 163607 c,1272.0,13.3,,0,Radial Velocity,W. M. Keck Observatory,5522.0,8.0,67.7855
HD 192310 c,525.8,5.25,,0,Radial Velocity,La Silla Observatory,5166.0,5.73,8.79687
HD 4208 b,832.97,13.9,,0,Radial Velocity,W. M. Keck Observatory,5717.0,7.783,34.1937
HD 164922 b,1207.0,13.3,,0,Radial Velocity,W. M. Keck Observatory,5390.0,7.01227,22.0016
HD 197037 b,1035.7,13.9,,0,Radial Velocity,McDonald Observatory,6150.0,6.82294,33.1944
HD 4308 b,15.56,4.12,,0,Radial Velocity,La Silla Observatory,5686.0,6.55,22.0158
Kepler-272 c,6.057342,1.79,0.96,1,Transit,Kepler,5297.0,14.811,889.608
HD 4313 b,356.21,13.4,,0,Radial Velocity,W. M. Keck Observatory,4943.0,7.83,136.308
HD 168746 b,6.404,11.1,,0,Radial Velocity,La Silla Observatory,5570.0,7.95,41.5681
HD 148156 b,1027.0,13.9,,0,Radial Velocity,La Silla Observatory,6308.0,7.69,57.1289
HD 17092 b,359.89999,12.5,,0,Radial Velocity,McDonald Observatory,4326.0,7.732,228.422
HD 27894 b,18.01939,14.1,,0,Radial Velocity,La Silla Observatory,4875.0,9.36,43.8214
HD 28254 b,1333.0,13.0,,0,Radial Velocity,La Silla Observatory,5664.0,7.69,55.2884
HD 148427 b,331.9,13.7,,0,Radial Velocity,Lick Observatory,5025.0,6.90498,71.3499
HD 171028 b,550.0,13.2,,0,Radial Velocity,La Silla Observatory,5671.0,8.292,111.659
HD 204313 c,34.95875,4.31,,0,Radial Velocity,La Silla Observatory,5767.0,7.99,47.7945
HD 30177 b,2539.0,12.6,,0,Radial Velocity,Anglo-Australian Telescope,5680.0,8.41,55.5867
HD 290327 b,2443.0,13.3,,0,Radial Velocity,La Silla Observatory,5505.0,8.99,56.433
HD 152581 b,686.5,13.4,,0,Radial Velocity,W. M. Keck Observatory,5027.0,8.38,165.76
HD 177830 b,410.10001,13.5,,0,Radial Velocity,W. M. Keck Observatory,4901.0,7.18,62.7674
HD 20794 b,18.314,1.45,,0,Radial Velocity,La Silla Observatory,5368.0,4.26,6.00278
HD 31253 b,466.0,14.1,,0,Radial Velocity,W. M. Keck Observatory,6130.0,7.13266,58.1438
HD 178911 B b,71.484,12.6,,0,Radial Velocity,W. M. Keck Observatory,5588.0,7.97,40.9727
HD 155358 b,194.3,13.8,,0,Radial Velocity,McDonald Observatory,5905.0,7.28,43.6197
HD 154857 b,408.60001,13.3,,0,Radial Velocity,Anglo-Australian Telescope,5589.0,7.24,63.4482
HD 155358 c,391.9,13.9,,0,Radial Velocity,McDonald Observatory,5900.0,7.28,43.6197
HD 210702 b,355.5,13.6,,0,Radial Velocity,Lick Observatory,4912.0,5.93022,54.1963
HD 3651 b,62.25,10.1,,0,Radial Velocity,Multiple Observatories,5221.0,5.88437,11.1336
HD 156668 b,4.6455,1.87,,0,Radial Velocity,W. M. Keck Observatory,4850.0,8.43,24.3323
HD 156411 b,842.2,14.0,,0,Radial Velocity,La Silla Observatory,5900.0,6.67,56.8655
HD 183263 b,624.87404,13.1,,0,Radial Velocity,W. M. Keck Observatory,5948.0,7.86,54.1955
HD 63454 b,2.81805,12.31,,0,Radial Velocity,La Silla Observatory,4812.0,9.37,37.6894
HD 89307 b,2166.0,13.4,,0,Radial Velocity,Lick Observatory,5955.0,7.02569,32.0104
rho CrB b,39.849,13.7,,0,Radial Velocity,Fred Lawrence Whipple Observatory,5817.0,5.40816,17.4671
HD 66428 b,2269.81726,12.4,,0,Radial Velocity,W. M. Keck Observatory,5716.0,8.25,53.2817
HD 93083 b,144.72,14.3,,0,Radial Velocity,La Silla Observatory,5033.8,8.3,28.5159
HD 69830 b,8.667,3.17,,0,Radial Velocity,La Silla Observatory,5385.0,5.96004,12.5591
TrES-3 b,1.30618581,14.975,0.347,1,Transit,TrES,5650.0,12.362,231.337
WASP-50 b,1.9551,13.069694,0.481987,1,Transit,SuperWASP,5400.0,11.44,184.848
HD 69830 d,197.0,4.45,,0,Radial Velocity,La Silla Observatory,5385.0,5.96004,12.5591
HD 96127 b,638.9,13.0,,0,Radial Velocity,McDonald Observatory,3943.0,7.40521,587.659
HD 70573 b,851.8,12.8,,0,Radial Velocity,La Silla Observatory,5737.0,8.667,59.182
HD 97658 b,9.4897116,2.12,0.06,1,Radial Velocity,W. M. Keck Observatory,5212.0,7.76,21.5618
V0391 Peg b,1170.0,13.1,,0,Pulsation Timing Variations,Multiple Observatories,29300.0,14.769,1195.98
WASP-8 b,8.15872,12.66617,0.56045,1,Transit,SuperWASP,5600.0,9.789,89.9606
WASP-10 b,3.0927616,12.106,0.224,1,Transit,SuperWASP,4675.0,12.413,140.998
XO-2 N b,2.61585906,11.130537,0.134508,1,Transit,XO,5290.0,11.246,154.273
HD 74156 b,51.63564,13.5,,0,Radial Velocity,Haute-Provence Observatory,6068.0,7.61,57.603
HD 99706 b,841.0,13.7,,0,Radial Velocity,W. M. Keck Observatory,4862.0,7.65,146.6
HIP 12961 b,57.435,13.2,,0,Radial Velocity,La Silla Observatory,3901.0,10.25,23.371
HD 45184 b,5.8854,3.52,,0,Radial Velocity,La Silla Observatory,5869.0,6.383,21.9532
WASP-16 b,3.1186,13.67498,1.1209,1,Transit,SuperWASP,5700.0,11.288,194.134
HD 45364 b,225.79,9.03,,0,Radial Velocity,La Silla Observatory,5466.0,8.08,34.354
HD 75898 b,422.82,13.2,,0,Radial Velocity,W. M. Keck Observatory,6122.0,8.03,78.0505
Kepler-746 b,3.48159251,1.11,0.13,1,Transit,Kepler,5418.0,13.785,450.0
HD 79498 b,1807.0,13.6,,0,Radial Velocity,McDonald Observatory,5748.0,8.05,48.9489
HD 48265 b,778.51,12.6,,0,Radial Velocity,Las Campanas Observatory,5733.0,8.05,90.5446
HD 49674 b,4.94737,6.2,,0,Radial Velocity,W. M. Keck Observatory,5602.0,8.1,43.0399
HIP 57274 c,32.03,14.2,,0,Radial Velocity,W. M. Keck Observatory,4640.0,8.97,25.8618
HD 52265 b,119.27,13.7,,0,Radial Velocity,W. M. Keck Observatory,6136.0,6.29351,29.9803
HR 8799 e,20815.6,13.11453,1.45717,0,Imaging,W. M. Keck Observatory,7400.0,5.98,41.2441
HD 5891 b,177.11,12.6,,0,Radial Velocity,W. M. Keck Observatory,4673.0,8.09,283.502
HD 85390 b,799.52,6.16,,0,Radial Velocity,La Silla Observatory,5186.0,8.54,33.5225
xi Aql b,136.97,13.4,,0,Radial Velocity,Okayama Astrophysical Observatory,4841.0,4.70964,56.1858
WASP-35 b,3.16158,14.5717,0.78463,1,Transit,SuperWASP,5990.0,10.939,202.218
TOI-1408 b,4.42587,25.0,4.0,1,Transit,Transiting Exoplanet Survey Satellite (TESS),6117.0,9.270001,139.484
TOI-2524 b,7.18585,11.2089807,0.22417961,1,Transit,Transiting Exoplanet Survey Satellite (TESS),5831.0,12.8,438.842
HD 219415 b,2093.3,13.8,,0,Radial Velocity,McDonald Observatory,4820.0,8.909,165.184
WASP-99 b,5.75251,11.43318,0.67254,1,Transit,SuperWASP,6150.0,9.475,158.66
HD 32963 b,2372.0,13.4,,0,Radial Velocity,W. M. Keck Observatory,5727.0,7.6,38.0786
K2-133 b,3.07133,1.34,0.077,1,Transit,K2,3655.0,14.073,75.1703
HATS-53 b,3.8537768,15.02006,0.627704,1,Transit,HATSouth,5644.0,13.944,585.77
Kepler-286 b,1.796302,1.24,0.25,1,Transit,Kepler,5580.0,15.863,1226.85
TOI-283 b,17.61745,2.34,0.09,1,Transit,Transiting Exoplanet Survey Satellite (TESS),5213.0,10.41,82.7013
Kepler-69 b,13.722341,2.24,0.44,1,Transit,Kepler,5638.0,13.866,730.625
HD 169830 b,225.67372,13.2,,0,Radial Velocity,La Silla Observatory,6300.0,5.9,37.6048
HD 192699 b,340.94,13.4,,0,Radial Velocity,Lick Observatory,5041.0,6.45591,71.8627
Pr0211 b,2.1461,13.4,,0,Radial Velocity,Fred Lawrence Whipple Observatory,5300.0,12.163,182.714
HATS-3 b,3.547851,15.48,0.392,1,Transit,HATSouth,6351.0,12.433,411.211
HD 33844 c,916.0,13.5,,0,Radial Velocity,Anglo-Australian Telescope,4861.0,7.29,105.779
HATS-29 b,4.6058749,14.022459,0.683749,1,Transit,HATSouth,5670.0,12.62,353.891
K2-138 b,2.35309,1.51,0.11,1,Transit,K2,5356.3,12.246,202.585
gam Lib c,966.49,12.8,,0,Radial Velocity,Okayama Astrophysical Observatory,4879.0,3.90672,47.4017
TOI-406.01,13.175682,2.08,0.16,1,Transit,Transiting Exoplanet Survey Satellite (TESS),3392.0,13.773,31.0597
Kepler-282 d,24.806,2.46,1.0,1,Transit,Kepler,5656.0,15.444,1337.61
TOI-663 b,2.598902,2.27,0.1,1,Transit,Transiting Exoplanet Survey Satellite (TESS),3681.0,13.667,64.2308
Kepler-283 b,11.008151,2.13,0.26,1,Transit,Kepler,4351.0,16.216,468.094
HD 195019 b,18.20132,13.0,,0,Radial Velocity,Lick Observatory,5751.0,6.87591,37.6681
BD-06 1339 c,125.94,8.38,,0,Radial Velocity,La Silla Observatory,4324.0,9.7,20.2695
CoRoT-25 b,4.86069,12.11,3.4,1,Transit,CoRoT,6040.0,14.79,1103.48
HD 564 b,492.3,12.5,,0,Radial Velocity,La Silla Observatory,5902.0,8.32,51.1659
HATS-45 b,4.1876244,14.414774,1.042437,1,Transit,HATSouth,6450.0,13.325,772.11
Kepler-421 b,704.1984,4.16,0.19,1,Transit,Kepler,5308.0,13.611,348.558
TOI-663 d,7.1027268,1.92,0.13,1,Transit,Transiting Exoplanet Survey Satellite (TESS),3681.0,13.667,64.2308
TOI-1443 b,23.540678,2.30381001,0.12697832,1,Transit,Transiting Exoplanet Survey Satellite (TESS),5224.0,10.675,85.8034
HAT-P-41 b,2.69405,22.97845,5.6045,1,Transit,HATNet,6390.0,11.365,348.185
HD 5608 b,768.7,13.7,,0,Radial Velocity,Okayama Astrophysical Observatory,4807.0,6.00272,58.1105
HD 13908 b,19.382,13.9,,0,Radial Velocity,Haute-Provence Observatory,6255.0,7.52,79.5515
HD 108341 b,1129.0,13.3,,0,Radial Velocity,La Silla Observatory,5122.0,9.38,48.9102
KELT-12 b,5.031623,19.95202,1.90553,1,Transit,KELT-North,6279.0,10.585,368.03
HD 34445 f,676.8,6.88,,0,Radial Velocity,Multiple Observatories,5836.0,7.31,46.0907
HD 34445 e,49.175,4.26,,0,Radial Velocity,Multiple Observatories,5836.0,7.31,46.0907
KELT-19 A b,4.6117093,21.40919,1.23299,1,Transit,KELT,7500.0,9.857,300.276
KOI-1257 b,86.647661,10.54,1.35,1,Transit,Kepler,5520.0,14.818,656.0
TOI-1226 b,3.92880881576,2.4101112,0.24811318,1,Transit,Transiting Exoplanet Survey Satellite (TESS),5434.91,12.118,257.93
K2-219 d,11.137278,2.57634456,0.35702762,1,Transit,K2,5753.0,12.09,325.4
HD 216435 b,1311.0,13.7,,0,Radial Velocity,Anglo-Australian Telescope,5999.0,6.03,32.9834
HD 23079 b,735.74,13.2,,0,Radial Velocity,Anglo-Australian Telescope,5994.0,7.12,33.4591
BD+49 828 b,2590.0,13.5,,0,Radial Velocity,McDonald Observatory,4943.0,9.381,442.042
HD 20794 e,147.02,2.03,,0,Radial Velocity,La Silla Observatory,5401.0,4.26,6.00278
K2-239 b,5.24,1.1,0.1,1,Transit,K2,3420.0,14.632,31.0849
TOI-880.02,2.57571,2.19,0.11,1,Transit,Transiting Exoplanet Survey Satellite (TESS),5050.0,10.104,60.6679
TOI-1232 b,14.256,10.92875618,0.59407598,1,Transit,Transiting Exoplanet Survey Satellite (TESS),5823.0,12.68,328.604
WASP-71 b,2.90367,13.22662,1.34508,1,Transit,SuperWASP,6050.0,10.56,362.715
HD 159243 c,248.4,13.4,,0,Radial Velocity,Haute-Provence Observatory,6123.0,8.65,73.3055
HIP 91258 b,5.0505,13.7,,0,Radial Velocity,Haute-Provence Observatory,5519.0,8.65,45.8846
HIP 109384 b,499.48,13.5,,0,Radial Velocity,Haute-Provence Observatory,5180.0,9.61,58.9582
HD 27894 c,36.07,8.24,,0,Radial Velocity,La Silla Observatory,4875.0,9.36,43.8214
K2-239 d,10.115,1.1,0.1,1,Transit,K2,3420.0,14.632,31.0849
Kepler-778 b,3.75574426,1.68,0.1,1,Transit,Kepler,5102.0,15.959,938.168
TOI-1244 b,6.400316483,2.467,0.24,1,Transit,Transiting Exoplanet Survey Satellite (TESS),4599.0,11.929,102.551
TOI-1466 b,1.87190602231,2.46741991,0.3321413,1,Transit,Transiting Exoplanet Survey Satellite (TESS),4435.39,12.189,86.5783
K2-157 b,0.3652575,0.935,0.09,1,Transit,K2,5334.0,12.942,298.373
HD 33564 b,388.0,12.5,,0,Radial Velocity,Haute-Provence Observatory,6250.0,5.10111,20.9531
WASP-55 b,4.465631,14.72860064,0.23538859,1,Transit,SuperWASP,6096.0,11.753,297.462
bet UMi b,522.3,12.7,,0,Radial Velocity,Bohyunsan Optical Astronomical Observatory,4126.0,2.0569,38.77472
HD 216536 b,148.60001,13.8,,0,Radial Velocity,McDonald Observatory,4639.0,9.229,376.233
HIP 65407 b,28.125,14.3,,0,Radial Velocity,Haute-Provence Observatory,5460.0,9.38,61.7804
HD 12484 b,58.83,13.2,,0,Radial Velocity,Haute-Provence Observatory,5920.0,8.18,48.3367
NGTS-1 b,2.647298,14.90797,6.83749,1,Transit,Next-Generation Transit Survey (NGTS),3916.0,15.667,218.121
K2-148 b,4.38395,1.33,0.19,1,Transit,K2,4079.0,13.627,124.458
K2-158 b,10.06049,2.64,0.16,1,Transit,K2,5503.0,11.774,197.299
HD 86081 b,2.1378431,13.6,,0,Radial Velocity,W. M. Keck Observatory,5939.0,8.73,103.936
HD 45652 b,44.073,14.3,,0,Radial Velocity,Haute-Provence Observatory,5294.0,8.1,34.8541
WASP-62 b,4.41195,14.79588,0.89672,1,Transit,SuperWASP,6230.0,10.213,175.631
TOI-1422 b,12.99894,3.83,0.11,1,Transit,Transiting Exoplanet Survey Satellite (TESS),5840.0,10.622,155.141
K2-148 d,9.7579,1.64,0.24,1,Transit,K2,4079.0,13.627,124.458
GJ 1265 b,3.6511,2.63,,0,Radial Velocity,Calar Alto Observatory,3236.0,14.01,10.2525
HD 6061 b,5.2549,2.42763557,0.09903199,1,Transit,Transiting Exoplanet Survey Satellite (TESS),5934.0,8.844,67.6203
Kepler-19 c,28.731,3.68,,0,Transit Timing Variations,Kepler,5544.0,12.035,218.562
Kepler-25 d,122.4,10.0,,0,Radial Velocity,W. M. Keck Observatory,6354.0,10.769,243.249
HIP 8541 b,1852.14387,12.6,,0,Radial Velocity,Multiple Observatories,4672.0,7.88,155.121
K2-113 b,5.817685,12.14,0.35,1,Transit,K2,5660.0,13.744,635.722
K2-152 b,32.6479,2.29,0.25,1,Transit,K2,4044.0,13.728,108.449
K2-243 c,24.94598,2.01,0.15,1,Transit,K2,6570.0,10.971,266.864
HD 13167 b,2613.0,13.1,,0,Radial Velocity,W. M. Keck Observatory,5671.0,8.34,148.934
TOI-929 b,5.83015366944,2.68983343,0.22609669,1,Transit,Transiting Exoplanet Survey Satellite (TESS),4457.16,12.489,114.421
K2-162 b,9.45889,1.44,0.11,1,Transit,K2,4842.0,12.278,124.433
K2-161 b,9.283188,6.11721229,1.63323815,1,Transit,K2,4972.0,12.718,916.319
KELT-3 b,2.70339,17.48604,1.23299,1,Transit,KELT,6304.0,9.816,210.252
KELT-14 b,1.7100566,19.537287,0.526823,1,Transit,KELT-South,5720.0,11.001,250.121
tau Cet h,49.41,1.19,,0,Radial Velocity,Multiple Observatories,5310.0,3.49607,3.60304
K2-154 c,7.95486,2.07,0.18,1,Transit,K2,4097.0,13.861,129.356
K2-246 b,5.76918,3.49,0.25,1,Transit,K2,5610.0,14.792,703.616
TOI-969 b,1.8237305,2.765,0.088,1,Transit,Transiting Exoplanet Survey Satellite (TESS),4435.0,11.646,77.2554
TOI-1291 b,7.1620097551,5.63826391,0.34804882,1,Transit,Transiting Exoplanet Survey Satellite (TESS),6139.95,11.516,428.123
HD 220689 b,2266.4,13.7,,0,Radial Velocity,La Silla Observatory,5921.0,7.74,46.8778
GJ 163 b,8.63182,3.25,,0,Radial Velocity,La Silla Observatory,3500.0,11.79,15.1285
HAT-P-53 b,1.9616241,14.773462,1.020019,1,Transit,HATNet,5956.0,13.78,666.802
HD 111591 b,1056.4,12.9,,0,Radial Velocity,Multiple Observatories,4884.0,6.417,114.166
K2-155 b,6.342,1.8,0.2,1,Transit,K2,4258.0,12.773,72.7998
HD 180053 b,213.72,13.3,,0,Radial Velocity,W. M. Keck Observatory,5131.0,7.93,137.043
TOI-1669 c,2.6800535,2.2963977,0.10169388,1,Transit,Transiting Exoplanet Survey Satellite (TESS),5497.0,10.218,111.276
K2-165 d,14.101361,2.64809498,0.25333143,1,Transit,K2,5185.0,11.332,134.591
DENIS-P J082303.1-491201 b,246.36,11.9,,0,Astrometry,Paranal Observatory,,,20.77
NGC 2682 YBP 1514 b,5.118,14.0,,0,Radial Velocity,Multiple Observatories,5725.0,14.684,914.221
HD 14067 b,2744.0,12.2,,0,Radial Velocity,Okayama Astrophysical Observatory,4815.0,6.53329,142.024
K2-30 b,4.098503,11.646151,0.56045,1,Transit,K2,5425.0,13.547,333.042
YZ Cet d,4.65626,1.03,,0,Radial Velocity,La Silla Observatory,3151.0,12.074,3.71207
Kepler-90 i,14.44912,1.32,0.21,1,Transit,Kepler,6015.0,13.883,848.254
HD 75784 c,7900.0,12.8,,0,Radial Velocity,W. M. Keck Observatory,4867.0,7.84,85.4321
WASP-56 b,4.6171,10.53646,1.00881,1,Transit,SuperWASP,5600.0,12.091,321.084
GJ 667 C g,256.2,1.99,,0,Radial Velocity,La Silla Observatory,3350.0,10.602,7.24396
WASP-135 b,1.4013794,14.5717,1.00881,1,Transit,SuperWASP,5675.0,13.181,298.214
CoRoT-32 b,6.71837,6.38913,0.67254,1,Transit,CoRoT,5970.0,13.626,576.683
TOI-1054.01,15.5077855,2.43432,0.142957,1,Transit,Transiting Exoplanet Survey Satellite (TESS),6122.0,8.95,88.4343
Kepler-504 b,9.549275422,1.59,0.18,1,Transit,Kepler,3519.0,15.143,99.0688
TOI-1691 b,16.736888935,3.66,0.236,1,Transit,Transiting Exoplanet Survey Satellite (TESS),5759.0,10.134,111.445
K2-221 b,2.399094,1.67890272,0.1668616,1,Transit,K2,5716.0,12.571,318.81
WASP-68 b,5.0843,14.79588,1.56926,1,Transit,SuperWASP,5910.0,10.674,226.399
psi1 Dra B b,3117.0,13.5,,0,Radial Velocity,McDonald Observatory,6212.0,5.808,22.7188
K2-118 b,50.92092,2.54,0.23,1,Transit,K2,4726.29,14.0,321.722
GJ 3942 b,6.905,2.57,,0,Radial Velocity,Roque de los Muchachos Observatory,3867.0,10.166,16.9287
Kepler-1654 b,1047.8356,9.180171,0.212971,1,Transit,Kepler,5597.0,13.497,568.117
Kepler-750 b,9.42887179,3.07,1.06,1,Transit,Kepler,6160.0,14.634,1296.02
WASP-78 b,2.17518,21.63337,5.04405,1,Transit,SuperWASP,6100.0,11.965,754.258
HD 66141 b,480.5,12.8,,0,Radial Velocity,Bohyunsan Optical Astronomical Observatory,4323.0,4.37821,68.1509
WASP-88 b,4.954,16.36514,2.35389,1,Transit,SuperWASP,6430.0,11.388,523.756
Wolf 1061 d,217.21,2.69,,0,Radial Velocity,La Silla Observatory,3342.0,10.1,4.30592
K2-130 b,2.49412,1.25,0.2,1,Transit,K2,4356.47,12.676,118.011
K2-129 b,8.239493,1.04,0.1,1,Transit,K2,3459.09,13.639,27.7957
HD 147379 b,86.58,4.94,,0,Radial Velocity,Calar Alto Observatory,4090.0,8.61,10.7643
HATS-42 b,2.292102,15.6926,2.80225,1,Transit,HATSouth,6060.0,13.682,800.377
WASP-144 b,2.2783152,9.52765,0.56045,1,Transit,SuperWASP-South,5200.0,13.085,355.513
HD 83443 c,8241.0,13.6,,0,Radial Velocity,Multiple Observatories,5442.0,8.23,40.8991
TOI-1347 c,4.841962,1.6,0.1,1,Transit,Transiting Exoplanet Survey Satellite (TESS),5464.0,11.168,147.476
HD 108147 b,10.8985,10.9,,0,Radial Velocity,La Silla Observatory,6255.73,6.99,38.92
KIC 8540376 b,31.8099,4.1,2.2,1,Transit,Kepler,6474.0,14.411,1072.3
HATS-51 b,3.3488702,15.80469,2.12971,1,Transit,HATSouth,5758.0,12.525,389.57
K2-233 b,2.467583,1.315,0.036,1,Transit,K2,4796.0,10.883,67.5062
Kepler-814 b,6.1469851,2.12,0.69,1,Transit,Kepler,6162.0,14.859,2055.77
HD 18599 b,4.1374354,2.6,0.15,1,Transit,Transiting Exoplanet Survey Satellite (TESS),5145.0,8.99,38.5653
Kepler-127 c,29.393195,2.66,0.14,1,Transit,Kepler,6106.0,11.746,352.794
HIP 55507 b,5138.43727,12.6,,0,Radial Velocity,Multiple Observatories,4171.0,9.8,25.4893
NGC 2682 Sand 1429 b,77.48,13.4,,0,Radial Velocity,Multiple Observatories,6000.0,12.704,852.793
Kepler-955 b,14.53244172,3.13,0.27,1,Transit,Kepler,5350.0,14.734,550.383
Kepler-962 b,12.05707239,1.97,0.08,1,Transit,Kepler,5478.0,13.68,411.486
TOI-5678 b,47.73022,4.91,0.08,1,Transit,Transiting Exoplanet Survey Satellite (TESS),5485.0,11.438,165.393
HD 155918 c,17202.19446,12.8,,0,Radial Velocity,Multiple Observatories,5771.84,7.0,27.561
TOI-6034 b,2.576184,11.92,0.48,1,Transit,Transiting Exoplanet Survey Satellite (TESS),3635.0,15.189,117.992
HD 101581 b,4.46569,0.956,0.061,1,Transit,Transiting Exoplanet Survey Satellite (TESS),4675.0,7.77,12.7781
Kepler-922 b,0.938466832,1.42,0.18,1,Transit,Kepler,5671.0,13.863,536.323
Barnard c,4.1244,0.743,,0,Radial Velocity,Gemini Observatory,3195.0,9.54,1.82655
TIC 32032563 b,13.83460487791,3.47739942,0.41441263,1,Transit,Transiting Exoplanet Survey Satellite (TESS),5567.93,13.453,507.858
Kepler-911 b,20.310501,2.6,0.1,1,Transit,Kepler,6112.0,11.767,556.168
HD 16905 b,10256.0,12.4,,0,Radial Velocity,Multiple Observatories,4866.12,9.44,39.7401
HD 184010 b,286.6,12.1,,0,Radial Velocity,Okayama Astrophysical Observatory,4971.0,5.88639,60.7993
TOI-6041 b,26.04945,4.55,0.18,1,Transit,Transiting Exoplanet Survey Satellite (TESS),5445.0,9.838,72.4731
TOI-6281 b,1.05426244177,1.92416074,0.18572931,1,Transit,Transiting Exoplanet Survey Satellite (TESS),4533.23,10.885,57.7451
Luhman 16 b,9697.0,11.9,,0,Imaging,Multiple Observatories,,,
Barnard b,3.1542,0.72,,0,Radial Velocity,Paranal Observatory,3195.0,9.54,1.82655
Barnard e,6.7392,0.637,,0,Radial Velocity,Gemini Observatory,3195.0,9.54,1.82655
HD 224018 c,36.57669,2.42,0.07,1,Transit,K2,5784.0,9.715,105.48
TIC 38825265 b,3.31336980985,2.18869476,0.35685651,1,Transit,Transiting Exoplanet Survey Satellite (TESS),4375.52,14.134,165.638
Kepler-1012 b,5.50860439,1.29,0.08,1,Transit,Kepler,5556.0,13.486,411.077
Kepler-1754 b,8.195949554,2.43996509,,1,Transit,Kepler,4723.0,16.007,718.945
LHS 1678 d,4.9652229,0.981,0.07,1,Transit,Transiting Exoplanet Survey Satellite (TESS),3490.0,12.6,19.8782
HD 18143 c,28982.41764,12.5,,0,Radial Velocity,Multiple Observatories,5078.0,7.518,22.5243
Kepler-935 b,4.88083852,1.35,0.08,1,Transit,Kepler,4830.0,15.01,471.782
Kepler-879 c,0.646716,0.4,0.1,1,Transit,Kepler,5456.75,14.429,802.672
ZTF J1230-2655 b,0.23597766,13.78704626,0.00560449,1,Transit,Zwicky Transient Facility,10000.0,18.9116,186.69
TIC 270471727 b,10.45623256647,2.75029559,0.36285616,1,Transit,Transiting Exoplanet Survey Satellite (TESS),5271.39,11.948,182.104
TIC 65612701 b,10.22467974953,5.07802804,0.33441948,1,Transit,Transiting Exoplanet Survey Satellite (TESS),5692.29,9.448,151.624
Kepler-1014 b,16.57110363,2.39,0.21,1,Transit,Kepler,5388.0,14.866,624.8
Kepler-1044 b,6.77408868,2.67,0.62,1,Transit,Kepler,5985.0,15.478,1278.96
Kepler-66 b,17.815815,2.8,0.16,1,Transit,Kepler,5962.0,15.29,1202.96
Kepler-857 b,85.35129427,6.8,1.7,1,Transit,Kepler,5773.0,15.167,983.502
TOI-6080 b,8.05562348084,3.32424168,0.51660099,1,Transit,Transiting Exoplanet Survey Satellite (TESS),5775.46,11.178,188.183
Wolf 1069 b,15.564,1.08,,0,Radial Velocity,Calar Alto Observatory,3158.0,13.993,9.58341
TOI-6330 b,6.8500246,10.89,0.37,1,Transit,Transiting Exoplanet Survey Satellite (TESS),3539.0,16.33,139.042
NGTS-38 b,180.52797,12.11690814,0.52682209,1,Transit,Transiting Exoplanet Survey Satellite (TESS),6310.0,10.225,268.637
TOI-5210 b,4.5661061,10.72699453,0.35868738,1,Transit,Transiting Exoplanet Survey Satellite (TESS),5723.0,12.118,302.086
TOI-5726.01,5.491125215,2.554,0.28,1,Transit,Transiting Exoplanet Survey Satellite (TESS),5874.0,9.736,108.848
HD 194490 b,13092.18348,12.4,,0,Radial Velocity,Multiple Observatories,5861.32,8.99,80.2349
HD 190228 b,1143.59858,12.9,,0,Radial Velocity,Multiple Observatories,5360.0,7.3,62.7146
HD 206893 b,11100.0,14.01122587,0.22417961,0,Imaging,Gemini Observatory,6500.0,6.68804,40.7583
HD 112570 b,2615.0,13.1,,0,Radial Velocity,Multiple Observatories,4750.0,6.11055,101.166
HD 154391 b,5163.0,12.5,,0,Radial Velocity,Multiple Observatories,4909.0,6.1552,100.947
Kepler-1026 b,36.5156053,2.21,0.33,1,Transit,Kepler,4948.0,14.463,351.239
G 261-6 b,5.4536,1.1,,0,Radial Velocity,Calar Alto Observatory,2907.0,15.75,10.6267
TOI-5789 d,29.65,1.91,,0,Radial Velocity,Multiple Observatories,5185.0,7.35063,20.4581
TOI-5789 b,2.76369,1.26,,0,Radial Velocity,Multiple Observatories,5185.0,7.35063,20.4581
TIC 142589416 b,2.09518466313,2.67899519,0.37365834,1,Transit,Transiting Exoplanet Survey Satellite (TESS),4396.27,14.021,168.933
NGTS-39 b,58.20472,12.195371,0.13450777,1,Transit,Transiting Exoplanet Survey Satellite (TESS),6053.0,11.568,278.402
Gliese 48 b,39.6299,2.77,,0,Radial Velocity,Multiple Observatories,3450.0,9.98,8.23366
Kepler-993 b,22.08557563,2.97,0.18,1,Transit,Kepler,3843.0,16.608,324.423
Kepler-80 d,3.07222,1.53,0.09,1,Transit,Kepler,4540.0,15.23,369.451
K2-411 b,3.2141,0.9898,0.0498,1,Transit,K2,5711.0,12.27,298.219
TOI-6383 A b,1.79058695,11.29,0.41,1,Transit,Transiting Exoplanet Survey Satellite (TESS),3444.0,16.63,171.319
TIC 139270665 b,23.624,7.22979255,0.26901554,1,Transit,Transiting Exoplanet Survey Satellite (TESS),5844.0,10.385,189.875
TOI-7149 b,2.65206166,13.2,0.51,1,Transit,Transiting Exoplanet Survey Satellite (TESS),3363.0,,126.126
Kepler-348 b,7.05677,1.52,0.29,1,Transit,Kepler,6177.0,12.676,570.783
TOI-5789 e,62.98,3.43,,0,Radial Velocity,Multiple Observatories,5185.0,7.35063,20.4581
TIC 154870955 b,7.9698747128,3.09467466,0.51582816,1,Transit,Transiting Exoplanet Survey Satellite (TESS),4739.58,13.43,226.463
Kepler-332 b,7.626324,1.17,0.08,1,Transit,Kepler,4955.0,14.243,344.19
TOI-5238 b,4.872171,5.22,,1,Transit,Transiting Exoplanet Survey Satellite (TESS),5631.0,12.214,290.646
Kepler-914 b,4.40966548,1.38,0.17,1,Transit,Kepler,5877.0,13.667,753.723
K2-413 c,5.3301,1.2327,0.0565,1,Transit,K2,4116.0,15.013,285.162
TOI-6086 b,1.3888725,1.18,0.07,1,Transit,Transiting Exoplanet Survey Satellite (TESS),3200.0,14.981,31.4566
Kepler-314 c,5.960392,2.9,0.43,1,Transit,Kepler,5378.0,12.64,268.881
HIP 29442 c,3.5379559,1.551,0.045,1,Radial Velocity,Paranal Observatory,5289.0,9.49,68.192
HD 63433 d,4.209075,1.073,0.046,1,Transit,Transiting Exoplanet Survey Satellite (TESS),5688.0,6.92035,22.4035
Kepler-317 b,5.524242,2.09,0.96,1,Transit,Kepler,5497.0,15.665,940.584
TOI-7384 b,6.2340258,3.56,0.21,1,Transit,Transiting Exoplanet Survey Satellite (TESS),3185.0,16.704,66.7902
Kepler-1768 b,15.13589954,2.23346338,,1,Transit,Kepler,6050.0,13.565,632.766
Kepler-981 b,4.469757736,2.31,0.3,1,Transit,Kepler,5718.0,14.875,878.082
Kepler-1043 b,38.5053398,2.55,0.39,1,Transit,Kepler,5629.0,14.949,903.332
TOI-5777 b,6.91716177373,3.09551273,3.33613185,1,Transit,Transiting Exoplanet Survey Satellite (TESS),4408.03,13.012,114.277
HIP 113103 b,7.610303,1.829,0.096,1,Transit,Transiting Exoplanet Survey Satellite (TESS),4930.0,9.95,46.2122
HD 73344 c,65.94,13.5,,0,Radial Velocity,Multiple Observatories,6148.0,6.89351,35.26
Kepler-139 f,355.0,6.67,,0,Transit Timing Variations,Multiple Observatories,5630.0,12.775,391.038
TIC 249022743 b,2.25719681538,4.79568155,0.39118649,1,Transit,Transiting Exoplanet Survey Satellite (TESS),5567.58,12.705,396.46
TIC 260969020 b,8.48584501953,2.22686612,0.23860135,1,Transit,Transiting Exoplanet Survey Satellite (TESS),4572.94,12.393,121.222
Kepler-62 e,122.3874,1.61,0.05,1,Transit,Kepler,4925.0,13.965,300.874
HD 105618 c,77114.07158,11.9,,0,Radial Velocity,Multiple Observatories,5671.0,8.63,70.0837
HIP 113103 c,14.245648,2.4,0.1,1,Transit,Transiting Exoplanet Survey Satellite (TESS),4930.0,9.95,46.2122
Kepler-1053 b,2.414351654,0.98,0.05,1,Transit,Kepler,4529.0,13.576,151.129
Kepler-102 d,10.311767,1.154,0.058,1,Transit,Kepler,4909.0,12.072,107.796
HD 196067 c,4.601088,3.21,,0,Radial Velocity,La Silla Observatory,6072.0,6.51,39.9346
GJ 887 d,50.77,2.34,,0,Radial Velocity,Multiple Observatories,3688.0,7.56,3.28679
Kepler-347 b,12.79836,1.97,0.94,1,Transit,Kepler,6088.0,14.567,1298.88
HD 11112 b,17244.90764,12.6,,0,Radial Velocity,Multiple Observatories,5905.64,7.13,44.3804
Kepler-485 b,3.243259796,14.41,3.38,1,Transit,Kepler,5958.0,15.069,1140.95
TIC 393818343 b,16.24921,12.18416202,0.25780656,1,Transit,Transiting Exoplanet Survey Satellite (TESS),5756.0,9.48,93.7345
Kepler-1032 b,3.290117953,1.87,0.1,1,Transit,Kepler,4647.0,16.007,673.01
WASP-132 d,1816.6,12.8,,0,Radial Velocity,Multiple Observatories,4686.0,11.938,122.91
K2-157 c,25.942,6.08,,0,Radial Velocity,Paranal Observatory,5334.0,12.942,298.373
TIC 390586021 b,2.74703755819,2.86009388,0.30567917,1,Transit,Transiting Exoplanet Survey Satellite (TESS),4434.81,13.079,114.558
HD 113337 c,5429.93477,12.1,,0,Radial Velocity,Haute-Provence Observatory,6774.0,6.02078,36.18
HD 94771 b,2164.0,14.2,,0,Radial Velocity,La Silla Observatory,5631.0,7.37,57.7807
TOI-6695 b,80.389,9.52763359,0.22417961,1,Transit,Transiting Exoplanet Survey Satellite (TESS),6400.0,10.768,282.536
Gaia-5 b,358.62,12.1,,0,Astrometry,European Space Agency (ESA) Gaia Satellite,3447.0,14.61,41.1813
DMPP-2 d,16.491,11.6,,0,Radial Velocity,Multiple Observatories,6500.0,8.57,137.94
TIC 423703298 b,4.03712711976,2.77230429,0.34462473,1,Transit,Transiting Exoplanet Survey Satellite (TESS),4540.37,12.923,136.191
Kepler-335 b,6.562331,3.39,0.67,1,Transit,Kepler,5877.0,14.111,1278.97
Kepler-1023 b,62.1387714,2.63,0.3,1,Transit,Kepler,5494.0,14.7121,694.175
TOI-5592 b,2.6085846,17.14974047,3.58687382,1,Transit,Transiting Exoplanet Survey Satellite (TESS),6237.0,12.614,597.026
HD 122562 c,84.96276,10.1,,0,Radial Velocity,Multiple Observatories,4956.0,7.659,53.2528
HD 115404 A c,15319.22517,12.5,,0,Radial Velocity,Multiple Observatories,5019.17,6.50066,10.9816
GJ 1002 c,21.202,1.1,,0,Radial Velocity,Multiple Observatories,3024.0,13.76,4.84867
Kepler-932 b,1.921437396,1.37,0.13,1,Transit,Kepler,5331.0,14.308,465.612
TOI-6707 b,3.83479363758,5.72673066,0.41846318,1,Transit,Transiting Exoplanet Survey Satellite (TESS),6289.49,12.93,641.467
Kepler-139 e,2047.635373,13.7,,0,Radial Velocity,W. M. Keck Observatory,5622.0,12.775,391.038
Kepler-328 c,71.312,5.4,2.24,1,Transit,Kepler,6064.0,15.794,2213.19
TOI-7510 d,48.864468,10.52,0.32,1,Transit,Transiting Exoplanet Survey Satellite (TESS),5720.0,11.989,249.006
Kepler-138 d,23.0923,1.51,0.04,1,Transit,Kepler,3841.0,13.04,66.8624
Kepler-1779 b,16.34359932,3.03295685,,1,Transit,Kepler,5730.0,15.132,908.501
Kepler-973 b,49.6077331,1.96,0.08,1,Transit,Kepler,5213.0,13.478,328.52
TOI-5595 b,5.99002553853,4.73740402,0.36062543,1,Transit,Transiting Exoplanet Survey Satellite (TESS),4417.3,13.316,136.955
HD 203387 b,512.5352,13.1,,0,Radial Velocity,Multiple Observatories,5174.32,4.28,61.7477
TOI-6016 b,4.023687,13.67495645,0.33626942,1,Transit,Transiting Exoplanet Survey Satellite (TESS),6110.0,11.886,364.715
HIP 99770 b,18600.0,12.2,,0,Imaging,Multiple Observatories,8000.0,4.94292,40.0765
Kepler-1772 b,3.215090036,2.68609988,,1,Transit,Kepler,5541.0,13.546,871.564
GJ 2126 b,272.7,13.6,,0,Radial Velocity,La Silla Observatory,4159.0,10.7,38.129
TOI-5616 b,2.002849,10.78,0.54,1,Transit,Transiting Exoplanet Survey Satellite (TESS),3996.0,16.74,390.415
Kepler-408 b,2.46502,0.82,0.03,1,Transit,Kepler,6104.0,8.834,88.7832
Kepler-10 d,151.06,3.49,,0,Radial Velocity,Roque de los Muchachos Observatory,5708.0,11.043,185.506
GJ 3988 b,6.9442,1.74,,0,Radial Velocity,Calar Alto Observatory,3273.0,13.627,9.9105
TOI-1408 c,2.1664,2.22,0.06,1,Transit Timing Variations,Transiting Exoplanet Survey Satellite (TESS),6117.0,9.270001,139.484
HD 68475 b,7832.0,12.8,,0,Radial Velocity,Las Campanas Observatory,5022.0,8.78,33.4297
HD 48265 c,10418.0,12.9,,0,Radial Velocity,Las Campanas Observatory,5805.0,8.05,90.5446
Kepler-958 b,9.7678805,2.06,0.1,1,Transit,Kepler,5421.0,13.91,449.773
TOI-5624 d,13.731468,3.584,0.051,1,Transit,Transiting Exoplanet Survey Satellite (TESS),5327.0,10.81,101.913
KOI-351 d,59.73667,2.87,0.3,1,Transit,Kepler,6080.0,13.883,848.254
Kepler-20 e,6.0984882,0.821,0.022,1,Transit,Kepler,5495.0,12.61,282.563
nu Oct A b,402.4,13.3,,0,Radial Velocity,University of Canterbury Mt John Observatory,4910.0,3.73,21.1999
TOI-1288 c,416.0,11.1,,0,Radial Velocity,Multiple Observatories,5388.0,10.445,114.865
Kepler-104 c,23.668205,3.13,0.55,1,Transit,Kepler,5711.0,12.697,400.785
Kepler-507 b,3.568096926,1.3,0.24,1,Transit,Kepler,6113.0,12.197,391.644
HN Lib b,36.116,2.2,,0,Radial Velocity,Calar Alto Observatory,3347.0,11.311,6.24442
Kepler-49 d,2.576549,1.6,0.07,1,Transit,Kepler,4252.0,15.655,311.222
HIP 10090 b,2960.0,13.0,,0,Radial Velocity,Multiple Facilities,5661.0,8.94,82.3937
Kepler-346 b,6.511127,2.66,1.24,1,Transit,Kepler,6033.0,15.261,984.105
Kepler-265 d,43.130617,2.49,0.54,1,Transit,Kepler,5835.0,15.47,1280.25
Kepler-399 b,14.425281,0.96,0.51,1,Transit,Kepler,5502.0,14.686,740.537
Kepler-110 c,31.719775,2.21,0.44,1,Transit,Kepler,5960.0,13.003,586.531
Kepler-1248 b,7.46725407,1.18,0.2,1,Transit,Kepler,6149.0,12.9,593.026
Kepler-1269 b,37.3331536,1.63,0.46,1,Transit,Kepler,5998.0,13.658,1097.23
Kepler-1314 b,5.424749281,5.11,0.19,1,Transit,Kepler,4188.0,17.816,141.98685057
Kepler-1870 b,3.606940031,2.10143764,,1,Transit,Kepler,5508.0,13.566,407.216
Kepler-236 b,8.295611,1.57,0.12,1,Transit,Kepler,3750.0,16.014,288.763
Kepler-125 c,5.774464,0.74,0.05,1,Transit,Kepler,3810.0,15.431,183.365
Kepler-304 d,9.653471,2.75,0.21,1,Transit,Kepler,4731.0,15.065,434.684
Kepler-326 d,6.766888,1.21,0.09,1,Transit,Kepler,5105.0,13.734,487.675
Kepler-126 c,21.869741,1.58,0.13,1,Transit,Kepler,6239.0,10.505,237.401
Kepler-400 c,17.340824,1.49,0.28,1,Transit,Kepler,5886.0,13.762,845.97
Kepler-1089 b,5.132485618,1.83,0.1,1,Transit,Kepler,3753.0,16.233,259.328
Kepler-102 f,27.453592,0.861,0.022,1,Transit,Kepler,4909.0,12.072,107.796
Kepler-1223 b,16.301259,1.22,0.06,1,Transit,Kepler,4870.0,14.911,459.957
Kepler-1853 b,48.88819885,1.51862272,,1,Transit,Kepler,4821.0,15.229,562.348
Kepler-512 b,34.43587975,2.69,0.49,1,Transit,Kepler,5997.0,12.728,467.375
Kepler-369 b,2.732756,1.13,0.06,1,Transit,Kepler,3591.0,16.429,214.0
Kepler-305 c,8.291,3.3,0.82,1,Transit,Kepler,5080.0,15.851,868.477
Kepler-975 c,5.05821338,10.69,6.94,1,Transit,Kepler,4883.0,14.633,426.088
Kepler-22 b,289.863876,2.1,0.12,1,Transit,Kepler,5596.0,11.751,194.642
Kepler-1995 b,73.7578875,4.28,2.21,1,Transit,Kepler,5029.0,15.516,595.331
Kepler-1227 b,94.2887577,2.29,0.52,1,Transit,Kepler,5747.0,14.276,623.706
Kepler-1272 b,51.1309704,2.37,0.7,1,Transit,Kepler,5926.0,14.734,1206.37
Kepler-201 c,151.884058,2.85,0.6,1,Transit,Kepler,6065.0,12.991,636.445
Kepler-215 c,14.667108,1.77,0.42,1,Transit,Kepler,5739.0,13.678,485.997
Kepler-267 c,6.87745,2.13,0.11,1,Transit,Kepler,4258.0,16.69,264.993
Kepler-373 c,16.725948,1.24,0.62,1,Transit,Kepler,5787.0,14.596,1090.45
Kepler-54 d,20.995694,1.53,0.08,1,Transit,Kepler,4252.0,16.282,271.701
Kepler-329 b,7.416397,1.4,0.25,1,Transit,Kepler,4257.0,15.886,439.719
Kepler-279 d,54.414,3.1,1.24,1,Transit,Kepler,6689.45,13.647,1037.4
HD 219134 c,6.76458,1.511,0.047,1,Radial Velocity,Roque de los Muchachos Observatory,4699.0,5.56911,6.53127
Kepler-1198 b,7.6847716,1.47,0.18,1,Transit,Kepler,5517.0,14.986,743.03
Kepler-161 c,7.06424,2.05,0.15,1,Transit,Kepler,5078.0,14.406,434.632
Kepler-1294 b,115.6862258,3.19,0.54,1,Transit,Kepler,5776.0,15.361,1855.7
Kepler-1319 b,2.886762645,1.34,0.72,1,Transit,Kepler,3655.0,15.161,103.917
Kepler-275 d,35.676062,3.33,0.74,1,Transit,Kepler,6165.0,15.289,2034.25
Kepler-374 b,1.897806,1.03,0.54,1,Transit,Kepler,5977.0,14.701,1265.61
Kepler-306 d,17.326644,2.47,0.24,1,Transit,Kepler,4954.0,15.575,775.679
Kepler-305 e,3.20538,1.7938153,,1,Transit,Kepler,4974.0,15.851,868.477
Kepler-11 f,46.6888,2.49,0.04,1,Transit,Kepler,5663.0,13.817,646.346
Kepler-276 d,48.648,2.8,1.23,1,Transit,Kepler,5693.0,15.481,1144.86
Kepler-36 c,16.21865,3.679,0.096,1,Transit,Kepler,5979.0,11.941,527.956
Kepler-1251 b,45.0904643,1.84,0.26,1,Transit,Kepler,5545.0,15.024,902.204
Kepler-1843 b,25.54339981,2.70909809,,1,Transit,Kepler,5422.0,13.086,784.625
Kepler-1857 b,8.94340992,1.96065412,,1,Transit,Kepler,6074.0,14.36,853.275
Kepler-190 c,3.763024,1.46,0.1,1,Transit,Kepler,5106.0,14.336,433.387
Kepler-123 c,26.695074,1.48,0.3,1,Transit,Kepler,6089.0,14.129,1021.66
Kepler-380 c,7.630004,1.27,0.28,1,Transit,Kepler,6045.0,13.74,813.713
Kepler-283 c,92.743711,1.82,0.12,1,Transit,Kepler,4351.0,16.216,468.094
KELT-6 c,1276.0,13.0,,0,Radial Velocity,Multiple Observatories,6272.0,10.371,240.726
Kepler-85 b,8.3,1.778,0.05,1,Transit,Kepler,5505.2,14.89,765.025
Kepler-799 c,15.19419956,2.78068551,,1,Transit,Kepler,5588.0,15.166,1509.084
Kepler-1884 b,8.988320351,1.81406781,,1,Transit,Kepler,5984.0,15.433,1443.09
Kepler-381 b,5.629021,0.99,0.22,1,Transit,Kepler,6152.0,10.47,267.323
Kepler-84 d,4.224537,1.38,0.27,1,Transit,Kepler,6031.0,14.92,1023.9
Kepler-334 b,5.470319,1.12,0.21,1,Transit,Kepler,5828.0,12.834,426.59
Kepler-285 c,6.186676,1.12,0.49,1,Transit,Kepler,5411.0,15.198,824.31
Kepler-1232 b,26.7839183,1.93,0.24,1,Transit,Kepler,5471.0,14.97,632.865
Kepler-1858 b,88.07160187,2.42168247,,1,Transit,Kepler,4939.0,15.959,833.055
Kepler-204 c,25.660593,1.79,0.39,1,Transit,Kepler,5812.0,13.977,686.723
Kepler-515 b,19.96371318,1.46,0.06,1,Transit,Kepler,5293.0,12.913,255.0
Kepler-221 e,18.369917,2.63,0.25,1,Transit,Kepler,5243.0,13.97,385.231
Kepler-1877 b,2.377569914,0.624086,,1,Transit,Kepler,5615.0,12.29,285.312
Kepler-350 d,26.136,2.8,1.28,1,Transit,Kepler,6492.3,13.965,956.859
Kepler-58 e,4.45814897,1.61,0.52,1,Transit,Kepler,6100.0,15.086,969.252
Kepler-1679 b,9.75376,2.0692036,,1,Transit,Kepler,5501.0,15.327,909.28
Kepler-58 c,15.5741568,2.86,,1,Transit,Kepler,5843.0,15.086,969.252
Kepler-1844 b,3.924510002,3.03648191,,1,Transit,Kepler,5776.0,15.995,1804.36
Kepler-1278 b,3.23941344,1.01,0.31,1,Transit,Kepler,6074.0,13.782,889.426
Kepler-1864 b,3.881510019,0.75408365,,1,Transit,Kepler,5854.0,12.123,298.894
Kepler-1324 b,4.115844679,1.51,0.08,1,Transit,Kepler,4776.0,15.554,481.667
Kepler-462 c,207.62,4.0,0.2,1,Transit,Kepler,7500.0,11.632,596.625
Kepler-226 d,8.109044,1.22,0.49,1,Transit,Kepler,5571.0,15.563,980.138
Kepler-221 b,2.795906,1.71,0.17,1,Transit,Kepler,5243.0,13.97,385.231
Kepler-245 c,17.460812,2.18,0.17,1,Transit,Kepler,5100.0,15.546,861.527
Kepler-352 b,10.05537,0.86,0.08,1,Transit,Kepler,5212.0,13.142,252.733
Kepler-382 c,12.162701,1.59,0.77,1,Transit,Kepler,5600.0,14.907,935.446
Kepler-336 b,2.024823,1.02,0.19,1,Transit,Kepler,5867.0,13.677,768.86
HD 11755 b,433.70001,12.8,,0,Radial Velocity,Bohyunsan Optical Astronomical Observatory,4312.0,6.88269,235.045
Kepler-385 c,15.163161,3.04,1.56,1,Transit,Kepler,6326.0,15.76,1432.61
Kepler-267 d,28.464515,2.27,0.12,1,Transit,Kepler,4258.0,16.69,264.993
Kepler-384 c,45.348269,1.13,0.33,1,Transit,Kepler,5577.0,13.734,895.678
Kepler-299 e,38.285489,1.87,0.39,1,Transit,Kepler,5617.0,15.232,1052.24
8 UMi b,93.31,13.5,,0,Radial Velocity,Bohyunsan Optical Astronomical Observatory,4847.0,6.83295,162.552
Kepler-1104 b,5.03728015,1.23,0.14,1,Transit,Kepler,6417.0,12.125,530.658
Kepler-1987 e,8.74292005,1.92,0.18,1,Transit,Kepler,4769.0,15.477,595.683
Kepler-1830 b,56.49330139,3.32992941,,1,Transit,Kepler,6160.0,13.605,1056.88
Kepler-182 b,9.825792,2.58,1.18,1,Transit,Kepler,6250.0,14.942,1549.09
Kepler-1688 b,5.62012,1.26174569,,1,Transit,Kepler,4632.11,14.142,567.44687087
Kepler-385 b,10.043686,2.73,1.38,1,Transit,Kepler,6326.0,15.76,1432.61
Kepler-55 f,10.198545,1.59,0.1,1,Transit,Kepler,4503.0,15.746,578.796
Kepler-339 d,10.558345,1.17,0.53,1,Transit,Kepler,5631.0,14.706,616.637
Kepler-1669 d,4.72941177,1.22,0.05,1,Transit,Kepler,4224.0,16.473,543.444
Kepler-69 c,242.4613,1.71,0.34,1,Transit,Kepler,5638.0,13.866,730.625
HAT-P-57 b,2.4653,19.50366,4.03524,1,Transit,HATNet,6330.0,10.639,279.86
Kepler-1067 c,5.425839901,1.74682428,,1,Transit,Kepler,5594.0,14.395,667.693
Kepler-299 d,15.054786,1.86,0.38,1,Transit,Kepler,5617.0,15.232,1052.24
Kepler-208 c,7.466623,1.39,0.26,1,Transit,Kepler,6092.0,13.561,775.328
Kepler-530 b,39.30941904,3.01,0.17,1,Transit,Kepler,5697.0,13.502,457.709
Kepler-354 d,24.209842,1.24,0.4,1,Transit,Kepler,4648.0,15.771,554.064
Kepler-339 c,6.988055,1.15,0.52,1,Transit,Kepler,5631.0,14.706,616.637
Kepler-1114 b,14.97435694,1.35,0.08,1,Transit,Kepler,5374.0,13.935,418.417
Kepler-114 d,11.776,2.53,0.28,1,Transit,Kepler,4660.0,13.961,259.533
Kepler-303 c,7.061149,1.14,0.09,1,Transit,Kepler,3944.0,14.917,209.738
Kepler-1212 b,12.94130146,2.14,0.58,1,Transit,Kepler,6051.0,15.133,1316.57
Kepler-394 c,12.130686,1.66,0.86,1,Transit,Kepler,6402.0,14.948,1058.72
Kepler-393 c,14.613612,1.33,0.31,1,Transit,Kepler,6189.0,13.258,881.404
Kepler-318 c,11.815007,3.68,0.65,1,Transit,Kepler,5746.0,13.442,489.141
Kepler-1241 b,18.5525701,2.63,0.21,1,Transit,Kepler,5261.0,15.886,968.722
Kepler-185 b,1.6329,1.17,0.67,1,Transit,Kepler,5208.0,14.562,466.735
Kepler-1283 b,12.9460978,1.91,0.79,1,Transit,Kepler,6175.0,15.269,2921.99
Kepler-1714 b,10.27530003,3.26437302,,1,Transit,Kepler,6150.0,11.041,409.46
Kepler-1331 b,0.789161653,1.05,0.09,1,Transit,Kepler,4508.0,15.58,319.197
Kepler-319 b,4.362705,1.63,0.23,1,Transit,Kepler,5526.0,13.926,503.436
Kepler-396 b,42.994,3.5,1.28,1,Transit,Kepler,5656.0,12.259,223.757
Kepler-1085 c,56.7771,3.26817741,,1,Transit,Kepler,5816.0,15.273,1364.53
Kepler-1084 b,2.05333679,1.11,0.23,1,Transit,Kepler,6113.0,12.015,405.533
Kepler-1108 b,4.51005748,1.46,0.14,1,Transit,Kepler,5406.0,15.132,767.701
Kepler-1214 b,18.82634264,2.36,0.19,1,Transit,Kepler,5130.0,15.459,729.227
Kepler-155 c,52.661793,2.24,0.15,1,Transit,Kepler,4508.0,14.654,293.499
Kepler-396 c,88.505,5.3,1.95,1,Transit,Kepler,5656.0,12.259,223.757
Kepler-1369 b,25.873148,2.69,0.42,1,Transit,Kepler,5761.0,15.621,1236.56
Kepler-1370 b,20.2641684,1.84,0.66,1,Transit,Kepler,6202.0,13.718,1004.1
Kepler-252 b,6.668391,1.23,0.12,1,Transit,Kepler,4208.0,15.406,379.424
Kepler-360 c,7.186434,2.1,1.0,1,Transit,Kepler,6053.0,15.011,876.044
Kepler-245 e,3.219821056,1.75,0.08,1,Transit,Kepler,5174.0,15.546,861.527
Kepler-298 d,77.473633,2.5,0.2,1,Transit,Kepler,4465.0,15.617,518.204
Kepler-324 b,4.385315,1.14,0.11,1,Transit,Kepler,5194.0,14.222,501.574
Kepler-1796 b,29.4557991,2.75047868,,1,Transit,Kepler,6036.0,14.493,825.883
Kepler-520 c,5.21104261,1.07,0.07,1,Transit,Kepler,6112.0,12.798,623.901
Kepler-1244 b,3.70428172,1.35,0.63,1,Transit,Kepler,6680.0,12.444,1075.81
Kepler-169 c,6.195469,1.21,0.08,1,Transit,Kepler,4997.0,14.424,406.529
Kepler-97 b,2.58664,1.48,0.13,1,Transit,Kepler,5779.0,12.994,400.907
Kepler-1336 b,23.198681,1.98,0.3,1,Transit,Kepler,5512.0,14.264,1126.64
Kepler-88 d,1403.0,13.1,,0,Radial Velocity,W. M. Keck Observatory,5466.0,13.209,376.863
Kepler-301 d,13.751243,1.75,0.94,1,Transit,Kepler,5815.0,14.458,719.166
Kepler-104 d,51.755394,3.58,0.61,1,Transit,Kepler,5711.0,12.697,400.785
Kepler-1192 b,25.2034787,2.36,0.24,1,Transit,Kepler,5438.0,15.858,1304.19
Kepler-516 b,24.85462415,5.74,1.43,1,Transit,Kepler,7099.0,12.121,687.094
Kepler-1851 b,12.02289963,3.90012032,,1,Transit,Kepler,5982.0,15.699,1589.81
Kepler-212 b,16.257582,1.09,0.21,1,Transit,Kepler,5852.0,13.129,687.194
Kepler-1372 b,1.311555568,1.27,0.44,1,Transit,Kepler,5677.0,15.667,1303.22
Kepler-364 b,25.745718,1.55,0.37,1,Transit,Kepler,6108.0,13.754,891.462
KELT-23 A b,2.255251,14.829507,0.280225,1,Transit,KELT-North,5899.0,10.308,126.261
HD 191939 d,38.353037,2.995,0.07,1,Transit,Transiting Exoplanet Survey Satellite (TESS),5348.0,8.97,53.6089
HATS-77 b,3.0876262,13.05846252,0.23538859,1,Transit,HATSouth,4071.0,16.195,436.176
TOI-1752 c,32.71443,2.29,0.13,1,Transit,Transiting Exoplanet Survey Satellite (TESS),3762.0,14.62,103.021
Kepler-1705 c,11.28,2.05,0.14,1,Transit,Kepler,6312.0,15.8,1633.49
TOI-1753 b,5.3846104,2.47852533,0.09834485,1,Transit,Transiting Exoplanet Survey Satellite (TESS),5621.0,11.831,226.671
TOI-2274 b,2.67963,2.45,0.23,1,Transit,Transiting Exoplanet Survey Satellite (TESS),3943.0,11.995,48.876
Kepler-43 b,3.0240949,13.663771,0.728585,1,Transit,Kepler,6041.0,13.986,1005.84
Kepler-858 b,76.13602028,4.87,0.23,1,Transit,Kepler,5653.0,12.568,298.532
TOI-3023 b,3.9014971,16.43236571,0.48198617,1,Transit,Transiting Exoplanet Survey Satellite (TESS),5760.0,12.252,389.916
Kepler-1752 b,56.35850143,4.54060463,,1,Transit,Kepler,5446.0,16.0249,962.888
Kepler-1408 b,2.99793191,0.89,68.91,1,Transit,Kepler,6170.0,12.124,535.048
HIP 54373 b,7.76,2.87,,0,Radial Velocity,Las Campanas Observatory,4021.0,10.38,18.7168
Teegarden's Star b,4.90634,1.05,,0,Radial Velocity,Calar Alto Observatory,3034.0,15.13,3.83078
TOI-1227 b,27.36397,9.57246952,0.75100171,1,Transit,Transiting Exoplanet Survey Satellite (TESS),3072.0,16.999,100.641
CoRoT-7 d,8.966,4.31,,0,Radial Velocity,La Silla Observatory,5250.0,11.728,159.906
TOI-1758 b,20.705074685,3.62,0.337,1,Transit,Transiting Exoplanet Survey Satellite (TESS),5169.0,10.794,96.6215
TOI-2567 b,5.983944,10.92875618,0.3474784,1,Transit,Transiting Exoplanet Survey Satellite (TESS),5611.0,12.3,504.775
Kepler-1410 b,60.866168,1.78,0.12,1,Transit,Kepler,4092.0,16.319,367.0
HD 24085 b,2.0455,3.46,,0,Radial Velocity,Las Campanas Observatory,6034.0,7.57,54.9004
WASP-87 b,1.682795,15.524465,0.67254,1,Transit,Anglo-Australian Telescope,6450.0,10.727,298.392
TOI-163 b,4.231306,16.690201,0.381106,1,Transit,Transiting Exoplanet Survey Satellite (TESS),6495.0,11.467,411.719
K2-315 b,3.1443189,0.95,0.058,1,Transit,K2,3300.0,17.67,56.9686
HD 216520 b,35.45,3.18,,0,Radial Velocity,Multiple Observatories,5103.0,7.53,19.552
TOI-1775 b,10.2405549,8.04728896,0.14337937,1,Transit,Transiting Exoplanet Survey Satellite (TESS),5284.0,11.648,149.234
Kepler-296 c,5.8416366,2.0,0.33,1,Transit,Kepler,3740.0,16.363,167.0
WASP-187 b,5.147878,18.38276,0.56045,1,Transit,SuperWASP,6150.0,10.295,371.414
HD 161178 b,279.3,14.1,,0,Radial Velocity,Okayama Astrophysical Observatory,4786.0,5.88375,107.188
GJ 514 b,140.43,2.13,,0,Radial Velocity,Multiple Observatories,3728.0,9.05,7.61778
HD 77946 b,6.527363,2.89646124,0.1867559,1,Transit,Transiting Exoplanet Survey Satellite (TESS),6007.0,8.99,99.451
TOI-2345 c,21.064302,2.451,0.045,1,Transit,Transiting Exoplanet Survey Satellite (TESS),4687.0,11.483,81.6541
Kepler-876 b,5.14438011,1.43,0.1,1,Transit,Kepler,5060.0,15.647,820.913
Kepler-1894 c,5.05368985,1.21,0.37,1,Transit,Kepler,5772.0,15.452,935.191
HD 233832 b,2058.0,13.5,,0,Radial Velocity,Roque de los Muchachos Observatory,4981.0,10.15,58.742
GJ 687 c,727.562,4.14,,0,Radial Velocity,Multiple Observatories,3413.0,9.15,4.54939
HIP 5763 b,30.014,14.2,,0,Radial Velocity,Cerro Tololo Inter-American Observatory,4352.0,9.82,31.9043
TOI-712 b,9.531361,2.049,0.012,1,Transit,Transiting Exoplanet Survey Satellite (TESS),4622.0,10.838,58.6212
TOI-1782.01,4.987641028,2.368,0.307,1,Transit,Transiting Exoplanet Survey Satellite (TESS),4336.0,12.329,95.2649
TOI-2092 b,4.30325528074,2.94892961,0.31576526,1,Transit,Transiting Exoplanet Survey Satellite (TESS),5842.06,11.295,176.759
Kepler-303 b,1.937055,0.89,0.05,1,Transit,Kepler,3944.0,14.917,209.738
Kepler-271 c,7.41086267,0.95,0.06,1,Transit,Kepler,5555.0,13.578,404.542
KOI-142 b,10.91647,3.438,0.075,1,Transit,Kepler,5466.0,13.209,376.863
Qatar-6 b,3.506195,11.903958,0.795839,1,Transit,Qatar,5052.0,11.496,100.848
GJ 9066 c,771.36,9.6,,0,Radial Velocity,Multiple Observatories,3154.0,12.71,4.471
K2-400 b,3.865053,1.163,0.051,1,Transit,K2,3578.0,15.108,62.3804
TOI-2094 b,18.793193,1.9,0.1,1,Transit,Transiting Exoplanet Survey Satellite (TESS),3435.0,14.409,50.0248
TOI-2714 b,2.499387,13.72,0.7,1,Transit,Transiting Exoplanet Survey Satellite (TESS),5665.0,13.468,597.873
HD 164922 d,12.458,1.83,,0,Radial Velocity,Roque de los Muchachos Observatory,5390.0,7.01227,22.0016
TOI-2382 b,4.6612061,12.25141591,0.85188253,1,Transit,Transiting Exoplanet Survey Satellite (TESS),6033.0,11.814,434.92
Kepler-402 b,4.028751,1.22,0.24,1,Transit,Kepler,6090.0,13.27,625.339
EPIC 201841433 b,4.1698,1.04,0.037,1,Transit,K2,5053.0,14.983,436.488
K2-318 b,7.01,1.66,0.13,1,Transit,K2,3851.0,15.8,147.866
K2-405 b,3.435471,4.569,0.085,1,Transit,K2,4927.0,12.816,197.234
TOI-784 b,2.7970365,1.93,0.11,1,Transit,Transiting Exoplanet Survey Satellite (TESS),5558.0,9.412,64.5997
TOI-1814 b,6.36861010462,5.18536642,0.39910545,1,Transit,Transiting Exoplanet Survey Satellite (TESS),4872.84,11.182,362.522
Kepler-1419 b,42.5215895,2.86,0.66,1,Transit,Kepler,5796.0,15.96,1498.58
EPIC 206215704 b,2.255436,1.0,0.1,1,Transit,K2,3297.0,17.83,109.888
Kepler-848 b,6.91134416,1.7,0.31,1,Transit,Kepler,5695.0,14.194,1378.47
Kepler-819 b,33.1995648,2.76,0.25,1,Transit,Kepler,5279.0,15.402,664.306
TOI-799 b,5.54519139676,2.06631784,0.30545179,1,Transit,Transiting Exoplanet Survey Satellite (TESS),5662.81,11.195,158.526
K2-146 c,4.00498,2.19,0.07,1,Transit,K2,3385.0,16.7,79.3002
K2-324 b,3.262,2.43,0.15,1,Transit,K2,3752.0,15.223,136.667
Kepler-822 b,3.222969273,1.77,0.41,1,Transit,Kepler,5928.0,14.75,860.391
TOI-1181 b,2.103189,17.02644168,0.66132986,1,Transit,Transiting Exoplanet Survey Satellite (TESS),6054.0,10.582,302.819
TOI-808 b,9.73944854026,2.20344362,0.22429531,1,Transit,Transiting Exoplanet Survey Satellite (TESS),5078.2,10.729,98.1848
TOI-815 b,11.197259,2.94,0.05,1,Transit,Transiting Exoplanet Survey Satellite (TESS),4869.0,10.217,59.7117
TOI-2141 b,18.261608,3.147,0.043,1,Transit,Transiting Exoplanet Survey Satellite (TESS),5635.0,9.46,77.682
TOI-2447 b,69.33684,9.60609646,0.13450777,1,Transit,Transiting Exoplanet Survey Satellite (TESS),5730.0,10.507,148.987
TOI-2818 b,4.039709,15.27784069,0.51561311,1,Transit,Transiting Exoplanet Survey Satellite (TESS),5721.0,11.937,312.674
Kepler-1371 c,2.00541269,0.64,0.07,1,Transit,Kepler,5361.0,14.018,515.334
EPIC 212587672 b,15.28078,1.26,0.11,1,Transit,K2,6004.0,12.488,320.07
Kepler-843 b,2.053879821,2.59,0.61,1,Transit,Kepler,5830.0,15.354,1165.66
K2-408 b,20.978959,1.677,0.118,1,Transit,K2,5335.0,12.056,162.306
TOI-1516 b,2.056014,15.24421375,0.33626942,1,Transit,Transiting Exoplanet Survey Satellite (TESS),6520.0,10.858,247.054
TOI-2458 b,3.73659,2.83,0.2,1,Transit,Transiting Exoplanet Survey Satellite (TESS),6005.0,9.202,112.958
Kepler-1423 b,23.955378,1.06,0.09,1,Transit,Kepler,4939.0,14.721,449.0
HATS-57 b,2.350621,12.767051,0.313852,1,Transit,HATSouth,5587.0,12.333,279.485
HATS-56 b,4.324799,18.920792,0.437151,1,Transit,HATSouth,6536.0,11.477,564.409
TOI-763 b,5.6057,2.28,0.11,1,Transit,Transiting Exoplanet Survey Satellite (TESS),5450.0,10.265,95.1274
K2-409 b,1.908084,2.482,0.174,1,Transit,K2,5742.0,12.902,431.031
TOI-1722 b,9.60523206943,4.38298108,0.5929853,1,Transit,Transiting Exoplanet Survey Satellite (TESS),5999.55,10.025,136.419
TOI-1873 b,7.00572708834,2.86356397,0.30160474,1,Transit,Transiting Exoplanet Survey Satellite (TESS),5597.99,11.215,182.014
TOI-2158 b,8.60077,10.76062147,0.13450777,1,Transit,Transiting Exoplanet Survey Satellite (TESS),5673.0,10.887,198.473
Kepler-1888 b,11.39169979,1.32578716,,1,Transit,Kepler,5557.0,12.099,402.947
Kepler-1901 b,3.484129906,1.47418907,,1,Transit,Kepler,5696.0,15.097,1028.37
GJ 433 c,5094.105,6.27,,0,Radial Velocity,Multiple Observatories,3461.0,9.81,9.06456
K2-374 c,16.43445,2.213,0.091,1,Transit,K2,5789.0,12.783,359.439
TOI-1860 b,1.0662107,1.31,0.04,1,Transit,Transiting Exoplanet Survey Satellite (TESS),5752.0,8.4,45.864
TOI-1723 b,13.727012643,3.435,0.244,1,Transit,Transiting Exoplanet Survey Satellite (TESS),5777.0,9.664,100.727
TOI-1937 A b,0.94667944,13.97759893,0.66132986,1,Transit,Transiting Exoplanet Survey Satellite (TESS),5814.0,13.18,415.135
Kepler-292 f,20.834237,2.35,0.22,1,Transit,Kepler,5299.0,16.303,1056.48
Kepler-1395 b,3.78470649,0.8,0.09,1,Transit,Kepler,6138.0,12.632,492.894
Kepler-1905 b,3.42392993,1.4460734,,1,Transit,Kepler,5788.0,15.086,1051.53
Kepler-65 e,258.8,13.9,,0,Radial Velocity,W. M. Keck Observatory,6220.0,10.922,303.728
GJ 682 b,17.478,1.93,,0,Radial Velocity,Multiple Observatories,3028.0,10.94,5.00671
TOI-132 b,2.1097019,3.42,0.13,1,Transit,Transiting Exoplanet Survey Satellite (TESS),5397.0,11.197,163.678
TOI-2000 c,9.127055,8.14,0.31,1,Transit,Transiting Exoplanet Survey Satellite (TESS),5611.0,10.984,175.713
TOI-2000 b,3.09833,2.7,0.15,1,Transit,Transiting Exoplanet Survey Satellite (TESS),5611.0,10.984,175.713
TOI-2194 b,15.337597,1.9892,0.1313,1,Transit,Transiting Exoplanet Survey Satellite (TESS),4756.0,8.42,19.5711
TOI-2498 b,3.738252,6.06,0.29,1,Transit,Transiting Exoplanet Survey Satellite (TESS),5905.0,11.196,275.265
Kepler-102 e,16.1456994,2.17,0.11,1,Transit,Kepler,4909.0,12.072,107.796
HD 2685 b,4.12688,16.14096,0.56045,1,Transit,Transiting Exoplanet Survey Satellite (TESS),6801.0,9.595,196.852
Kepler-95 b,11.5231,3.42,0.09,1,Transit,Kepler,5699.0,12.382,445.656
Wendelstein-2 b,1.7522239,12.9934728,0.2286636,1,Transit,Haleakala Observatory,4591.0,16.186,565.541
K2-384 b,2.231527,1.076,0.232,1,Transit,K2,3623.0,16.12,82.6603
HD 174205 b,582.0,13.0,,0,Radial Velocity,Bohyunsan Optical Astronomical Observatory,4308.0,6.28209,234.027
Kepler-430 c,110.979,1.75,,1,Transit,Kepler,5884.0,13.908,917.477
Kepler-1656 b,31.562,4.574,0.106,1,Transit,Kepler,5569.0,11.64,185.875
Kepler-647 c,29.6663,4.00135002,,1,Transit,Kepler,5906.74,14.067,1087.87
Kepler-210 b,2.453234,2.94,0.21,1,Transit,Kepler,4559.0,14.126,232.75
OGLE-2006-BLG-109L c,4927.5,11.1,,0,Microlensing,OGLE,,,1510.0
Kepler-1963 b,1.962260008,0.74437023,,1,Transit,Kepler,5726.0,14.054,492.847
Kepler-1517 b,5.546083665,9.76,2.79,1,Transit,Kepler,7010.0,12.228,847.299
Kepler-1711 b,21.06080055,1.923,,1,Transit,Kepler,5706.0,13.298,590.268
Kepler-146 b,31.158799,3.71,0.7,1,Transit,Kepler,5948.0,13.921,716.797
Kepler-1468 d,19.59059906,3.33187146,,1,Transit,Kepler,5794.0,15.111,1899.24
Kepler-348 c,17.265427,1.33,0.25,1,Transit,Kepler,6177.0,12.676,570.783
Kepler-1641 c,32.657212,2.95,0.98,1,Transit,Kepler,6152.0,14.49,860.37
Kepler-1641 b,19.672266,3.11,1.13,1,Transit,Kepler,6152.0,14.49,860.37
Kepler-39 b,21.08721,13.9,1.01,1,Transit,Kepler,6350.0,14.355,1057.41
Kepler-174 c,44.000529,1.49,0.09,1,Transit,Kepler,4880.0,14.53,384.757
Kepler-1468 b,8.23984869,1.73,0.41,1,Transit,Kepler,5893.0,15.111,1899.24
Kepler-203 b,3.162697,2.57,0.52,1,Transit,Kepler,5821.0,14.14,703.302
Kepler-152 b,18.207973,2.79,0.17,1,Transit,Kepler,5088.0,14.379,441.09
Kepler-195 c,34.096863,1.55,0.57,1,Transit,Kepler,5329.0,14.863,652.051
Kepler-880 c,11.8061737,2.87,0.58,1,Transit,Kepler,6900.0,11.845,601.324
Kepler-608 b,6.412515037,3.64,0.72,1,Transit,Kepler,5820.0,14.84,946.683
Kepler-1704 b,988.88112,11.94877343,0.49319515,1,Transit,Kepler,5746.0,13.392,835.455
Kepler-561 c,5.350161983,2.68,0.43,1,Transit,Kepler,5646.0,14.427,621.378
OGLE-2018-BLG-0740L b,5480.0,12.9,,0,Microlensing,OGLE,5912.0,18.21,3200.0
TOI-2267 d,2.0344671,1.77,0.43,1,Transit,Transiting Exoplanet Survey Satellite (TESS),3022.0,,22.55
Kepler-1719 b,6.149559975,3.95000623,,1,Transit,Kepler,5687.0,13.478,905.406
Kepler-1254 c,3.60084276,1.3,0.07,1,Transit,Kepler,4985.0,15.541,622.818
Kepler-639 b,10.21420496,2.38,0.55,1,Transit,Kepler,5896.0,13.358,850.242
Kepler-208 d,11.131786,1.2,0.23,1,Transit,Kepler,6092.0,13.561,775.328
Kepler-171 b,4.166972,2.34,1.05,1,Transit,Kepler,5642.0,15.101,863.855
Kepler-1525 b,2.416601183,0.91,0.06,1,Transit,Kepler,5748.0,12.797,382.989
Kepler-1645 b,16.1779561,1.78,0.43,1,Transit,Kepler,5812.0,14.566,1202.47
Kepler-30 d,143.34394,8.8,0.5,1,Transit,Kepler,5498.0,15.726,914.221
PSR B1257+12 d,98.2114,1.8,,0,Pulsar Timing,Arecibo Observatory,,,600.0
Kepler-220 d,28.122397,0.98,0.06,1,Transit,Kepler,4632.0,13.049,171.109
Kepler-1949 b,2.208280087,2.21964541,,1,Transit,Kepler,6028.0,15.231,2617.35
Kepler-695 b,3.040330424,9.21,0.71,1,Transit,Kepler,5181.0,15.262,842.947
Kepler-529 d,35.86619949,2.79502603,,1,Transit,Kepler,6078.0,13.779,799.008
OGLE-2005-BLG-390L b,3285.0,2.21,,0,Microlensing,OGLE,,,6600.0
Kepler-220 b,4.159807,0.81,0.05,1,Transit,Kepler,4632.0,13.049,171.109
Kepler-1993 b,26.6565737,4.15,1.28,1,Transit,Kepler,5159.0,13.451,1031.91
Kepler-154 e,3.93276465,1.5,0.14,1,Transit,Kepler,5769.0,14.646,915.212
MOA-2009-BLG-387L b,1980.0,13.2,,0,Microlensing,MOA,,,5690.0
Kepler-154 c,62.303276,2.95,0.62,1,Transit,Kepler,5690.0,14.646,915.212
Kepler-390 c,13.060022,0.79,0.08,1,Transit,Kepler,5166.0,14.231,435.277
Kepler-967 c,198.7112502,3.65,0.15,1,Transit,Kepler,5178.0,14.702,568.546
Kepler-248 c,16.239494,4.07,0.49,1,Transit,Kepler,5190.0,15.506,738.792
Kepler-648 b,17.4211749,3.22,0.12,1,Transit,Kepler,5741.0,14.027,636.03
Kepler-1814 c,0.626281766,1.76,0.13,1,Transit,Kepler,4922.0,15.814,726.346
Kepler-1588 b,7.84931739,0.76,0.11,1,Transit,Kepler,5817.0,13.94,924.141
Kepler-436 b,64.00205,2.73,0.23,1,Transit,Kepler,4651.0,15.971,588.867
KOI-3503 c,31.828,1.21,0.28,1,Transit,Kepler,6001.0,13.831,887.064
Kepler-1491 c,61.569765,2.44,0.39,1,Transit,Kepler,5626.0,15.796,2065.59
Kepler-158 c,28.551383,1.9,0.3,1,Transit,Kepler,4623.0,14.743,315.177
MOA-2011-BLG-293L b,3000.0,12.9,,0,Microlensing,MOA,,,7720.0
Kepler-968 c,5.709404918,1.69,0.08,1,Transit,Kepler,4598.0,14.626,290.324
Kepler-28 b,5.91,1.959,0.043,1,Transit,Kepler,4499.3,15.13,438.359
Kepler-1533 b,308.5471,3.46,1.49,1,Transit,Kepler,6431.0,13.289,966.801
Kepler-558 b,29.00790538,2.37,0.17,1,Transit,Kepler,5242.0,14.899,661.876
Kepler-177 c,49.40926,8.73,0.36,1,Transit,Kepler,5732.0,15.171,1435.44
Kepler-690 b,7.748094374,5.95,1.83,1,Transit,Kepler,5913.0,15.701,1665.31
Kepler-46 b,33.60134,9.057,0.471,1,Transit,Kepler,5155.0,15.312,777.06
Kepler-188 c,5.996553,3.19,1.45,1,Transit,Kepler,6021.0,14.719,968.544
Kepler-586 b,2.104722184,2.79,0.36,1,Transit,Kepler,5575.0,14.435,693.766
Kepler-245 d,36.277108,3.03,0.21,1,Transit,Kepler,5100.0,15.546,861.527
Kepler-1616 b,6.76284377,1.02,0.47,1,Transit,Kepler,6266.0,13.491,1137.81
Kepler-362 b,10.327186,0.88,0.38,1,Transit,Kepler,5788.0,14.608,1090.51
Kepler-612 b,3.722156413,2.84,0.66,1,Transit,Kepler,5693.0,15.191,1445.53
Kepler-81 c,12.04,2.37,0.37,1,Transit,Kepler,4385.0,15.258,348.291
TOI-5573 b,8.79758977,9.75,0.47,1,Transit,Transiting Exoplanet Survey Satellite (TESS),3790.0,15.508,186.562
Kepler-1144 b,17.14647302,1.99,0.3,1,Transit,Kepler,5753.0,14.943,1140.57
Kepler-172 e,35.118736,2.76,0.56,1,Transit,Kepler,5526.0,14.703,828.592
Kepler-694 b,6.365841612,2.8,0.52,1,Transit,Kepler,5700.0,15.284,1023.06
K2-108 b,4.733999,5.33,0.21,1,Transit,K2,5599.0,12.339,477.295
TOI-201 d,5.84889,1.39,0.07,1,Transit,Transiting Exoplanet Survey Satellite (TESS),6423.0,9.07,113.825
Kepler-373 b,5.535309,1.36,0.67,1,Transit,Kepler,5787.0,14.596,1090.45
Kepler-377 c,27.014976,2.06,0.39,1,Transit,Kepler,5949.0,14.081,823.804
Kepler-444 d,6.189392,0.53,0.022,1,Transit,Kepler,5046.0,8.87,36.4396
Kepler-1649 b,8.689099,1.017,0.051,1,Transit,Kepler,3240.0,17.95,92.1913
Kepler-179 c,6.40013,2.0,0.81,1,Transit,Kepler,5302.0,14.772,605.68
K2-179 b,5.172191,2.51267885,0.16431084,1,Transit,K2,5015.0,12.939,190.81
Kepler-219 d,47.903645,2.81,0.48,1,Transit,Kepler,5786.0,13.823,787.07
Kepler-50 b,7.81254,1.71,0.05,1,Transit,Kepler,6225.0,10.544,250.11
Kepler-1787 b,39.31370163,2.31898181,,1,Transit,Kepler,6060.0,14.564,778.602
Kepler-1542 b,3.95116882,0.76,0.11,1,Transit,Kepler,5564.0,12.734,399.114
Kepler-1444 b,33.42035034,2.18,0.41,1,Transit,Kepler,5810.0,12.363,319.675
Kepler-1997 b,26.7575866,2.28,0.72,1,Transit,Kepler,6215.0,15.454,1502.34
Kepler-241 b,12.718092,2.33,1.03,1,Transit,Kepler,4699.0,15.708,512.0
Kepler-1624 b,3.290314,6.59,0.17,1,Transit,Kepler,3768.0,16.597,258.979
K2-168 b,15.8523,1.86,0.24,1,Transit,K2,5502.7,12.365,243.935
K2-119 b,7.727283,2.53,0.2,1,Transit,K2,4740.0,14.818,365.581
Kepler-730 c,2.85188338,1.56926,0.134508,1,Transit,Kepler,5620.0,15.782,1935.04
TOI-5319 b,4.07853,2.83,0.57,1,Transit,Transiting Exoplanet Survey Satellite (TESS),3580.0,13.947,61.171
HD 80883 b,6383.78352,12.8,,0,Radial Velocity,Multiple Observatories,5177.91,8.6,34.6011
Kepler-1585 b,3.5827463,1.79,0.25,1,Transit,Kepler,5538.0,16.326,944.465
Kepler-1961 b,5.604710102,1.6187808,,1,Transit,Kepler,5401.0,15.809,1042.45
Kepler-1446 b,0.689967832,0.82,0.04,1,Transit,Kepler,4865.0,12.595,152.075
Kepler-342 c,26.234138,1.96,0.35,1,Transit,Kepler,6175.0,13.2,781.611
K2-121 b,5.185738,7.16,0.12,1,Transit,K2,4526.0,13.229,169.398
Kepler-279 e,98.3531,4.13,0.69,1,Transit,Kepler,6689.45,13.647,1037.4
KOI-3680 b,141.241671,11.09691,0.67254,1,Transit,Kepler,5830.0,14.616,921.986
Kepler-1638 b,259.33683,1.87,0.33,1,Transit,Kepler,5710.0,14.769,1525.52
K2-146 b,2.6446,2.05,0.06,1,Transit,K2,3385.0,16.7,79.3002
Kepler-677 b,6.57531678,5.38,1.17,1,Transit,Kepler,5723.0,15.504,1954.08
TOI-5344 b,3.792622,10.60369574,0.23538859,1,Transit,Transiting Exoplanet Survey Satellite (TESS),3747.0,15.402,138.367
Kepler-1811 b,76.42230225,3.84829873,,1,Transit,Kepler,5561.0,15.327,1390.56
Kepler-481 b,10.06082567,2.5,0.37,1,Transit,Kepler,5802.0,14.054,813.724
Kepler-375 c,19.986326,2.65,0.96,1,Transit,Kepler,5826.0,15.643,1238.81
Kepler-113 c,8.92507,2.18,0.06,1,Transit,Kepler,4725.0,13.655,262.351
Kepler-9 b,19.23891,8.29,0.54,1,Transit,Kepler,5774.0,13.922,628.257
Kepler-1590 b,7.61760804,1.14,0.34,1,Transit,Kepler,6053.0,14.186,771.152
Kepler-1514 b,217.83184,12.419572,0.257807,1,Transit,Kepler,6145.0,11.766,397.292
Kepler-175 b,11.903515,2.56,1.28,1,Transit,Kepler,6064.0,15.225,1312.34
K2-83 b,2.74697,1.244,0.098,1,Transit,K2,3910.0,14.522,125.529
Kepler-231 c,19.271566,1.93,0.19,1,Transit,Kepler,3767.0,15.813,316.618
Kepler-1683 b,15.0337,1.87477762,,1,Transit,Kepler,5429.0,14.962,733.143
Kepler-1653 b,140.2524,2.17,0.16,1,Transit,Kepler,4807.0,15.864,755.0
Kepler-150 c,7.381998,3.69,0.59,1,Transit,Kepler,5560.0,15.161,891.092
Kepler-239 b,11.763051,2.33,0.15,1,Transit,Kepler,4914.0,15.252,648.109
Kepler-343 c,23.22182,2.02,0.38,1,Transit,Kepler,5807.0,14.063,927.193
TOI-5380 b,3.77229247873,3.48093238,0.4044094,1,Transit,Transiting Exoplanet Survey Satellite (TESS),6400.78,10.621,286.781
Kepler-1022 b,10.99469878,2.36,0.08,1,Transit,Kepler,4445.0,15.758,420.042
Kepler-354 b,5.47666,1.84,0.58,1,Transit,Kepler,4648.0,15.771,554.064
Kepler-1434 b,8.05333618,1.11,0.21,1,Transit,Kepler,6291.0,12.198,775.529
Kepler-1593 b,174.509835,3.17,0.3,1,Transit,Kepler,4995.0,16.19,638.249
Kepler-1453 b,47.1611696,2.67,0.44,1,Transit,Kepler,5665.0,15.695,1196.04
Kepler-1989 b,10.161023528,4.62,1.37,1,Transit,Kepler,6032.0,14.289,1252.13
K2-122 b,2.2193023,1.16,0.1,1,Transit,K2,4009.0,13.105,72.0444
Kepler-1046 b,14.37508035,1.71,0.12,1,Transit,Kepler,5913.0,13.347,721.534
Kepler-1907 c,14.86390018,1.15547044,,1,Transit,Kepler,5159.0,13.989,292.111
Kepler-1594 b,2.71603809,1.06,0.26,1,Transit,Kepler,5946.0,14.951,976.868
Kepler-80 b,7.05246,2.67,0.1,1,Transit,Kepler,4540.0,15.23,369.451
Kepler-438 b,35.23319,1.12,0.16,1,Transit,Kepler,3748.0,15.104,195.94287175
Kepler-1455 b,49.276764,2.16,0.15,1,Transit,Kepler,4075.0,16.06,357.621
Kepler-1490 b,92.4362973,3.04,0.37,1,Transit,Kepler,5515.0,15.616,862.92
Kepler-700 b,80.8720639,5.99,0.91,1,Transit,Kepler,5692.0,15.202,1491.76
K2-345 b,10.367437,2.11,0.2,1,Transit,K2,3779.0,15.72,162.408
Kepler-1133 b,11.55562343,1.97,0.24,1,Transit,Kepler,5569.0,14.785,753.135
Kepler-1953 b,6.245659828,1.28574667,,1,Transit,Kepler,4858.0,15.936,605.631
Kepler-53 b,18.6489525,2.89,,1,Transit,Kepler,5858.0,15.367,1366.07
Kepler-1518 b,5.11177904,3.05,0.92,1,Transit,Kepler,6846.0,13.374,903.51
Kepler-251 b,4.790936,1.33,0.24,1,Transit,Kepler,5526.0,15.541,924.625
Kepler-370 c,19.02293,1.91,0.89,1,Transit,Kepler,5852.0,15.467,1167.94
Kepler-1161 b,10.71252541,2.13,0.5,1,Transit,Kepler,4253.0,16.163,547.726
Kepler-1184 b,53.5991044,2.68,0.6,1,Transit,Kepler,5983.0,14.99,1157.84
Kepler-1181 c,8.93484887,1.83,0.64,1,Transit,Kepler,6688.0,13.549,938.417
Kepler-1599 b,122.363553,1.62,0.33,1,Transit,Kepler,5767.0,14.97,1328.2
Kepler-442 b,112.3053,1.34,0.11,1,Transit,Kepler,4402.0,15.322,365.965
Kepler-1185 b,104.3518976,1.33,0.08,1,Transit,Kepler,5622.0,12.63,459.273
K2-181 b,6.8941,2.69,0.21,1,Transit,K2,5528.0,12.669,360.911
Kepler-31 d,87.6451,3.9,0.8,1,Transit,Kepler,6340.0,15.496,1664.64
Kepler-1070 b,6.2216147,1.73,0.81,1,Transit,Kepler,6261.0,14.133,939.001
Kepler-1162 b,32.5637069,2.21,0.5,1,Transit,Kepler,5390.0,15.749,940.211
Kepler-1560 b,3.03195744,0.89,0.18,1,Transit,Kepler,5815.0,13.505,502.497
Kepler-1702 b,18.5012,1.60190793,,1,Transit,Kepler,5093.0,16.231,857.14
Kepler-1621 b,92.263714,2.16,0.8,1,Transit,Kepler,6158.0,15.151,1631.66
Kepler-240 c,7.953528,2.2,0.89,1,Transit,Kepler,4985.0,15.953,746.927
Kepler-1972 c,11.3295,0.868,0.051,1,Transit,Kepler,5818.0,11.23,287.339
K2-278 b,3.334966,2.98,0.23,1,Transit,K2,6747.0,13.446,786.439
Kepler-42 d,1.865169,0.57,0.18,1,Transit,Kepler,3068.0,16.7,40.0595
Kepler-1050 b,15.3787546,1.6,0.48,1,Transit,Kepler,6010.0,13.198,490.488
Kepler-1001 b,14.30511983,3.15,0.34,1,Transit,Kepler,5491.0,15.582,928.978
Kepler-478 b,13.2217576,2.71,0.09,1,Transit,Kepler,5210.0,14.156,420.0
Kepler-1164 b,3.97599768,1.12,0.04,1,Transit,Kepler,5183.0,14.321,431.622
Kepler-692 b,21.81293494,3.11,0.37,1,Transit,Kepler,5440.0,15.676,991.336
Kepler-1464 c,5.32786292,1.0,0.22,1,Transit,Kepler,5828.0,14.358,1151.73
K2-268 c,9.327527,2.69,0.77,1,Transit,K2,5106.0,13.848,327.783
Kepler-594 b,13.64618192,2.18,0.22,1,Transit,Kepler,5485.0,14.906,769.2
Kepler-23 c,10.74,3.005,0.074,1,Transit,Kepler,5828.0,13.567,835.756
Kepler-150 b,3.428054,1.25,0.19,1,Transit,Kepler,5560.0,15.161,891.092
Kepler-199 b,23.637604,3.11,0.56,1,Transit,Kepler,5644.0,13.796,521.054
Kepler-1499 b,44.2008,1.19,0.25,1,Transit,Kepler,5097.0,13.676,309.869
Kepler-1498 b,48.051405,1.33,0.11,1,Transit,Kepler,5256.0,15.352,740.0
Kepler-611 b,2.437033302,1.65,0.51,1,Transit,Kepler,5761.0,14.734,1395.56
TOI-5502 b,11.62592988285,4.1287378,0.39975161,1,Transit,Transiting Exoplanet Survey Satellite (TESS),6088.71,10.881,248.654
Kepler-1141 b,2.344511944,0.82,0.12,1,Transit,Kepler,5791.0,12.403,393.642
Kepler-1073 b,8.67888593,2.3,0.49,1,Transit,Kepler,5792.0,14.749,809.897
Kepler-1170 b,9.98969327,2.41,0.19,1,Transit,Kepler,5069.0,16.204,1050.45
Kepler-157 d,7.02573474,1.46,0.16,1,Transit,Kepler,5866.0,14.206,773.713
Kepler-549 c,117.040498,2.93,0.25,1,Transit,Kepler,5360.0,14.805,635.145
Kepler-688 b,3.895936844,9.76,1.76,1,Transit,Kepler,5715.0,15.805,1357.75
Kepler-632 b,30.99660733,2.21,0.33,1,Transit,Kepler,5322.0,13.442,349.0
Kepler-1502 b,41.7083629,3.18,1.12,1,Transit,Kepler,6666.0,14.18,1514.02
Kepler-253 b,3.783986,1.63,0.67,1,Transit,Kepler,5208.0,15.778,838.595
Kepler-1119 b,8.3265153,1.92,0.63,1,Transit,Kepler,6083.0,15.296,1757.23
Kepler-543 b,13.89961966,2.5,0.12,1,Transit,Kepler,4671.0,13.598,221.802
Kepler-693 b,15.37563332,10.18,0.5,1,Transit,Kepler,4881.0,16.7286,1151.51
Kepler-1710 b,14.91110039,3.19744103,,1,Transit,Kepler,5650.0,12.695,305.193
Kepler-1928 b,19.57783,1.992,0.133,1,Transit,Kepler,5720.0,12.679,326.362
Kepler-1999 b,8.7396758,3.29,0.26,1,Transit,Kepler,4406.0,16.433,701.255
KOI-7368 b,6.8430344,2.22,0.12,1,Transit,Kepler,5241.0,12.969,264.995
K2-198 b,17.0428683,4.189,0.228,1,Transit,K2,5212.9,10.971,110.567
Kepler-227 c,54.418694,3.04,1.53,1,Transit,Kepler,5854.0,15.623,1083.06
Kepler-26 d,3.543919,1.07,0.06,1,Transit,Kepler,4486.0,15.853,335.307
KELT-17 b,3.0801716,17.093725,0.728585,1,Transit,KELT,7454.0,9.234,226.5
IC 4651 9122 b,734.0,12.7,,0,Radial Velocity,La Silla Observatory,4740.1,10.909,859.324
GJ 229 b,579.47495,3.97,,0,Radial Velocity,Multiple Observatories,3564.0,8.15,5.75624
GJ 180 c,24.329,2.41,,0,Radial Velocity,Multiple Observatories,3371.0,10.914,11.9407
HD 68988 c,16000.0,12.2,,0,Radial Velocity,Multiple Observatories,5883.41,8.2,60.8447
KIC 5479689 b,1.701531,14.2,,0,Orbital Brightness Modulation,Kepler,5459.1,13.929,454.95
HD 93385 b,7.3426,1.88,,0,Radial Velocity,La Silla Observatory,5977.0,7.49,43.3475
Kepler-294 c,6.6264,2.71,1.27,1,Transit,Kepler,5913.0,15.948,1357.01
TOI-4311 c,15.070425,2.47,0.12,1,Transit,Transiting Exoplanet Survey Satellite (TESS),5063.0,11.388,134.988
WASP-118 b,4.0460435,16.14096,0.403524,1,Transit,SuperWASP,6410.0,11.009,376.658
TAP 26 b,10.79,13.5,,0,Radial Velocity,Multiple Facilities,4620.0,12.5,121.402
HD 92788 c,11611.2975,13.0,,0,Radial Velocity,La Silla Observatory,5744.0,7.31637,34.6538
GJ 422 b,20.129,3.33,,0,Radial Velocity,Multiple Observatories,3323.0,11.66,12.6631
GJ 414 A c,749.83,8.4,3.6,0,Radial Velocity,W. M. Keck Observatory,4120.0,8.31,11.8893
TOI-3593 b,3.8212867,11.02963701,0.31385146,1,Transit,Transiting Exoplanet Survey Satellite (TESS),5550.0,12.201,226.63
WASP-195 b,5.051928,10.31226224,0.56044903,1,Transit,SuperWASP,6300.0,11.947,484.852
TOI-4529 b,5.879577,1.77,0.09,1,Transit,Transiting Exoplanet Survey Satellite (TESS),3697.0,12.214,28.384
HD 27631 b,2198.14,13.5,,0,Radial Velocity,La Silla Observatory,5737.0,8.26,50.2862
Wolf 503 b,6.00127,2.043,0.069,1,Transit,K2,4716.0,10.27,44.526
WASP-183 b,4.1117771,16.47723,10.53646,1,Transit,SuperWASP,5313.0,13.081,325.377
Kepler-1747 b,6.230319977,4.26508,,1,Transit,Kepler,5477.0,16.1966,1321.38
Kepler-906 b,41.6979976,2.11,0.1,1,Transit,Kepler,6035.0,14.019,757.791
TOI-4551 b,9.95581,11.85910158,1.23298788,1,Transit,Transiting Exoplanet Survey Satellite (TESS),4896.0,9.973,215.986
HD 98649 b,5384.0,12.5,,0,Radial Velocity,La Silla Observatory,5759.0,8.0,42.1727
Kepler-780 b,0.677375164,0.89,0.09,1,Transit,Kepler,5769.0,13.464,557.652
NGTS-16 b,4.84532,14.57167491,1.45716749,1,Transit,Next-Generation Transit Survey (NGTS),5550.0,14.529,898.168
TOI-1634 b,0.98934551,1.759,0.058,1,Transit,Transiting Exoplanet Survey Satellite (TESS),3550.0,13.217,35.2736
Kepler-275 b,10.300682,2.34,0.45,1,Transit,Kepler,6165.0,15.289,2034.25
Kepler-121 c,41.008011,2.27,1.25,1,Transit,Kepler,5311.0,14.904,510.523
TOI-4342 c,10.688662,2.349,0.094,1,Transit,Transiting Exoplanet Survey Satellite (TESS),3866.0,12.669,61.5204
Kepler-168 b,4.425391,1.46,0.66,1,Transit,Kepler,6282.0,14.842,1343.6
Kepler-471 b,5.014234575,14.96,5.42,1,Transit,Kepler,6733.0,13.767,1249.41
HD 42012 b,857.5,13.5,,0,Radial Velocity,Haute-Provence Observatory,5405.0,8.44,36.7984
Qatar-10 b,1.645321,17.295487,0.44836,1,Transit,Qatar,6124.0,12.868,559.068
GJ 720 A b,19.466,3.77,,0,Radial Velocity,Roque de los Muchachos Observatory,3837.0,9.84,15.5575
HD 137496 b,1.62116,1.31,0.06,1,Transit,K2,5799.0,9.899,155.317
K2-389 b,8.58289,2.33,0.12,1,Transit,K2,5773.0,11.827,259.208
Kepler-17 b,1.4857108,14.68,0.22,1,Transit,Kepler,5781.0,14.314,720.753
Kepler-176 b,5.433074,1.43,0.73,1,Transit,Kepler,5232.0,14.767,527.321
NN Ser d,2880.0,13.3,,0,Eclipse Timing Variations,Multiple Observatories,57000.0,16.943,515.818
HD 214823 b,1854.84424,12.1,,0,Radial Velocity,Haute-Provence Observatory,6215.0,8.06,101.368
Kepler-761 b,10.12804789,2.03,0.25,1,Transit,Kepler,5706.0,14.993,830.707
TOI-216.01,34.525528,10.1,0.2,1,Transit,Transiting Exoplanet Survey Satellite (TESS),5026.0,12.324,177.945
TOI-1259 A b,3.4779792,11.6,0.2,1,Transit,Transiting Exoplanet Survey Satellite (TESS),4775.0,12.079,118.106
Kepler-107 e,14.749143,2.903,0.035,1,Transit,Kepler,5854.0,12.543,525.997
Kepler-450 c,15.413135,2.62,0.14,1,Transit,Kepler,6197.21,11.991,455.982
TOI-4578 b,8.62392630369,2.26974262,0.28541935,1,Transit,Transiting Exoplanet Survey Satellite (TESS),5951.32,11.362,182.249
HD 1605 b,577.2,13.8,,0,Radial Velocity,Multiple Observatories,4915.0,7.52,88.8047
HD 210193 b,649.918,14.3,,0,Radial Velocity,Las Campanas Observatory,5790.0,7.83,42.2029
HD 108236 c,6.203449,2.071,0.052,1,Transit,Transiting Exoplanet Survey Satellite (TESS),5660.0,9.25,64.5978
K2-392 b,15.398723,1.85,0.161,1,Transit,K2,5726.0,12.922,406.985
TOI-4145 A b,4.0664428,13.30506009,0.35868738,1,Transit,Transiting Exoplanet Survey Satellite (TESS),5281.0,12.084,205.387
TOI-4379 b,3.25352,16.69017226,0.88550948,1,Transit,Transiting Exoplanet Survey Satellite (TESS),6020.0,12.661,645.158
Kepler-1663 b,17.6046,3.30395896,,1,Transit,Kepler,3844.0,16.069,337.926
Kepler-273 c,8.014927,1.98,1.15,1,Transit,Kepler,5626.0,15.1,713.964
GJ 3138 c,5.974,1.88,,0,Radial Velocity,La Silla Observatory,3717.0,10.8275,28.4712
K2-291 b,2.225177,1.589,0.095,1,Transit,K2,5520.0,10.014,90.0562
HD 39855 b,3.2498,2.85,,0,Radial Velocity,Las Campanas Observatory,5576.0,7.51,23.2599
HIP 90988 b,455.73816,13.4,,0,Radial Velocity,Multiple Observatories,4883.0,7.75,94.0349
TOI-558 b,14.574071,12.17295304,0.45956821,1,Transit,Transiting Exoplanet Survey Satellite (TESS),6466.0,11.233,402.63
GPX-1 b,1.744579,16.47720163,1.12089807,1,Transit,Acton Sky Portal Observatory,7000.0,12.316,655.013
TOI-3819 b,3.2443141,13.13692538,0.40352331,1,Transit,Transiting Exoplanet Survey Satellite (TESS),5859.0,12.542,558.141
Kepler-181 b,3.137873,1.27,0.62,1,Transit,Kepler,5333.0,14.854,609.283
K2-38 c,10.56103,2.29,0.26,1,Transit,K2,5731.0,11.344,192.69
HD 224538 b,1202.05199,12.7,,0,Radial Velocity,Multiple Observatories,6097.0,8.06,79.0608
GJ 273 b,18.6498,1.51,,0,Radial Velocity,La Silla Observatory,3382.0,9.84,5.921535
K2-292 b,16.9841,2.63,0.11,1,Transit,K2,5725.0,9.885,114.293
GJ 4276 b,13.352,4.22,,0,Radial Velocity,Calar Alto Observatory,3387.0,12.903,21.3362
HD 102843 b,3090.942,13.1,,0,Radial Velocity,Las Campanas Observatory,5436.0,9.26,62.758
Kepler-271 b,10.43547805,1.23,0.08,1,Transit,Kepler,5555.0,13.578,404.542
CFHTWIR-Oph 98 b,8040000.0,20.8487041,0.56044903,0,Imaging,Hubble Space Telescope,2320.0,,
TOI-1431 b,2.650237,16.70138124,0.56044903,1,Transit,Transiting Exoplanet Survey Satellite (TESS),7690.0,8.03,148.925
K2-395 c,8.491282,3.395,0.28,1,Transit,K2,5007.0,15.131,286.727
TOI-4406 b,30.08364,11.2089807,0.22417961,1,Transit,Transiting Exoplanet Survey Satellite (TESS),6219.0,10.937,261.834
Kepler-149 d,160.018032,3.96,0.68,1,Transit,Kepler,5381.0,14.152,571.034
TOI-4405 b,5.92143995316,2.55505441,0.27294816,1,Transit,Transiting Exoplanet Survey Satellite (TESS),4467.38,13.476,155.501
TOI-5027 b,10.24368,10.76062147,0.56044903,1,Transit,Transiting Exoplanet Survey Satellite (TESS),5909.0,11.566,204.429
GJ 273 c,4.7234,1.06,,0,Radial Velocity,La Silla Observatory,3382.0,9.84,5.921535
HD 20781 d,29.158,3.25,,0,Radial Velocity,La Silla Observatory,5256.0,8.48,35.9715
HD 110113 b,2.541,2.05,0.12,1,Transit,Transiting Exoplanet Survey Satellite (TESS),5732.0,10.09,106.307
HAT-P-63 b,3.377728,12.5428494,0.36989636,1,Transit,HATNet,5400.0,13.657,403.458
K2-398 b,6.393025,2.274,0.113,1,Transit,K2,5946.0,13.287,606.992
TOI-3862 b,1.55745774,5.53,0.18,1,Transit,Transiting Exoplanet Survey Satellite (TESS),5300.0,12.351,249.02
Kepler-284 c,37.514456,2.61,1.18,1,Transit,Kepler,5615.0,15.944,1031.95
TOI-4662 b,4.70343764575,2.87998299,0.4769111,1,Transit,Transiting Exoplanet Survey Satellite (TESS),4520.41,12.437,111.047
NGC 2682 YBP 401 b,4.087,14.3,,0,Radial Velocity,La Silla Observatory,6165.0,13.699,830.822
WASP-142 b,2.052868,17.14977,0.89672,1,Transit,SuperWASP-South,6010.0,12.871,730.933
WASP-171 b,3.8186244,10.98482,0.78463,1,Transit,WASP-South,5965.0,12.612,757.84
TOI-1789 b,3.208664,16.14093221,2.69015537,1,Transit,Transiting Exoplanet Survey Satellite (TESS),5991.0,9.721,229.067
HD 35843 c,46.9622,2.54,0.08,1,Transit,Transiting Exoplanet Survey Satellite (TESS),5666.0,9.36,69.6026
TOI-4666 b,2.9089165,12.53164042,0.39231432,1,Transit,Transiting Exoplanet Survey Satellite (TESS),3793.0,15.333,154.749
BD+20 594 b,41.6855,2.57807,0.11209,1,Transit,K2,5766.0,10.849,179.461
Kepler-19 d,62.95,5.06,,0,Radial Velocity,Roque de los Muchachos Observatory,5544.0,12.035,218.562
GJ 143 b,35.61253,2.61,0.17,1,Transit,Transiting Exoplanet Survey Satellite (TESS),4640.0,8.08,16.32
WASP-182 b,3.3769848,9.52765,0.33627,1,Transit,WASP-South,5638.0,11.98,327.602
HD 107148 c,18.3267,4.7,,0,Radial Velocity,Multiple Observatories,5752.92,8.01,49.4156
Kepler-833 b,18.7546998,2.02,0.12,1,Transit,Kepler,4339.0,15.755,467.37
Kepler-94 b,2.50806,3.51,0.15,1,Transit,Kepler,4781.0,13.071,191.904
TOI-4463 A b,2.8807198,13.26022417,0.71737476,1,Transit,Transiting Exoplanet Survey Satellite (TESS),5640.0,11.036,173.117
HATS-9 b,1.915291,13.85,0.35,1,Transit,HATSouth,5599.0,13.256,638.7
TYC 0434-04538-1 b,193.2,12.7,,0,Radial Velocity,Multiple Observatories,4679.0,10.247,613.422
Kepler-839 b,37.8144514,2.57,0.41,1,Transit,Kepler,6058.0,13.693,944.561
HD 27969 b,654.5,12.9,,0,Radial Velocity,Haute-Provence Observatory,5966.0,7.66,67.9328
TOI-3912 b,3.4936264,14.28024141,0.45956821,1,Transit,Transiting Exoplanet Survey Satellite (TESS),5725.0,12.507,465.992
Kepler-294 b,3.701212,1.77,0.83,1,Transit,Kepler,5913.0,15.948,1357.01
TOI-4487 A b,3.9540709,14.60530185,0.77341967,1,Transit,Transiting Exoplanet Survey Satellite (TESS),6206.0,12.109,479.145
K2-251 b,9.30075,2.35,0.26,1,Transit,K2,3717.0,15.66,147.03
GJ 3512 b,203.109,14.3,,0,Radial Velocity,Calar Alto Observatory,3141.0,15.18,9.48637
HD 145675 c,15732.45889,12.6,,0,Radial Velocity,Multiple Observatories,5338.0,6.61935,17.9323
HD 95544 b,2041.54152,12.8,,0,Radial Velocity,Haute-Provence Observatory,5722.0,8.39,87.8049
Kepler-309 b,5.923653,1.56,0.14,1,Transit,Kepler,4713.0,15.418,544.568
Qatar-7 b,2.032046,19.0553,0.33627,1,Transit,Qatar,6387.0,13.134,705.981
Kepler-270 b,11.476094,2.01,0.4,1,Transit,Kepler,6067.0,13.9,948.781
TOI-628 b,3.4095675,11.88154,0.459569,1,Transit,Transiting Exoplanet Survey Satellite (TESS),6250.0,10.112,178.68
HD 168009 b,15.1479,3.05,,0,Radial Velocity,Multiple Observatories,5778.33,6.295,23.3032
HD 164922 e,41.763,3.23,,0,Radial Velocity,Multiple Observatories,5393.43,7.01227,22.0016
HD 115954 b,3700.0,12.6,,0,Radial Velocity,Haute-Provence Observatory,5957.0,8.34,87.6437
TOI-1278 b,14.47567,12.21778896,2.69015537,1,Transit,Transiting Exoplanet Survey Satellite (TESS),3799.0,13.502,75.5759
LHS 1678 b,0.8602325,0.685,0.037,1,Transit,Transiting Exoplanet Survey Satellite (TESS),3490.0,12.6,19.8782
TOI-3980 b,3.6089254,14.4595851,2.24179614,1,Transit,Transiting Exoplanet Survey Satellite (TESS),5840.0,12.549,486.721
Kepler-903 b,10.3507721,2.01,0.35,1,Transit,Kepler,5682.0,14.856,1369.24
Kepler-84 c,12.883,2.36,0.11,1,Transit,Kepler,6039.0,14.92,1023.9
TOI-4507 b,104.61611,8.2,0.1,1,Transit,Transiting Exoplanet Survey Satellite (TESS),6260.0,10.806,178.26
TOI-5160 b,4.280773256,2.39729851,0.28717359,1,Transit,Transiting Exoplanet Survey Satellite (TESS),5622.14,10.847,151.465
EPIC 211822797 b,21.1701963,1.92,0.12,1,Transit,K2,4057.0,15.133,186.197
K2-254 c,12.11839,2.19,0.24,1,Transit,K2,4629.0,14.238,227.775
GJ 160.2 b,5.2354,3.17,,0,Radial Velocity,Multiple Observatories,4347.0,9.7,25.8557
HD 39194 d,33.874,2.12,,0,Radial Velocity,La Silla Observatory,5205.0,8.09,26.4131
Kepler-304 b,3.295709,2.86,0.21,1,Transit,Kepler,4731.0,15.065,434.684
Kepler-1756 b,2.355750084,1.47199944,,1,Transit,Kepler,4915.0,15.736,
EPIC 206317286 c,17.515472,2.094,0.176,1,Transit,K2,4752.0,14.005,314.35
Kepler-195 b,8.307872,2.03,0.74,1,Transit,Kepler,5329.0,14.863,652.051
K2-28 b,2.260455,2.32,0.24,1,Transit,K2,3214.0,16.526,62.9969
Kepler-1724 b,6.45442009,2.83677238,,1,Transit,Kepler,6092.0,14.961,1060.77
HAT-P-7 b,2.20474,16.92559,2.35389,1,Transit,HATNet,6389.0,10.481,341.079
Kepler-551 b,12.3764661,2.73,0.25,1,Transit,Kepler,4286.0,15.278,311.175
K2-44 b,5.657,2.433,0.089,1,Transit,K2,5912.0,12.27,476.703
K2-27 b,6.771347,4.74,0.13,1,Transit,K2,5246.0,12.689,249.645
K2-378 b,2.060438,2.88,0.27,1,Transit,K2,4823.0,16.029,687.973
K2-42 b,6.68796,2.15,0.24,1,Transit,K2,4613.0,15.006,396.913
K2-193 b,14.786889,3.95,0.12,1,Transit,K2,5817.0,13.341,411.923
Kepler-452 b,384.843,1.63,0.23,1,Transit,Kepler,5757.0,13.54,551.727
Kepler-220 c,9.034199,1.57,0.09,1,Transit,Kepler,4632.0,13.049,171.109
Kepler-228 d,11.094286,4.04,1.85,1,Transit,Kepler,6043.0,15.902,1644.61
Kepler-565 b,4.243747226,3.64,0.51,1,Transit,Kepler,5735.0,15.231,1041.0
K2-35 b,2.399964,1.32,0.08,1,Transit,K2,4402.71,14.166,252.596
Kepler-1720 b,12.70639992,3.21585295,,1,Transit,Kepler,5573.0,14.822,629.445
K2-368 b,5.025598,1.332,0.107,1,Transit,K2,4663.0,13.581,206.608
